<?xml version="1.0" encoding="UTF-8"?>
<sml:SensorML xmlns:sml="http://www.opengis.net/sensorML/1.0" xmlns:swe="http://www.opengis.net/swe/1.0" xmlns:gml="http://www.opengis.net/gml" xmlns:xlink="http://www.w3.org/1999/xlink" xmlns:xsi="http://www.w3.org/2001/XMLSchema-instance"
    xsi:schemaLocation="http://www.opengis.net/sensorML/1.0 ../base/sensorML.xsd" version="1.0">
    <sml:member>
	    <sml:ProcessModel gml:id="ECEFtoECI_PROCESS">
	        <sml:inputs>
	            <sml:InputList>
	                <sml:input name="julianTime">
	                    <swe:Time definition="urn:ogc:def:phenomenon:ogc:1.0.3:time" referenceTime="1970-01-01T00:00:00Z">
	                    	<swe:uom code="s"/>
                    	</swe:Time>
	                </sml:input>
	                <sml:input name="ECEF_location">
	                    <swe:Vector definition="urn:ogc:def:data:locationVector" referenceFrame="urn:ogc:def:crs:ecef_wgs84">
	                        <swe:coordinate name="x">
	                            <swe:Quantity definition="urn:ogc:def:phenomenon:distance">
	                            	<swe:uom code="m"/>
                            	</swe:Quantity>
	                        </swe:coordinate>
	                        <swe:coordinate name="y">
	                            <swe:Quantity definition="urn:ogc:def:phenomenon:distance">
	                            	<swe:uom code="m"/>
                            	</swe:Quantity>
	                        </swe:coordinate>
	                        <swe:coordinate name="z">
	                            <swe:Quantity definition="urn:ogc:def:phenomenon:distance">
	                            	<swe:uom code="m"/>
                            	</swe:Quantity>
	                        </swe:coordinate>
	                    </swe:Vector>
	                </sml:input>
	            </sml:InputList>
	        </sml:inputs> 
	        <sml:outputs>
	            <sml:OutputList>
	                <sml:output name="ECI_location">
	                    <swe:Vector definition="urn:ogc:def:data:locationVector" referenceFrame="urn:ogc:def:crs:eci_wgs84">
	                        <swe:coordinate name="x">
	                            <swe:Quantity definition="urn:ogc:def:phenomenon:distance">
	                            	<swe:uom code="m"/>
                            	</swe:Quantity>
	                        </swe:coordinate>
	                        <swe:coordinate name="y">
	                            <swe:Quantity definition="urn:ogc:def:phenomenon:distance">
	                            	<swe:uom code="m"/>
                            	</swe:Quantity>
	                        </swe:coordinate>
	                        <swe:coordinate name="z">
	                            <swe:Quantity definition="urn:ogc:def:phenomenon:distance">
	                            	<swe:uom code="m"/>
                            	</swe:Quantity>
	                        </swe:coordinate>
	                    </swe:Vector>
	                </sml:output>
	            </sml:OutputList>
	        </sml:outputs>
	        <sml:method xlink:href="urn:ogc:def:process:ECEFtoECI:1.0"/>
	    </sml:ProcessModel>
    </sml:member>
</sml:SensorML>