<?xml version="1.0" encoding="UTF-8"?>
<sml:ProcessMethod xmlns:sml="http://www.opengis.net/sensorML/1.0" xmlns:swe="http://www.opengis.net/swe/1.0" xmlns:gml="http://www.opengis.net/gml" xmlns:xsi="http://www.w3.org/2001/XMLSchema-instance" xmlns:xlink="http://www.w3.org/1999/xlink" xsi:schemaLocation="http://www.opengis.net/sensorML ../base/process.xsd">
	<!-- Description -->
	<gml:description>Method defining the Wind Chill Temperature calculation process</gml:description>
	<!-- Contact -->
	<sml:contact xlink:role="author">
		<sml:ResponsibleParty>
			<sml:individualName>Alexandre Robin</sml:individualName>
			<sml:organizationName>University of Alabama in Huntsville</sml:organizationName>
			<sml:positionName>Research Scientist</sml:positionName>
			<sml:contactInfo>
				<sml:phone>
					<sml:voice>(256)-961-7978</sml:voice>
				</sml:phone>
				<sml:address>
					<sml:electronicMailAddress>robin@nsstc.uah.edu</sml:electronicMailAddress>
				</sml:address>
			</sml:contactInfo>
		</sml:ResponsibleParty>
	</sml:contact>
	<!-- Documentation -->
	<sml:documentation xlink:role="formula">
		<sml:Document>
			<gml:description>NWS document giving wind chill temperature formula	</gml:description>
			<sml:onlineResource xlink:href="http://www.wrh.noaa.gov/slc/projects/wxcalc/windChill.pdf"/>
		</sml:Document>
	</sml:documentation>
	<!-- Rules Set -->
	<sml:rules>
		<sml:RulesDefinition>
			<gml:description>1 input must be "ambiant_temperature" in degF. 1 input must be "wind_speed" in mph. 1 output must be "windchill_temperature" in degF. No parameters
			</gml:description>
			<sml:schematron xlink:href="http://vast.uah.edu/SensorML/process/sch/WindChill_Interface.sch"/>
		</sml:RulesDefinition>
	</sml:rules>
	<!-- Algorithm -->
	<sml:algorithm>
		<sml:AlgorithmDefinition>
			<gml:description>Apply following formula: Tc = 35.74 + 0.6215*T - 35.75*V^0.16 + 0.4275*T*V^0.16</gml:description>
			<sml:mathML xlink:href="http://vast.uah.edu/SensorML/process/math/WindChill_Algorithm.xml"/>
		</sml:AlgorithmDefinition>
	</sml:algorithm>
	<!-- Implementations -->
	<sml:implementation>
		<sml:ImplementationCode language="java" framework="uah-dpf" version="1.0">
			<sml:sourceRef xlink:href="http://vast.uah.edu/SensorML/process/src/WindChill_Process.java"/>
			<sml:binaryRef xlink:href="http://vast.uah.edu/SensorML/process/bin/WindChill_Process.class"/>
		</sml:ImplementationCode>
	</sml:implementation>
</sml:ProcessMethod>
