<dataStore>
    <id>gsmlga_GeologicEvent_datastore</id>
    <name>gsmlga_GeologicEvent</name>
    <enabled>true</enabled>
    <workspace>
        <id>gsmlga_workspace</id>
    </workspace>
    <connectionParameters>
        <entry key="namespace">http://xmlns.geosciml.org/GeologicAge/3.0</entry>
        <entry key="url">file:workspaces/gsmlga/gsmlga_GeologicEvent/gsmlga_GeologicEvent.xml</entry>
        <entry key="dbtype">app-schema</entry>
    </connectionParameters>
</dataStore>
