<?xml version="1.0"?>
<SensorML xmlns="http://www.opengis.net/sensorML/1.0" xmlns:xsi="http://www.w3.org/2001/XMLSchema-instance" xmlns:swe="http://www.opengis.net/swe/1.0" xmlns:gml="http://www.opengis.net/gml" xmlns:xlink="http://www.w3.org/1999/xlink" xsi:schemaLocation="http://www.opengis.net/sensorML/1.0 ../../base/sensorML.xsd" version="1.0">
	<member xlink:role="urn:x-ogc:def:sensor:OGC:sensorSystem">
		<System gml:id="Davis_Simple_Station">
			<gml:description>
				An instance of a Davis weather station on the UAH campus
			</gml:description>
			<gml:name>Weather Station UAH:0023</gml:name>
			<identification>
				<IdentifierList>
					<identifier name="longName">
						<Term definition="urn:x-ogc:def:identifier:longName">
							<value>Davis Weather Monitor II Station</value>
						</Term>
					</identifier>
					<identifier name="shortName">
						<Term definition="urn:x-ogc:def:identifier:shortName">
							<value>Davis Weather Station</value>
						</Term>
					</identifier>
					<identifier name="modelNumber">
						<Term definition="urn:x-ogc:def:identifier:modelNumber">
							<value>7440</value>
						</Term>
					</identifier>
					<identifier name="manufacturer">
						<Term definition="urn:xogc:def:identifier:manufacturer">
							<value>Davis Instruments</value>
						</Term>
					</identifier>
				</IdentifierList>
			</identification>
			<classification>
				<ClassifierList>
					<classifier name="intendedApplication">
						<Term definition="urn:x-ogc:def:sensor:application">
							<value>weather</value>
						</Term>
					</classifier>
					<classifier name="thermometerType">
						<Term definition="urn:x-ogc:def:sensor:sensorType">
							<value>thermometer</value>
						</Term>
					</classifier>
					<classifier name="barometerType">
						<Term definition="urn:x-ogc:def:sensor:sensorType">
							<value>barometer</value>
						</Term>
					</classifier>
					<classifier name="anemometerType">
						<Term definition="urn:x-ogc:def:sensor:sensorType">
							<value>anemometer</value>
						</Term>
					</classifier>
					<classifier name="rainGaugeType">
						<Term definition="urn:x-ogc:def:sensor:sensorType">
							<value>rain gauge</value>
						</Term>
					</classifier>
				</ClassifierList>
			</classification>
			<validTime>
				<gml:TimePeriod gml:id="ValidTime">
					<gml:beginPosition>2005-10-20T20:00:00Z</gml:beginPosition>
					<gml:endPosition indeterminatePosition="now"/>
				</gml:TimePeriod>
			</validTime>
			<securityConstraint>
				<Security xmlns:ns1="urn:us:gov:ic:ism:v2" ns1:classification="U"/>
			</securityConstraint>
			<legalConstraint>
				<Rights>
					<documentation xlink:role="urn:x-ogc:def:role:liabilities">
						<Document>
							<gml:description>
								The author of this document is not responsible for
								the accuracy of the information, nor for anything
								whatsoever
							</gml:description>
							<onlineResource xlink:href="http://www.bobbyRayLaw.com/notMe.html"/>
						</Document>
					</documentation>
				</Rights>
			</legalConstraint>
			<contact xlink:href="./DavisInstruments" xlink:role="urn:x-ogc:role:manufacturer"/>
			<history>
				<EventList>
					<member name="deployment" xlink:role="urn:x-ogc:def:sensor:deployment">
						<Event>
							<date>2004-02-10T10:00:00Z</date>
							<gml:description>Deployment event</gml:description>
							<contact xlink:role="operator" xlink:href="http://www.myCompany.com/bob.xml"/>
							<documentation xlink:role="deploymentNotes">
								<Document>
									<gml:description>deployment report</gml:description>
									<onlineResource xlink:href="http://www.myCompany.com/bobsNotes.pdf"/>
								</Document>
							</documentation>
						</Event>
					</member>
					<member name="calibration-2005-10-03" xlink:role="urn:x-ogc:def:sensor:calibration">
						<Event gml:id="cal0287365">
							<date>2005-10-03T14:00:00Z</date>
							<gml:description>calibration event</gml:description>
							<contact xlink:role="operator" xlink:href="http://www.myCompany.com/jeff.xml"/>
							<documentation xlink:role="calibrationReport">
								<Document>
									<gml:description>Calibration report and data</gml:description>
									<onlineResource xlink:href="http://www.myCompany.com/calibration_UAH0023_2005-10-03.xml"/>
								</Document>
							</documentation>
						</Event>
					</member>
				</EventList>
			</history>
			<!--~~~~~~~~~~~~~~~~~~~~~~~~ -->
			<!--Station Coordinate Frame -->
			<!-- ~~~~~~~~~~~~~~~~~~~~~~~ -->
			<spatialReferenceFrame>
				<gml:EngineeringCRS gml:id="STATION_FRAME">
					<gml:srsName>Station Frame</gml:srsName>
					<gml:usesCS xlink:href="urn:ogc:cs:xyzFrame"/>
					<gml:usesEngineeringDatum>
						<gml:EngineeringDatum gml:id="STATION_DATUM">
							<gml:datumName>Station Datum</gml:datumName>
							<gml:anchorPoint>origin is at the base of the mounting; 
								x and Y are orthogonal to z but undetermined;
								z is along the axis of the mounting pole - typically vertical
							</gml:anchorPoint>
						</gml:EngineeringDatum>
					</gml:usesEngineeringDatum>
				</gml:EngineeringCRS>
			</spatialReferenceFrame>
			<interfaces>
				<InterfaceList>
					<interface name="RS-232">
						<InterfaceDefinition>
							<!-- http://www.interfacebus.com/Design_Connector_RS232.html -->
							<applicationLayer>
								<swe:Category definition="urn:ogc:def:protocol:applicationLink">
									<swe:value>urn:davis:def:protocol:weatherLink</swe:value>
								</swe:Category>
							</applicationLayer>
							<physicalLayer>
								<swe:DataRecord definition="urn:ogc:def:protocol:RS232">
									<swe:field name="num-bits">
										<swe:Count definition="urn:ogc:def:protocol:numberOfBits">
											<swe:value>8</swe:value>
										</swe:Count>
									</swe:field>
									<swe:field name="parity">
										<swe:Boolean definition="urn:ogc:def:protocol:parity">
											<swe:value>false</swe:value>
										</swe:Boolean>
									</swe:field>
								</swe:DataRecord>
							</physicalLayer>
							<mechanicalLayer>
								<swe:DataRecord definition="urn:ogc:def:connector:DB9">
									<swe:field name="pin-out">
										<swe:Category definition="urn:ogc:def:pinout">
											<swe:value>EIA574</swe:value>
										</swe:Category>
									</swe:field>
								</swe:DataRecord>
							</mechanicalLayer>
						</InterfaceDefinition>
					</interface>
				</InterfaceList>
			</interfaces>
			<!--~~~~~~~~~~~~~-->
			<!--Sensor Inputs-->
			<!--~~~~~~~~~~~~~-->
			<inputs>
				<InputList>
					<input name="atmosphericTemperature">
						<swe:ObservableProperty definition="urn:x-ogc:def:phenomenon:OGC:temperature"/>
					</input>
					<input name="wind">
						<swe:ObservableProperty definition="urn:x-ogcdef:phenomenon:OGC:windSpeed"/>
					</input>
					<input name="rainfall">
						<swe:ObservableProperty definition="urn:x-ogc:def:phenomenon:OGC:rainfall"/>
					</input>
					<input name="atmosphericPressure">
						<swe:ObservableProperty definition="urn:x-ogcdef:phenomenon:OGC:pressure"/>
					</input>
				</InputList>
			</inputs>
			<!--~~~~~~~~~~~~~~-->
			<!--Sensor Outputs-->
			<!--~~~~~~~~~~~~~~-->
			<outputs>
				<OutputList>
					<output name="weatherMeasurements">
						<swe:DataRecord gml:id="outputGroup">
							<swe:field name="time">
								<swe:Time definition="urn:x-ogc:def:phenomenon:observationTime">
									<swe:uom xlink:href="urn:x-ogc:def:unit:ISO8601"/>
								</swe:Time>
							</swe:field>
							<swe:field name="temperature">
								<swe:Quantity definition="urn:x-ogc:def:phenomenon:OGC:temperature">
									<swe:uom code="cel"/>
								</swe:Quantity>
							</swe:field>
							<swe:field name="windSpeed">
								<swe:Quantity definition="urn:x-ogc:def:phenomenon:OGC:windSpeed">
									<swe:uom code="m/s"/>
								</swe:Quantity>
							</swe:field>
							<swe:field name="windDirection">
								<swe:Quantity definition="urn:x-ogc:def:phenomenon:OGC:windDirection">
									<swe:uom code="deg"/>
								</swe:Quantity>
							</swe:field>
							<swe:field name="rainfall">
								<swe:Quantity definition="urn:x-ogc:def:phenomenon:OGC:rainfall">
									<swe:uom code="mm"/>
								</swe:Quantity>
							</swe:field>
							<swe:field name="barometricPressure">
								<swe:Quantity definition="urn:x-ogc:def:phenomenon:OGC:barometricPressure">
									<swe:uom code="hPa"/>
								</swe:Quantity>
							</swe:field>
							<swe:field name="windChill">
								<swe:Quantity definition="urn:x-ogc:def:phenomenon:OGC:windChill">
									<swe:uom code="cel"/>
								</swe:Quantity>
							</swe:field>
						</swe:DataRecord>
					</output>
					<output name="minMax">
						<swe:DataRecord gml:id="minMaxTemperatures">
							<swe:field name="dailyMinTemp">
								<swe:Quantity definition="urn:x-ogc:def:phenomenon:OGC:dailyMinimumTemperature"/>
							</swe:field>
							<swe:field name="dailyMaxTemp">
								<swe:Quantity definition="urn:x-ogc:def:phenomenon:OGC:dailyMinimumTemperature"/>
							</swe:field>
						</swe:DataRecord>
					</output>
				</OutputList>
			</outputs>
			<components>
				<ComponentList>
					<!--~~~~~~~~~~~~~~~-->
					<!--  Clock   -->
					<!--~~~~~~~~~~~~~~~-->
					<component name="clock" xlink:role="urn:x-ogc:def:sensor:detector" xlink:href="urn:x-ogc:sensor:Davis:clock"/>
					<!--~~~~~~~~~~~~~~~-->
					<!--  Barometric   -->
					<!--~~~~~~~~~~~~~~~-->
					<component name="barometer" xlink:role="urn:x-ogc:def:sensor:detector" xlink:href="urn:x-ogc:sensor:Davis:7441"/>
					<!--~~~~~~~~~~~~~~~-->
					<!--  Thermometer  -->
					<!--~~~~~~~~~~~~~~~-->
					<component name="thermometer" xlink:role="urn:x-ogc:def:sensor:detector" xlink:href="urn:x-ogc:sensor:Davis:7817"/>
					<!--~~~~~~~~~~~~~~~-->
					<!--  Anemometer   -->
					<!--~~~~~~~~~~~~~~~-->
					<component name="windSpeedTransducer" xlink:role="urn:x-ogc:def:sensor:detector" xlink:href="urn:x-ogc:sensor:Davis:7911Spd"/>
					<component name="windDirectionTransducer" xlink:role="urn:x-ogc:def:sensor:detector" xlink:href="urn:x-ogc:sensor:Davis:7911Dir"/>
					<!--~~~~~~~~~~~~~~~-->
					<!--  Rain Gauge   -->
					<!--~~~~~~~~~~~~~~~-->
					<component name="rainGaugeSensor" xlink:role="urn:x-ogc:def:sensor:detector" xlink:href="urn:x-ogc:sensor:Davis:7852M"/>
					<!--~~~~~~~~~~~~~~~-->
					<!--  Wind Chill   -->
					<!--~~~~~~~~~~~~~~~-->
					<component name="windChill" xlink:role="urn:x-ogc:def:sensor:process" xlink:href="urn:x-ogc:process:windChill_v01"/>
				</ComponentList>
			</components>
			<positions>
				<PositionList>
					<!--~~~~~~~~~~~~~~~~~~~~~~~~~~~~~~~~~~~~~~-->
					<!-- Position of Station in Lat, Lon, Alt -->
					<!--~~~~~~~~~~~~~~~~~~~~~~~~~~~~~~~~~~~~~~-->
					<position name="stationPosition">
						<swe:Position localFrame="#STATION_FRAME" referenceFrame="urn:ogc:crs:EPSG:4329">
							<swe:location>
								<swe:Vector gml:id="STATION_LOCATION" definition="urn:ogc:phenomenon:location">
									<swe:coordinate name="latitude">
										<swe:Quantity axisID="y">
											<swe:uom code="deg"/>
											<swe:value>34.72450</swe:value>
										</swe:Quantity>
									</swe:coordinate>
									<swe:coordinate name="longitude">
										<swe:Quantity axisID="x">
											<swe:uom code="deg"/>
											<swe:value>-86.94533</swe:value>
										</swe:Quantity>
									</swe:coordinate>
									<swe:coordinate name="altitude">
										<swe:Quantity axisID="z">
											<swe:uom code="m"/>
											<swe:value>20.1169</swe:value>
										</swe:Quantity>
									</swe:coordinate>
								</swe:Vector>
							</swe:location>
							<swe:orientation>
								<swe:Vector definition="urn:ogc:def:phenomenon:orientation">
									<swe:coordinate name="trueHeading">
										<swe:Quantity definition="urn:ogc:def:phenomenon:angleToNorth" axisID="Z">
											<swe:uom code="deg"/>
											<swe:value>87.0</swe:value>
										</swe:Quantity>
									</swe:coordinate>
								</swe:Vector>
							</swe:orientation>
						</swe:Position>
					</position>
					<!--============================================-->
					<!-- Position of Barometer in Station Ref Frame -->
					<!--============================================-->
					<position name="barometerPosition">
						<swe:Position localFrame="#BAROMETER_FRAME" referenceFrame="#STATION_FRAME">
							<swe:location>
								<swe:Vector definition="urn:ogc:def:phenomenon:location">
									<swe:coordinate name="x">
										<swe:Quantity definition="urn:ogc:def:phenomenon:distance" axisID="X">
											<swe:uom code="m"/>
											<swe:value>0.0</swe:value>
										</swe:Quantity>
									</swe:coordinate>
									<swe:coordinate name="y">
										<swe:Quantity definition="urn:ogc:def:phenomenon:distance" axisID="Y">
											<swe:uom code="m"/>
											<swe:value>0.0</swe:value>
										</swe:Quantity>
									</swe:coordinate>
									<swe:coordinate name="z">
										<swe:Quantity definition="urn:ogc:def:phenomenon:distance" axisID="Z">
											<swe:uom code="m"/>
											<swe:value>0.0</swe:value>
										</swe:Quantity>
									</swe:coordinate>
								</swe:Vector>
							</swe:location>
						</swe:Position>
					</position>
					<!--==============================================-->
					<!-- Position of Thermometer in Station Ref Frame -->
					<!--==============================================-->
					<position name="thermometerPosition">
						<swe:Position localFrame="#THERMOMETER_FRAME" referenceFrame="#STATION_FRAME">
							<swe:location>
								<swe:Vector definition="urn:ogc:def:phenomenon:location">
									<swe:coordinate name="x">
										<swe:Quantity definition="urn:ogc:def:phenomenon:distance" axisID="X">
											<swe:uom code="m"/>
											<swe:value>0.0</swe:value>
										</swe:Quantity>
									</swe:coordinate>
									<swe:coordinate name="y">
										<swe:Quantity definition="urn:ogc:def:phenomenon:distance" axisID="Y">
											<swe:uom code="m"/>
											<swe:value>0.0</swe:value>
										</swe:Quantity>
									</swe:coordinate>
									<swe:coordinate name="z">
										<swe:Quantity definition="urn:ogc:def:phenomenon:distance" axisID="Z">
											<swe:uom code="m"/>
											<swe:value>1.1</swe:value>
										</swe:Quantity>
									</swe:coordinate>
								</swe:Vector>
							</swe:location>
						</swe:Position>
					</position>
					<!--=============================================-->
					<!-- Position of Anemometer in Station Ref Frame -->
					<!--=============================================-->
					<position name="anemometerPosition">
						<swe:Position localFrame="#ANEMOMETER_FRAME" referenceFrame="#STATION_FRAME">
							<swe:location>
								<swe:Vector definition="urn:ogc:def:phenomenon:location">
									<swe:coordinate name="x">
										<swe:Quantity definition="urn:ogc:def:phenomenon:distance" axisID="X">
											<swe:uom code="m"/>
											<swe:value>0.0</swe:value>
										</swe:Quantity>
									</swe:coordinate>
									<swe:coordinate name="y">
										<swe:Quantity definition="urn:ogc:def:phenomenon:distance" axisID="Y">
											<swe:uom code="m"/>
											<swe:value>-0.1</swe:value>
										</swe:Quantity>
									</swe:coordinate>
									<swe:coordinate name="z">
										<swe:Quantity definition="urn:ogc:def:phenomenon:distance" axisID="Z">
											<swe:uom code="m"/>
											<swe:value>2.0</swe:value>
										</swe:Quantity>
									</swe:coordinate>
								</swe:Vector>
							</swe:location>
						</swe:Position>
					</position>
					<!--==========================================================-->
					<!-- Position of Wind Direction Detector in Station Ref Frame -->
					<!--==========================================================-->
					<position name="windDirectionDetectorPosition">
						<swe:Position localFrame="#WIND_DIRECTION_DETECTOR_FRAME" referenceFrame="#STATION_FRAME">
							<swe:location>
								<swe:Vector definition="urn:ogc:def:phenomenon:location">
									<swe:coordinate name="x">
										<swe:Quantity definition="urn:ogc:def:phenomenon:distance" axisID="X">
											<swe:uom code="m"/>
											<swe:value>0.0</swe:value>
										</swe:Quantity>
									</swe:coordinate>
									<swe:coordinate name="y">
										<swe:Quantity definition="urn:ogc:def:phenomenon:distance" axisID="Y">
											<swe:uom code="m"/>
											<swe:value>-0.1</swe:value>
										</swe:Quantity>
									</swe:coordinate>
									<swe:coordinate name="z">
										<swe:Quantity definition="urn:ogc:def:phenomenon:distance" axisID="Z">
											<swe:uom code="m"/>
											<swe:value>2.0</swe:value>
										</swe:Quantity>
									</swe:coordinate>
								</swe:Vector>
							</swe:location>
							<swe:orientation>
								<swe:Vector definition="urn:ogc:def:phenomenon:orientation">
									<swe:coordinate name="z">
										<swe:Quantity definition="urn:ogc:def:phenomenon:angle" axisID="Z">
											<swe:uom code="deg"/>
											<swe:value>-87.0</swe:value>
										</swe:Quantity>
									</swe:coordinate>
								</swe:Vector>
							</swe:orientation>
						</swe:Position>
					</position>
					<!--=============================================-->
					<!-- Position of Rain Gauge in Station Ref Frame -->
					<!--=============================================-->
					<position name="rainGaugePosition">
						<swe:Position localFrame="#RAIN_GAUGE_FRAME" referenceFrame="#STATION_FRAME">
							<swe:location>
								<swe:Vector definition="urn:ogc:def:phenomenon:location">
									<swe:coordinate name="x">
										<swe:Quantity definition="urn:ogc:def:phenomenon:distance" axisID="X">
											<swe:uom code="m"/>
											<swe:value>0.0</swe:value>
										</swe:Quantity>
									</swe:coordinate>
									<swe:coordinate name="y">
										<swe:Quantity definition="urn:ogc:def:phenomenon:distance" axisID="Y">
											<swe:uom code="m"/>
											<swe:value>0.6</swe:value>
										</swe:Quantity>
									</swe:coordinate>
									<swe:coordinate name="z">
										<swe:Quantity definition="urn:ogc:def:phenomenon:distance" axisID="Z">
											<swe:uom code="m"/>
											<swe:value>0.0</swe:value>
										</swe:Quantity>
									</swe:coordinate>
								</swe:Vector>
							</swe:location>
						</swe:Position>
					</position>
				</PositionList>
			</positions>
			<connections>
				<ConnectionList>
					<connection name="inputToThermometer">
						<Link>
							<source ref="this/inputs/atmosphericTemperature"/>
							<destination ref="thermometer/inputs/temperature"/>
						</Link>
					</connection>
					<connection name="thermometerToOutput">
						<Link>
							<source ref="thermometer/outputs/measuredTemperature"/>
							<destination ref="this/outputs/weatherMeasurements/temperature"/>
						</Link>
					</connection>
					<connection name="inputToBarometer">
						<Link>
							<source ref="this/inputs/atmosphericPressure"/>
							<destination ref="barometer/inputs/barometricPressure"/>
						</Link>
					</connection>
					<connection name="barometerToOutput">
						<Link>
							<source ref="barometer/outputs/measuredBarometricPressure"/>
							<destination ref="this/outputs/weatherMeasurements/barometricPressure"/>
						</Link>
					</connection>
					<connection name="inputToAnemometer">
						<Link>
							<source ref="this/inputs/windSpeed"/>
							<destination ref="anemometer/inputs/windSpeed"/>
						</Link>
					</connection>
					<connection name="anemometerToOutput">
						<Link>
							<source ref="anemometer/outputs/measuredWindSpeed"/>
							<destination ref="this/outputs/weatherMeasurements/windSpeed"/>
						</Link>
					</connection>
					<connection name="inputToWindDirection">
						<Link>
							<source ref="this/inputs/windDirection"/>
							<destination ref="windDirectionDetector/inputs/windDirection"/>
						</Link>
					</connection>
					<connection name="windDirectionToOutput">
						<Link>
							<source ref="windDirectionDetector/outputs/measuredWindDirection"/>
							<destination ref="this/outputs/weatherMeasurements/windDirection"/>
						</Link>
					</connection>
					<connection name="inputToRainGauge">
						<Link>
							<source ref="this/inputs/rainFall"/>
							<destination ref="rainGauge/inputs/rainFall"/>
						</Link>
					</connection>
					<connection name="rainGaugeToOutput">
						<Link>
							<source ref="rainGauge/outputs/measuredRainFall"/>
							<destination ref="this/outputs/weatherMeasurements/rainFall"/>
						</Link>
					</connection>
					<connection name="clockToOutput">
						<Link>
							<source ref="clock/outputs/measuredTime"/>
							<destination ref="this/outputs/weatherMeasurements/time"/>
						</Link>
					</connection>
					<connection name="inputToMinMax">
						<Link>
							<source ref="this/inputs/atmosphericTemperature"/>
							<destination ref="minMax/inputs/newValue"/>
						</Link>
					</connection>
					<connection name="minTempToOutput">
						<Link>
							<source ref="minMax/inputs/newMinimum"/>
							<destination ref="this/outputs/dailyMinTemp"/>
						</Link>
					</connection>
					<connection name="maxTempToOutput">
						<Link>
							<source ref="minMax/inputs/newMaximum"/>
							<destination ref="this/outputs/dailyMaxTemp"/>
						</Link>
					</connection>
				</ConnectionList>
			</connections>
		</System>
		<!-- ~~~~~~~~~ End of System ~~~~~~~~~~~~~~~~~~~~~~~~~~~~~~~~~~~~ -->
	</member>
</SensorML>
