<?xml version="1.0" encoding="UTF-8"?>
<!--Example boreholes instance generated from BGS borehole databases.-->
<!--I have not specified a schema location in the instance to give me more flexibility validating. Marcus Sen.-->
<xmml:FeatureCollection xmlns:xmml="http://www.opengis.net/xmml" xmlns:xsi="http://www.w3.org/2001/XMLSchema-instance"  xmlns:xlink="http://www.w3.org/1999/xlink" xmlns:gml="http://www.opengis.net/gml" xmlns:meta="http://www.seegrid.csiro.au/xml/metaLite" xmlns:sa="http://www.seegrid.csiro.au/xml/sampling" xmlns:geo="http://www.seegrid.csiro.au/xml/geometry" gml:id="N10002">
	<gml:boundedBy>
		<gml:Null>missing</gml:Null>
	</gml:boundedBy>
	<xmml:featureMember>
		<xmml:Borehole gml:id="bh.196911">
			<gml:name codeSpace="http://ns.bgs.ac.uk/bgs.sobi.pk">SK21NE/BJ/16/.</gml:name>
			<gml:name codeSpace="http://ns.bgs.ac.uk/bgs.ubi.pk">196911</gml:name>
			<gml:name codeSpace="http://ns.bgs.ac.uk/bgs.wm.pk">SK21/30/   A</gml:name>
			<gml:name codeSpace="http://ns.bgs.ac.uk/bgs.sobi.bore_name">BRETBY COLLIERY 3 STANTON &amp; NEWHALL</gml:name>
			<gml:name codeSpace="http://ns.bgs.ac.uk/bgs.sobi.original_number">3</gml:name>
			<sa:surveyDetails>
				<sa:SurveyProcedure gml:id="bh.196911.sp">
					<gml:description>Horizontal precision: KNOWN TO NEAREST 10 METRES Vertical precision: KNOWN TO NEAREST 0.1 METRE (10 CMS) Positioning method: NOT ENTERED</gml:description>
					<gml:name/>
				</sa:SurveyProcedure>
			</sa:surveyDetails>
			<sa:begin>
				<gml:Point srsName="epsg:7405" gml:id="bh.196911.start">
					<gml:pos>427790 0319960 70.87</gml:pos>
				</gml:Point>
			</sa:begin>
			<sa:end xlink:href="urn:x-ogc:def:nil:OGC:unknown"/>
			<sa:length uom="#m">51.81</sa:length>
			<sa:shape>
				<geo:LineByVector gml:id="bh.196911.shape">
					<geo:origin xlink:href="#bh.196911.start"/>
					<geo:directionDescription codeSpace="http://ns.bgs.ac.uk/bgs.dic_incl">NOT ENTERED</geo:directionDescription>
				</geo:LineByVector>
			</sa:shape>
			<xmml:drillMethod>other:bgsU</xmml:drillMethod>
			<xmml:log>
				<xmml:IntervalLog gml:id="bh.196911.log" dimension="1">
					<gml:boundedBy>
						<gml:Null>missing</gml:Null>
					</gml:boundedBy>
					<xmml:range>
						<xmml:ListOfBands>
							<xmml:categoryList codeSpace="http://ns.bgs.ac.uk/bgs.lex_lithostrat_unit_v3" property="http://ns.bgs.ac.uk/thesaurus/lithostratigraphy">unknown unknown unknown </xmml:categoryList>
							<xmml:categoryList codeSpace="http://ns.bgs.ac.uk/bgs.dic_rock_name" property="http://ns.bgs.ac.uk/thesaurus/lithology">DRFTU ROCK COAL </xmml:categoryList>
							<xmml:categoryList codeSpace="http://ns.bgs.ac.uk/bgs.dic_base_bed" property="http://ns.bgs.ac.uk/thesaurus/base_bed">RH TD inapplicable </xmml:categoryList>
						</xmml:ListOfBands>
					</xmml:range>
					<xmml:intervalSetDomain>
						<geo:MultiGInterval gml:id="bh.196911.logdomain" srsName="#bh.196911.shape">
							<geo:member>
								<geo:GInterval gml:id="bh.196911.loginterval.1">
									<geo:beginPos>0</geo:beginPos>
									<geo:endPos>0.3</geo:endPos>
								</geo:GInterval>
							</geo:member>
							<geo:member>
								<geo:GInterval gml:id="bh.196911.loginterval.2">
									<geo:beginPos>0.3</geo:beginPos>
									<geo:endPos>51.81</geo:endPos>
								</geo:GInterval>
							</geo:member>
							<geo:member>
								<geo:GInterval gml:id="bh.196911.loginterval.3">
									<geo:beginPos>396.54</geo:beginPos>
									<geo:endPos>397.38</geo:endPos>
								</geo:GInterval>
							</geo:member>
						</geo:MultiGInterval>
					</xmml:intervalSetDomain>
				</xmml:IntervalLog>
			</xmml:log>
		</xmml:Borehole>
	</xmml:featureMember>
	<xmml:featureMember>
		<xmml:Borehole gml:id="bh.196913">
			<gml:name codeSpace="http://ns.bgs.ac.uk/bgs.sobi.pk">SK21NE/BJ/18/.</gml:name>
			<gml:name codeSpace="http://ns.bgs.ac.uk/bgs.ubi.pk">196913</gml:name>
			<gml:name codeSpace="http://ns.bgs.ac.uk/bgs.wm.pk">SK21/44/   A</gml:name>
			<gml:name codeSpace="http://ns.bgs.ac.uk/bgs.sobi.bore_name">CADLEY HILL COLLIERY CHURCH GRESLEY 1</gml:name>
			<gml:name codeSpace="http://ns.bgs.ac.uk/bgs.sobi.original_number">1</gml:name>
			<sa:surveyDetails>
				<sa:SurveyProcedure gml:id="bh.196913.sp">
					<gml:description>Horizontal precision: KNOWN TO NEAREST 10 METRES Positioning method: NOT ENTERED</gml:description>
					<gml:name/>
				</sa:SurveyProcedure>
			</sa:surveyDetails>
			<sa:begin>
				<gml:Point srsName="epsg:27700" gml:id="bh.196913.start">
					<gml:pos>427800 0319180</gml:pos>
				</gml:Point>
			</sa:begin>
			<sa:end xlink:href="urn:x-ogc:def:nil:OGC:unknown"/>
			<sa:length uom="#m">259.68</sa:length>
			<sa:shape>
				<geo:LineByVector gml:id="bh.196913.shape">
					<geo:origin xlink:href="#bh.196913.start"/>
					<geo:directionDescription codeSpace="http://ns.bgs.ac.uk/bgs.dic_incl">NOT ENTERED</geo:directionDescription>
				</geo:LineByVector>
			</sa:shape>
			<xmml:drillMethod>other:bgsU</xmml:drillMethod>
			<xmml:log>
				<xmml:IntervalLog gml:id="bh.196913.log" dimension="1">
					<gml:boundedBy>
						<gml:Null>missing</gml:Null>
					</gml:boundedBy>
					<xmml:range>
						<xmml:ListOfBands>
							<xmml:categoryList codeSpace="http://ns.bgs.ac.uk/bgs.lex_lithostrat_unit_v3" property="http://ns.bgs.ac.uk/thesaurus/lithostratigraphy">unknown unknown unknown </xmml:categoryList>
							<xmml:categoryList codeSpace="http://ns.bgs.ac.uk/bgs.dic_rock_name" property="http://ns.bgs.ac.uk/thesaurus/lithology">DRFTU ROCK COAL </xmml:categoryList>
							<xmml:categoryList codeSpace="http://ns.bgs.ac.uk/bgs.dic_base_bed" property="http://ns.bgs.ac.uk/thesaurus/base_bed">RH TD inapplicable </xmml:categoryList>
						</xmml:ListOfBands>
					</xmml:range>
					<xmml:intervalSetDomain>
						<geo:MultiGInterval gml:id="bh.196913.logdomain" srsName="#bh.196913.shape">
							<geo:member>
								<geo:GInterval gml:id="bh.196913.loginterval.1">
									<geo:beginPos>0</geo:beginPos>
									<geo:endPos>1.98</geo:endPos>
								</geo:GInterval>
							</geo:member>
							<geo:member>
								<geo:GInterval gml:id="bh.196913.loginterval.2">
									<geo:beginPos>1.98</geo:beginPos>
									<geo:endPos>259.68</geo:endPos>
								</geo:GInterval>
							</geo:member>
							<geo:member>
								<geo:GInterval gml:id="bh.196913.loginterval.3">
									<geo:beginPos>419.56</geo:beginPos>
									<geo:endPos>419.94</geo:endPos>
								</geo:GInterval>
							</geo:member>
						</geo:MultiGInterval>
					</xmml:intervalSetDomain>
				</xmml:IntervalLog>
			</xmml:log>
		</xmml:Borehole>
	</xmml:featureMember>
	<xmml:featureMember>
		<xmml:Borehole gml:id="bh.196955">
			<gml:name codeSpace="http://ns.bgs.ac.uk/bgs.sobi.pk">SK21NE/BJ/60/.</gml:name>
			<gml:name codeSpace="http://ns.bgs.ac.uk/bgs.ubi.pk">196955</gml:name>
			<gml:name codeSpace="http://ns.bgs.ac.uk/bgs.sobi.bore_name">GATE HALLFIELDS O.C. SITE NM/3/70</gml:name>
			<sa:surveyDetails>
				<sa:SurveyProcedure gml:id="bh.196955.sp">
					<gml:description>Horizontal precision: KNOWN TO NEAREST 100 METRES Positioning method: NOT ENTERED</gml:description>
					<gml:name/>
				</sa:SurveyProcedure>
			</sa:surveyDetails>
			<sa:begin>
				<gml:Point srsName="epsg:27700" gml:id="bh.196955.start">
					<gml:pos>427900 0319600</gml:pos>
				</gml:Point>
			</sa:begin>
			<sa:end xlink:href="urn:x-ogc:def:nil:OGC:unknown"/>
			<sa:length uom="#m">27.18</sa:length>
			<sa:shape>
				<geo:LineByVector gml:id="bh.196955.shape">
					<geo:origin xlink:href="#bh.196955.start"/>
					<geo:directionDescription codeSpace="http://ns.bgs.ac.uk/bgs.dic_incl">NOT ENTERED</geo:directionDescription>
				</geo:LineByVector>
			</sa:shape>
			<xmml:drillMethod>other:bgsU</xmml:drillMethod>
			<xmml:log>
				<xmml:IntervalLog gml:id="bh.196955.log" dimension="1">
					<gml:boundedBy>
						<gml:Null>missing</gml:Null>
					</gml:boundedBy>
					<xmml:range>
						<xmml:ListOfBands>
							<xmml:categoryList codeSpace="http://ns.bgs.ac.uk/bgs.lex_lithostrat_unit_v3" property="http://ns.bgs.ac.uk/thesaurus/lithostratigraphy">unknown unknown </xmml:categoryList>
							<xmml:categoryList codeSpace="http://ns.bgs.ac.uk/bgs.dic_rock_name" property="http://ns.bgs.ac.uk/thesaurus/lithology">DRFTU ROCK </xmml:categoryList>
							<xmml:categoryList codeSpace="http://ns.bgs.ac.uk/bgs.dic_base_bed" property="http://ns.bgs.ac.uk/thesaurus/base_bed">RH TD </xmml:categoryList>
						</xmml:ListOfBands>
					</xmml:range>
					<xmml:intervalSetDomain>
						<geo:MultiGInterval gml:id="bh.196955.logdomain" srsName="#bh.196955.shape">
							<geo:member>
								<geo:GInterval gml:id="bh.196955.loginterval.1">
									<geo:beginPos>0</geo:beginPos>
									<geo:endPos>0.76</geo:endPos>
								</geo:GInterval>
							</geo:member>
							<geo:member>
								<geo:GInterval gml:id="bh.196955.loginterval.2">
									<geo:beginPos>0.76</geo:beginPos>
									<geo:endPos>27.18</geo:endPos>
								</geo:GInterval>
							</geo:member>
						</geo:MultiGInterval>
					</xmml:intervalSetDomain>
				</xmml:IntervalLog>
			</xmml:log>
		</xmml:Borehole>
	</xmml:featureMember>
	<xmml:featureMember>
		<xmml:Borehole gml:id="bh.197001">
			<gml:name codeSpace="http://ns.bgs.ac.uk/bgs.sobi.pk">SK21NE/BJ/105/.</gml:name>
			<gml:name codeSpace="http://ns.bgs.ac.uk/bgs.ubi.pk">197001</gml:name>
			<gml:name codeSpace="http://ns.bgs.ac.uk/bgs.sobi.bore_name">SHAFT TO LITTLE COAL CADLEYHILL COLLIERY</gml:name>
			<sa:surveyDetails>
				<sa:SurveyProcedure gml:id="bh.197001.sp">
					<gml:description>Horizontal precision: KNOWN TO NEAREST 10 METRES Positioning method: NOT ENTERED</gml:description>
					<gml:name/>
				</sa:SurveyProcedure>
			</sa:surveyDetails>
			<sa:begin>
				<gml:Point srsName="epsg:27700" gml:id="bh.197001.start">
					<gml:pos>427880 0319150</gml:pos>
				</gml:Point>
			</sa:begin>
			<sa:end xlink:href="urn:x-ogc:def:nil:OGC:unknown"/>
			<sa:length uom="#m">11.58</sa:length>
			<sa:shape>
				<geo:LineByVector gml:id="bh.197001.shape">
					<geo:origin xlink:href="#bh.197001.start"/>
					<geo:directionDescription codeSpace="http://ns.bgs.ac.uk/bgs.dic_incl">NOT ENTERED</geo:directionDescription>
				</geo:LineByVector>
			</sa:shape>
			<xmml:drillMethod>other:bgsU</xmml:drillMethod>
			<xmml:log>
				<xmml:IntervalLog gml:id="bh.197001.log" dimension="1">
					<gml:boundedBy>
						<gml:Null>missing</gml:Null>
					</gml:boundedBy>
					<xmml:range>
						<xmml:ListOfBands>
							<xmml:categoryList codeSpace="http://ns.bgs.ac.uk/bgs.lex_lithostrat_unit_v3" property="http://ns.bgs.ac.uk/thesaurus/lithostratigraphy">unknown unknown </xmml:categoryList>
							<xmml:categoryList codeSpace="http://ns.bgs.ac.uk/bgs.dic_rock_name" property="http://ns.bgs.ac.uk/thesaurus/lithology">DRFTU ROCK </xmml:categoryList>
							<xmml:categoryList codeSpace="http://ns.bgs.ac.uk/bgs.dic_base_bed" property="http://ns.bgs.ac.uk/thesaurus/base_bed">RH TD </xmml:categoryList>
						</xmml:ListOfBands>
					</xmml:range>
					<xmml:intervalSetDomain>
						<geo:MultiGInterval gml:id="bh.197001.logdomain" srsName="#bh.197001.shape">
							<geo:member>
								<geo:GInterval gml:id="bh.197001.loginterval.1">
									<geo:beginPos>0</geo:beginPos>
									<geo:endPos>0.33</geo:endPos>
								</geo:GInterval>
							</geo:member>
							<geo:member>
								<geo:GInterval gml:id="bh.197001.loginterval.2">
									<geo:beginPos>0.33</geo:beginPos>
									<geo:endPos>11.58</geo:endPos>
								</geo:GInterval>
							</geo:member>
						</geo:MultiGInterval>
					</xmml:intervalSetDomain>
				</xmml:IntervalLog>
			</xmml:log>
		</xmml:Borehole>
	</xmml:featureMember>
</xmml:FeatureCollection>
