<?xml version="1.0" encoding="UTF-8"?>
<xmml:FeatureCollection xmlns:xlink="http://www.w3.org/1999/xlink" xmlns:gml="http://www.opengis.net/gml" xmlns:meta="http://www.seegrid.csiro.au/xml/metaLite" xmlns:geo="http://www.seegrid.csiro.au/xml/geometry"
                        xmlns:sa="http://www.seegrid.csiro.au/xml/sampling" xmlns:xmml="http://www.opengis.net/xmml" xmlns:xsi="http://www.w3.org/2001/XMLSchema-instance" xsi:schemaLocation="http://www.opengis.net/xmml ../../../XMML/1/xmml.xsd" gml:id="d0e1">
	<gml:boundedBy>
		<gml:Null>missing</gml:Null>
	</gml:boundedBy>
	<xmml:featureMember>
		<xmml:Borehole gml:id="bh.619792">
			<gml:name codeSpace="http://ns.bgs.ac.uk/bgs.sobi.pk">TR23NE/BJ/9/   A</gml:name>
			<gml:name codeSpace="http://ns.bgs.ac.uk/bgs.ubi.pk">619792</gml:name>
			<gml:name codeSpace="http://ns.bgs.ac.uk/bgs.wm.pk">TR23/24/   A</gml:name>
			<gml:name codeSpace="http://ns.bgs.ac.uk/bgs.sobi.bore_name">DOVER 1</gml:name>
			<gml:name codeSpace="http://ns.bgs.ac.uk/bgs.sobi.original_number">1</gml:name>
			<sa:surveyDetails><sa:SurveyProcedure gml:id="a1"><gml:description>Horizontal precision: KNOWN TO NEAREST 10 METRES Vertical precision: KNOWN TO NEAREST 0.01 METRE (1 CM) Positioning method: NOT ENTERED</gml:description><gml:name></gml:name></sa:SurveyProcedure></sa:surveyDetails>
			<sa:begin>
				<gml:Point gml:id="bh.619792.start" srsName="epsg:7405">
					<gml:pos>629570 139310 13.41</gml:pos>
				</gml:Point>
			</sa:begin>
			<sa:end xlink:href="urn:x-ogc:def:nil:OGC:unknown"/>
			<sa:length uom="#m">158.39</sa:length>
			<sa:shape>
				<geo:LineByVector gml:id="bh.619792.shape">
					<geo:origin xlink:href="#bh.619792.start"/>
					<geo:directionDescription codeSpace="http://ns.bgs.ac.uk/bgs.dic_incl">NOT ENTERED</geo:directionDescription>
				</geo:LineByVector>
			</sa:shape>
			<xmml:drillMethod>other:bgsU</xmml:drillMethod>
			<xmml:log>
				<xmml:IntervalLog dimension="1" gml:id="bh.619792.log">
					<gml:boundedBy>
						<gml:Null>missing</gml:Null>
					</gml:boundedBy>
					<xmml:range>
						<xmml:ListOfBands>
							<xmml:categoryList property="http://ns.bgs.ac.uk/thesaurus/lithostratigraphy" codeSpace="http://ns.bgs.ac.uk/bgs.lex_lithostrat_unit_v3">SUPD CK</xmml:categoryList>
							<xmml:categoryList property="http://ns.bgs.ac.uk/thesaurus/lithology" codeSpace="http://ns.bgs.ac.uk/bgs.dic_rock_name">unknown CHLK</xmml:categoryList>
							<xmml:categoryList property="http://ns.bgs.ac.uk/thesaurus/base_bed" codeSpace="http://ns.bgs.ac.uk/bgs.dic_base_bed">inapplicable inapplicable</xmml:categoryList>
						</xmml:ListOfBands>
					</xmml:range>
					<xmml:intervalSetDomain>
						<geo:MultiGInterval srsName="#bh.619792.shape" gml:id="bh.619792.logdomain">
							<geo:member>
								<geo:GInterval gml:id="bh.619792.loginterval.1">
									<geo:beginPos>0</geo:beginPos>
									<geo:endPos>17.9</geo:endPos>
								</geo:GInterval>
							</geo:member>
							<geo:member>
								<geo:GInterval gml:id="bh.619792.loginterval.2">
									<geo:beginPos>17.9</geo:beginPos>
									<geo:endPos>50.53</geo:endPos>
								</geo:GInterval>
							</geo:member>
						</geo:MultiGInterval>
					</xmml:intervalSetDomain>
				</xmml:IntervalLog>
			</xmml:log>
		</xmml:Borehole>
	</xmml:featureMember>
	<xmml:featureMember>
		<xmml:Borehole gml:id="bh.619793">
			<gml:name codeSpace="http://ns.bgs.ac.uk/bgs.sobi.pk">TR23NE/BJ/9/   B</gml:name>
			<gml:name codeSpace="http://ns.bgs.ac.uk/bgs.ubi.pk">619793</gml:name>
			<gml:name codeSpace="http://ns.bgs.ac.uk/bgs.wm.pk">TR23/24/   B</gml:name>
			<gml:name codeSpace="http://ns.bgs.ac.uk/bgs.sobi.bore_name">DOVER 2</gml:name>
			<gml:name codeSpace="http://ns.bgs.ac.uk/bgs.sobi.original_number">2</gml:name>
			<sa:surveyDetails><sa:SurveyProcedure gml:id="a2"><gml:description>Horizontal precision: KNOWN TO NEAREST 10 METRES Vertical precision: KNOWN TO NEAREST 0.01 METRE (1 CM) Positioning method: UNKNOWN</gml:description><gml:name></gml:name></sa:SurveyProcedure></sa:surveyDetails>
			<sa:begin>
				<gml:Point gml:id="bh.619793.start" srsName="epsg:7405">
					<gml:pos>629540 139290 13.41</gml:pos>
				</gml:Point>
			</sa:begin>
			<sa:end xlink:href="urn:x-ogc:def:nil:OGC:unknown"/>
			<sa:length uom="#m">371.28</sa:length>
			<sa:shape>
				<geo:LineByVector gml:id="bh.619793.shape">
					<geo:origin xlink:href="#bh.619793.start"/>
					<geo:directionDescription codeSpace="http://ns.bgs.ac.uk/bgs.dic_incl">UNKNOWN (the default value from 1995 on)</geo:directionDescription>
				</geo:LineByVector>
			</sa:shape>
			<xmml:drillMethod>other:bgsU</xmml:drillMethod>
		</xmml:Borehole>
	</xmml:featureMember>
	<xmml:featureMember>
		<xmml:Borehole gml:id="bh.619794">
			<gml:name codeSpace="http://ns.bgs.ac.uk/bgs.sobi.pk">TR23NE/BJ/9/   C</gml:name>
			<gml:name codeSpace="http://ns.bgs.ac.uk/bgs.ubi.pk">619794</gml:name>
			<gml:name codeSpace="http://ns.bgs.ac.uk/bgs.wm.pk">TR23/24/   C</gml:name>
			<gml:name codeSpace="http://ns.bgs.ac.uk/bgs.sobi.bore_name">DOVER 3</gml:name>
			<gml:name codeSpace="http://ns.bgs.ac.uk/bgs.sobi.original_number">3</gml:name>
			<sa:surveyDetails><sa:SurveyProcedure gml:id="a3"><gml:description>Horizontal precision: KNOWN TO NEAREST 10 METRES Vertical precision: KNOWN TO NEAREST 0.01 METRE (1 CM) Positioning method: UNKNOWN</gml:description><gml:name></gml:name></sa:SurveyProcedure></sa:surveyDetails>
			<sa:begin>
				<gml:Point gml:id="bh.619794.start" srsName="epsg:7405">
					<gml:pos>629510 139280 15.24</gml:pos>
				</gml:Point>
			</sa:begin>
			<sa:end xlink:href="urn:x-ogc:def:nil:OGC:unknown"/>
			<sa:length uom="#m">506.88</sa:length>
			<sa:shape>
				<geo:LineByVector gml:id="bh.619794.shape">
					<geo:origin xlink:href="#bh.619794.start"/>
					<geo:directionDescription codeSpace="http://ns.bgs.ac.uk/bgs.dic_incl">UNKNOWN (the default value from 1995 on)</geo:directionDescription>
				</geo:LineByVector>
			</sa:shape>
			<xmml:drillMethod>other:bgsU</xmml:drillMethod>
			<xmml:log>
				<xmml:IntervalLog dimension="1" gml:id="bh.619794.log">
					<gml:boundedBy>
						<gml:Null>missing</gml:Null>
					</gml:boundedBy>
					<xmml:range>
						<xmml:ListOfBands>
							<xmml:categoryList property="http://ns.bgs.ac.uk/thesaurus/lithostratigraphy" codeSpace="http://ns.bgs.ac.uk/bgs.lex_lithostrat_unit_v3">SUPD CK GLT</xmml:categoryList>
							<xmml:categoryList property="http://ns.bgs.ac.uk/thesaurus/lithology" codeSpace="http://ns.bgs.ac.uk/bgs.dic_rock_name">unknown CHLK MDST</xmml:categoryList>
							<xmml:categoryList property="http://ns.bgs.ac.uk/thesaurus/base_bed" codeSpace="http://ns.bgs.ac.uk/bgs.dic_base_bed">RH inapplicable inapplicable</xmml:categoryList>
						</xmml:ListOfBands>
					</xmml:range>
					<xmml:intervalSetDomain>
						<geo:MultiGInterval srsName="#bh.619794.shape" gml:id="bh.619794.logdomain">
							<geo:member>
								<geo:GInterval gml:id="bh.619794.loginterval.1">
									<geo:beginPos>0</geo:beginPos>
									<geo:endPos>14.94</geo:endPos>
								</geo:GInterval>
							</geo:member>
							<geo:member>
								<geo:GInterval gml:id="bh.619794.loginterval.2">
									<geo:beginPos>14.94</geo:beginPos>
									<geo:endPos>52.12</geo:endPos>
								</geo:GInterval>
							</geo:member>
							<geo:member>
								<geo:GInterval gml:id="bh.619794.loginterval.3">
									<geo:beginPos>52.12</geo:beginPos>
									<geo:endPos>92.74</geo:endPos>
								</geo:GInterval>
							</geo:member>
						</geo:MultiGInterval>
					</xmml:intervalSetDomain>
				</xmml:IntervalLog>
			</xmml:log>
		</xmml:Borehole>
	</xmml:featureMember>
	<xmml:featureMember>
		<xmml:Borehole gml:id="bh.619795">
			<gml:name codeSpace="http://ns.bgs.ac.uk/bgs.sobi.pk">TR23NE/BJ/9/   D</gml:name>
			<gml:name codeSpace="http://ns.bgs.ac.uk/bgs.ubi.pk">619795</gml:name>
			<gml:name codeSpace="http://ns.bgs.ac.uk/bgs.wm.pk">TR23/24/   D</gml:name>
			<gml:name codeSpace="http://ns.bgs.ac.uk/bgs.sobi.bore_name">SHAKESPEARE COLLIERY 1B</gml:name>
			<sa:surveyDetails><sa:SurveyProcedure gml:id="a4"><gml:description>Horizontal precision: KNOWN TO NEAREST 100 METRES Vertical precision: KNOWN TO NEAREST 0.01 METRE (1 CM) Positioning method: UNKNOWN</gml:description><gml:name></gml:name></sa:SurveyProcedure></sa:surveyDetails>
			<sa:begin>
				<gml:Point gml:id="bh.619795.start" srsName="epsg:7405">
					<gml:pos>629600 139300 16.46</gml:pos>
				</gml:Point>
			</sa:begin>
			<sa:end xlink:href="urn:x-ogc:def:nil:OGC:unknown"/>
			<sa:length uom="#m">678</sa:length>
			<sa:shape>
				<geo:LineByVector gml:id="bh.619795.shape">
					<geo:origin xlink:href="#bh.619795.start"/>
					<geo:directionDescription codeSpace="http://ns.bgs.ac.uk/bgs.dic_incl">UNKNOWN (the default value from 1995 on)</geo:directionDescription>
				</geo:LineByVector>
			</sa:shape>
			<xmml:drillMethod>other:bgsU</xmml:drillMethod>
			<xmml:log>
				<xmml:IntervalLog dimension="1" gml:id="bh.619795.log">
					<gml:boundedBy>
						<gml:Null>missing</gml:Null>
					</gml:boundedBy>
					<xmml:range>
						<xmml:ListOfBands>
							<xmml:categoryList property="http://ns.bgs.ac.uk/thesaurus/lithostratigraphy" codeSpace="http://ns.bgs.ac.uk/bgs.lex_lithostrat_unit_v3">SUPD CK GLT</xmml:categoryList>
							<xmml:categoryList property="http://ns.bgs.ac.uk/thesaurus/lithology" codeSpace="http://ns.bgs.ac.uk/bgs.dic_rock_name">unknown CHLK MDST</xmml:categoryList>
							<xmml:categoryList property="http://ns.bgs.ac.uk/thesaurus/base_bed" codeSpace="http://ns.bgs.ac.uk/bgs.dic_base_bed">RH inapplicable inapplicable</xmml:categoryList>
						</xmml:ListOfBands>
					</xmml:range>
					<xmml:intervalSetDomain>
						<geo:MultiGInterval srsName="#bh.619795.shape" gml:id="bh.619795.logdomain">
							<geo:member>
								<geo:GInterval gml:id="bh.619795.loginterval.1">
									<geo:beginPos>0</geo:beginPos>
									<geo:endPos>17.98</geo:endPos>
								</geo:GInterval>
							</geo:member>
							<geo:member>
								<geo:GInterval gml:id="bh.619795.loginterval.2">
									<geo:beginPos>17.98</geo:beginPos>
									<geo:endPos>50.6</geo:endPos>
								</geo:GInterval>
							</geo:member>
							<geo:member>
								<geo:GInterval gml:id="bh.619795.loginterval.3">
									<geo:beginPos>50.6</geo:beginPos>
									<geo:endPos>92.35</geo:endPos>
								</geo:GInterval>
							</geo:member>
						</geo:MultiGInterval>
					</xmml:intervalSetDomain>
				</xmml:IntervalLog>
			</xmml:log>
		</xmml:Borehole>
	</xmml:featureMember>
	<xmml:featureMember>
		<xmml:Borehole gml:id="bh.619800">
			<gml:name codeSpace="http://ns.bgs.ac.uk/bgs.sobi.pk">TR23NE/BJ/14/.</gml:name>
			<gml:name codeSpace="http://ns.bgs.ac.uk/bgs.ubi.pk">619800</gml:name>
			<gml:name codeSpace="http://ns.bgs.ac.uk/bgs.wm.pk">TR23/25/.</gml:name>
			<gml:name codeSpace="http://ns.bgs.ac.uk/bgs.sobi.bore_name">HOUGHAM SHAFT FOR CHANNEL TUNNEL</gml:name>
			<sa:surveyDetails><sa:SurveyProcedure gml:id="a5"><gml:description>Horizontal precision: KNOWN TO NEAREST 100 METRES Positioning method: NOT ENTERED</gml:description><gml:name></gml:name></sa:SurveyProcedure></sa:surveyDetails>
			<sa:begin>
				<gml:Point gml:id="bh.619800.start" srsName="epsg:27700">
					<gml:pos>629700 139300</gml:pos>
				</gml:Point>
			</sa:begin>
			<sa:end xlink:href="urn:x-ogc:def:nil:OGC:unknown"/>
			<sa:length uom="#m">78.03</sa:length>
			<sa:shape>
				<geo:LineByVector gml:id="bh.619800.shape">
					<geo:origin xlink:href="#bh.619800.start"/>
					<geo:directionDescription codeSpace="http://ns.bgs.ac.uk/bgs.dic_incl">NOT ENTERED</geo:directionDescription>
				</geo:LineByVector>
			</sa:shape>
			<xmml:drillMethod>other:bgs</xmml:drillMethod>
			<xmml:log>
				<xmml:IntervalLog dimension="1" gml:id="bh.619800.log">
					<gml:boundedBy>
						<gml:Null>missing</gml:Null>
					</gml:boundedBy>
					<xmml:range>
						<xmml:ListOfBands>
							<xmml:categoryList property="http://ns.bgs.ac.uk/thesaurus/lithostratigraphy" codeSpace="http://ns.bgs.ac.uk/bgs.lex_lithostrat_unit_v3">CK GLT</xmml:categoryList>
							<xmml:categoryList property="http://ns.bgs.ac.uk/thesaurus/lithology" codeSpace="http://ns.bgs.ac.uk/bgs.dic_rock_name">CHLK MDST</xmml:categoryList>
							<xmml:categoryList property="http://ns.bgs.ac.uk/thesaurus/base_bed" codeSpace="http://ns.bgs.ac.uk/bgs.dic_base_bed">inapplicable TD</xmml:categoryList>
						</xmml:ListOfBands>
					</xmml:range>
					<xmml:intervalSetDomain>
						<geo:MultiGInterval srsName="#bh.619800.shape" gml:id="bh.619800.logdomain">
							<geo:member>
								<geo:GInterval gml:id="bh.619800.loginterval.1">
									<geo:beginPos>0</geo:beginPos>
									<geo:endPos>42.06</geo:endPos>
								</geo:GInterval>
							</geo:member>
							<geo:member>
								<geo:GInterval gml:id="bh.619800.loginterval.2">
									<geo:beginPos>42.06</geo:beginPos>
									<geo:endPos>78.03</geo:endPos>
								</geo:GInterval>
							</geo:member>
							<geo:member>
							</geo:member>
						</geo:MultiGInterval>
					</xmml:intervalSetDomain>
				</xmml:IntervalLog>
			</xmml:log>
		</xmml:Borehole>
	</xmml:featureMember>
	<xmml:featureMember>
		<xmml:Borehole gml:id="bh.607472">
			<gml:name codeSpace="http://ns.bgs.ac.uk/bgs.sobi.pk">TR33NW/BJ/2/.</gml:name>
			<gml:name codeSpace="http://ns.bgs.ac.uk/bgs.ubi.pk">607472</gml:name>
			<gml:name codeSpace="http://ns.bgs.ac.uk/bgs.sobi.bore_name">CHANNEL TUNNEL 2</gml:name>
			<gml:name codeSpace="http://ns.bgs.ac.uk/bgs.sobi.original_number">2</gml:name>
			<sa:surveyDetails><sa:SurveyProcedure gml:id="a6"><gml:description>Horizontal precision: KNOWN TO NEAREST 10 METRES Vertical precision: KNOWN TO NEAREST 0.01 METRE (1 CM) Positioning method: KEYBOARD</gml:description><gml:name></gml:name></sa:SurveyProcedure></sa:surveyDetails>
			<sa:begin>
				<gml:Point gml:id="bh.607472.start" srsName="epsg:7405">
					<gml:pos>632900 137950 -27.43</gml:pos>
				</gml:Point>
			</sa:begin>
			<sa:end xlink:href="urn:x-ogc:def:nil:OGC:unknown"/>
			<sa:length uom="#m">39.31</sa:length>
			<sa:shape>
				<geo:LineByVector gml:id="bh.607472.shape">
					<geo:origin xlink:href="#bh.607472.start"/>
					<geo:directionDescription codeSpace="http://ns.bgs.ac.uk/bgs.dic_incl">NOT ENTERED</geo:directionDescription>
				</geo:LineByVector>
			</sa:shape>
			<xmml:drillMethod>other:bgsS</xmml:drillMethod>
			<xmml:log>
				<xmml:IntervalLog dimension="1" gml:id="bh.607472.log">
					<gml:boundedBy>
						<gml:Null>missing</gml:Null>
					</gml:boundedBy>
					<xmml:range>
						<xmml:ListOfBands>
							<xmml:categoryList property="http://ns.bgs.ac.uk/thesaurus/lithostratigraphy" codeSpace="http://ns.bgs.ac.uk/bgs.lex_lithostrat_unit_v3">LCK GLT</xmml:categoryList>
							<xmml:categoryList property="http://ns.bgs.ac.uk/thesaurus/lithology" codeSpace="http://ns.bgs.ac.uk/bgs.dic_rock_name">CHLK MDST</xmml:categoryList>
							<xmml:categoryList property="http://ns.bgs.ac.uk/thesaurus/base_bed" codeSpace="http://ns.bgs.ac.uk/bgs.dic_base_bed">inapplicable TD</xmml:categoryList>
						</xmml:ListOfBands>
					</xmml:range>
					<xmml:intervalSetDomain>
						<geo:MultiGInterval srsName="#bh.607472.shape" gml:id="bh.607472.logdomain">
							<geo:member>
								<geo:GInterval gml:id="bh.607472.loginterval.1">
									<geo:beginPos>0</geo:beginPos>
									<geo:endPos>38.56</geo:endPos>
								</geo:GInterval>
							</geo:member>
							<geo:member>
								<geo:GInterval gml:id="bh.607472.loginterval.2">
									<geo:beginPos>38.56</geo:beginPos>
									<geo:endPos>39.3</geo:endPos>
								</geo:GInterval>
							</geo:member>
						</geo:MultiGInterval>
					</xmml:intervalSetDomain>
				</xmml:IntervalLog>
			</xmml:log>
		</xmml:Borehole>
	</xmml:featureMember>
	<xmml:featureMember>
		<xmml:Borehole gml:id="bh.607473">
			<gml:name codeSpace="http://ns.bgs.ac.uk/bgs.sobi.pk">TR33NW/BJ/3/.</gml:name>
			<gml:name codeSpace="http://ns.bgs.ac.uk/bgs.ubi.pk">607473</gml:name>
			<gml:name codeSpace="http://ns.bgs.ac.uk/bgs.sobi.bore_name">CHANNEL TUNNEL 5</gml:name>
			<gml:name codeSpace="http://ns.bgs.ac.uk/bgs.sobi.original_number">5</gml:name>
			<sa:surveyDetails><sa:SurveyProcedure gml:id="a7"><gml:description>Horizontal precision: KNOWN TO NEAREST 10 METRES Vertical precision: KNOWN TO NEAREST 0.01 METRE (1 CM) Positioning method: KEYBOARD</gml:description><gml:name></gml:name></sa:SurveyProcedure></sa:surveyDetails>
			<sa:begin>
				<gml:Point gml:id="bh.607473.start" srsName="epsg:7405">
					<gml:pos>634850 136980 -33.22</gml:pos>
				</gml:Point>
			</sa:begin>
			<sa:end xlink:href="urn:x-ogc:def:nil:OGC:unknown"/>
			<sa:length uom="#m">37.79</sa:length>
			<sa:shape>
				<geo:LineByVector gml:id="bh.607473.shape">
					<geo:origin xlink:href="#bh.607473.start"/>
					<geo:directionDescription codeSpace="http://ns.bgs.ac.uk/bgs.dic_incl">NOT ENTERED</geo:directionDescription>
				</geo:LineByVector>
			</sa:shape>
			<xmml:drillMethod>other:bgsS</xmml:drillMethod>
			<xmml:log>
				<xmml:IntervalLog dimension="1" gml:id="bh.607473.log">
					<gml:boundedBy>
						<gml:Null>missing</gml:Null>
					</gml:boundedBy>
					<xmml:range>
						<xmml:ListOfBands>
							<xmml:categoryList property="http://ns.bgs.ac.uk/thesaurus/lithostratigraphy" codeSpace="http://ns.bgs.ac.uk/bgs.lex_lithostrat_unit_v3">LCK GLT</xmml:categoryList>
							<xmml:categoryList property="http://ns.bgs.ac.uk/thesaurus/lithology" codeSpace="http://ns.bgs.ac.uk/bgs.dic_rock_name">CHLK MDST</xmml:categoryList>
							<xmml:categoryList property="http://ns.bgs.ac.uk/thesaurus/base_bed" codeSpace="http://ns.bgs.ac.uk/bgs.dic_base_bed">inapplicable TD</xmml:categoryList>
						</xmml:ListOfBands>
					</xmml:range>
					<xmml:intervalSetDomain>
						<geo:MultiGInterval srsName="#bh.607473.shape" gml:id="bh.607473.logdomain">
							<geo:member>
								<geo:GInterval gml:id="bh.607473.loginterval.1">
									<geo:beginPos>0</geo:beginPos>
									<geo:endPos>34.49</geo:endPos>
								</geo:GInterval>
							</geo:member>
							<geo:member>
								<geo:GInterval gml:id="bh.607473.loginterval.2">
									<geo:beginPos>34.49</geo:beginPos>
									<geo:endPos>37.8</geo:endPos>
								</geo:GInterval>
							</geo:member>
						</geo:MultiGInterval>
					</xmml:intervalSetDomain>
				</xmml:IntervalLog>
			</xmml:log>
		</xmml:Borehole>
	</xmml:featureMember>
	<xmml:featureMember>
		<xmml:Borehole gml:id="bh.607474">
			<gml:name codeSpace="http://ns.bgs.ac.uk/bgs.sobi.pk">TR33NW/BJ/4/.</gml:name>
			<gml:name codeSpace="http://ns.bgs.ac.uk/bgs.ubi.pk">607474</gml:name>
			<gml:name codeSpace="http://ns.bgs.ac.uk/bgs.sobi.bore_name">CHANNEL TUNNEL 6</gml:name>
			<gml:name codeSpace="http://ns.bgs.ac.uk/bgs.sobi.original_number">6</gml:name>
			<sa:surveyDetails><sa:SurveyProcedure gml:id="a8"><gml:description>Horizontal precision: KNOWN TO NEAREST 10 METRES Vertical precision: KNOWN TO NEAREST 0.01 METRE (1 CM) Positioning method: KEYBOARD</gml:description><gml:name></gml:name></sa:SurveyProcedure></sa:surveyDetails>
			<sa:begin>
				<gml:Point gml:id="bh.607474.start" srsName="epsg:7405">
					<gml:pos>633950 139960 -28.34</gml:pos>
				</gml:Point>
			</sa:begin>
			<sa:end xlink:href="urn:x-ogc:def:nil:OGC:unknown"/>
			<sa:length uom="#m">60.96</sa:length>
			<sa:shape>
				<geo:LineByVector gml:id="bh.607474.shape">
					<geo:origin xlink:href="#bh.607474.start"/>
					<geo:directionDescription codeSpace="http://ns.bgs.ac.uk/bgs.dic_incl">NOT ENTERED</geo:directionDescription>
				</geo:LineByVector>
			</sa:shape>
			<xmml:drillMethod>other:bgsS</xmml:drillMethod>
			<xmml:log>
				<xmml:IntervalLog dimension="1" gml:id="bh.607474.log">
					<gml:boundedBy>
						<gml:Null>missing</gml:Null>
					</gml:boundedBy>
					<xmml:range>
						<xmml:ListOfBands>
							<xmml:categoryList property="http://ns.bgs.ac.uk/thesaurus/lithostratigraphy" codeSpace="http://ns.bgs.ac.uk/bgs.lex_lithostrat_unit_v3">LCK GLT</xmml:categoryList>
							<xmml:categoryList property="http://ns.bgs.ac.uk/thesaurus/lithology" codeSpace="http://ns.bgs.ac.uk/bgs.dic_rock_name">CHLK MDST</xmml:categoryList>
							<xmml:categoryList property="http://ns.bgs.ac.uk/thesaurus/base_bed" codeSpace="http://ns.bgs.ac.uk/bgs.dic_base_bed">inapplicable TD</xmml:categoryList>
						</xmml:ListOfBands>
					</xmml:range>
					<xmml:intervalSetDomain>
						<geo:MultiGInterval srsName="#bh.607474.shape" gml:id="bh.607474.logdomain">
							<geo:member>
								<geo:GInterval gml:id="bh.607474.loginterval.1">
									<geo:beginPos>0</geo:beginPos>
									<geo:endPos>60.2</geo:endPos>
								</geo:GInterval>
							</geo:member>
							<geo:member>
								<geo:GInterval gml:id="bh.607474.loginterval.2">
									<geo:beginPos>60.2</geo:beginPos>
									<geo:endPos>61</geo:endPos>
								</geo:GInterval>
							</geo:member>
						</geo:MultiGInterval>
					</xmml:intervalSetDomain>
				</xmml:IntervalLog>
			</xmml:log>
		</xmml:Borehole>
	</xmml:featureMember>
	<xmml:featureMember>
		<xmml:Borehole gml:id="bh.605559">
			<gml:name codeSpace="http://ns.bgs.ac.uk/bgs.sobi.pk">TR33NE/BJ/2/.</gml:name>
			<gml:name codeSpace="http://ns.bgs.ac.uk/bgs.ubi.pk">605559</gml:name>
			<gml:name codeSpace="http://ns.bgs.ac.uk/bgs.sobi.bore_name">CHANNEL TUNNEL R060</gml:name>
			<sa:surveyDetails><sa:SurveyProcedure gml:id="a9"><gml:description>Horizontal precision: KNOWN TO NEAREST METRE Vertical precision: NOT ENTERED Positioning method: NOT ENTERED</gml:description><gml:name></gml:name></sa:SurveyProcedure></sa:surveyDetails>
			<sa:begin>
				<gml:Point gml:id="bh.605559.start" srsName="epsg:7405">
					<gml:pos>638876 136868 -34.3</gml:pos>
				</gml:Point>
			</sa:begin>
			<sa:end xlink:href="urn:x-ogc:def:nil:OGC:unknown"/>
			<sa:length uom="#m">80</sa:length>
			<sa:shape>
				<geo:LineByVector gml:id="bh.605559.shape">
					<geo:origin xlink:href="#bh.605559.start"/>
					<geo:directionDescription codeSpace="http://ns.bgs.ac.uk/bgs.dic_incl">NOT ENTERED</geo:directionDescription>
				</geo:LineByVector>
			</sa:shape>
			<xmml:drillMethod>other:bgs</xmml:drillMethod>
			<xmml:log>
				<xmml:IntervalLog dimension="1" gml:id="bh.605559.log">
					<gml:boundedBy>
						<gml:Null>missing</gml:Null>
					</gml:boundedBy>
					<xmml:range>
						<xmml:ListOfBands>
							<xmml:categoryList property="http://ns.bgs.ac.uk/thesaurus/lithostratigraphy" codeSpace="http://ns.bgs.ac.uk/bgs.lex_lithostrat_unit_v3">ZZCH WMCH GLT</xmml:categoryList>
							<xmml:categoryList property="http://ns.bgs.ac.uk/thesaurus/lithology" codeSpace="http://ns.bgs.ac.uk/bgs.dic_rock_name">CHLK CHLK MDST</xmml:categoryList>
							<xmml:categoryList property="http://ns.bgs.ac.uk/thesaurus/base_bed" codeSpace="http://ns.bgs.ac.uk/bgs.dic_base_bed">inapplicable inapplicable TD</xmml:categoryList>
						</xmml:ListOfBands>
					</xmml:range>
					<xmml:intervalSetDomain>
						<geo:MultiGInterval srsName="#bh.605559.shape" gml:id="bh.605559.logdomain">
							<geo:member>
								<geo:GInterval gml:id="bh.605559.loginterval.1">
									<geo:beginPos>0</geo:beginPos>
									<geo:endPos>45</geo:endPos>
								</geo:GInterval>
							</geo:member>
							<geo:member>
								<geo:GInterval gml:id="bh.605559.loginterval.2">
									<geo:beginPos>45</geo:beginPos>
									<geo:endPos>73.3</geo:endPos>
								</geo:GInterval>
							</geo:member>
							<geo:member>
								<geo:GInterval gml:id="bh.605559.loginterval.3">
									<geo:beginPos>73.3</geo:beginPos>
									<geo:endPos>79.9</geo:endPos>
								</geo:GInterval>
							</geo:member>
						</geo:MultiGInterval>
					</xmml:intervalSetDomain>
				</xmml:IntervalLog>
			</xmml:log>
		</xmml:Borehole>
	</xmml:featureMember>
	<xmml:featureMember>
		<xmml:Borehole gml:id="bh.605512">
			<gml:name codeSpace="http://ns.bgs.ac.uk/bgs.sobi.pk">TR43SE/BJ/1/.</gml:name>
			<gml:name codeSpace="http://ns.bgs.ac.uk/bgs.ubi.pk">605512</gml:name>
			<gml:name codeSpace="http://ns.bgs.ac.uk/bgs.sobi.bore_name">CHANNEL TUNNEL R150</gml:name>
			<sa:surveyDetails><sa:SurveyProcedure gml:id="b0"><gml:description>Horizontal precision: KNOWN TO NEAREST METRE Vertical precision: NOT ENTERED Positioning method: NOT ENTERED</gml:description><gml:name></gml:name></sa:SurveyProcedure></sa:surveyDetails>
			<sa:begin>
				<gml:Point gml:id="bh.605512.start" srsName="epsg:7405">
					<gml:pos>645512 131394 -54.1</gml:pos>
				</gml:Point>
			</sa:begin>
			<sa:end xlink:href="urn:x-ogc:def:nil:OGC:unknown"/>
			<sa:length uom="#m">85.8</sa:length>
			<sa:shape>
				<geo:LineByVector gml:id="bh.605512.shape">
					<geo:origin xlink:href="#bh.605512.start"/>
					<geo:directionDescription codeSpace="http://ns.bgs.ac.uk/bgs.dic_incl">VERTICAL, DOWN (the default value until 1995)</geo:directionDescription>
				</geo:LineByVector>
			</sa:shape>
			<xmml:drillMethod>other:bgs</xmml:drillMethod>
			<xmml:log>
				<xmml:IntervalLog dimension="1" gml:id="bh.605512.log">
					<gml:boundedBy>
						<gml:Null>missing</gml:Null>
					</gml:boundedBy>
					<xmml:range>
						<xmml:ListOfBands>
							<xmml:categoryList property="http://ns.bgs.ac.uk/thesaurus/lithostratigraphy" codeSpace="http://ns.bgs.ac.uk/bgs.lex_lithostrat_unit_v3">UNKN MCK LCK GLML GLT UNKN MCK LCK GLML GLT UNKN MCK LCK GLML GLT HCK ZZCH WMCH GLT</xmml:categoryList>
							<xmml:categoryList property="http://ns.bgs.ac.uk/thesaurus/lithology" codeSpace="http://ns.bgs.ac.uk/bgs.dic_rock_name">unknown CHLK CHLK CAMDST CAMDST null null null null null null null null null null CHLK CHLK CHLK MDST</xmml:categoryList>
							<xmml:categoryList property="http://ns.bgs.ac.uk/thesaurus/base_bed" codeSpace="http://ns.bgs.ac.uk/bgs.dic_base_bed">RH inapplicable inapplicable inapplicable TD RH inapplicable inapplicable inapplicable TD RH inapplicable inapplicable inapplicable TD inapplicable inapplicable inapplicable TD</xmml:categoryList>
						</xmml:ListOfBands>
					</xmml:range>
					<xmml:intervalSetDomain>
						<geo:MultiGInterval srsName="#bh.605512.shape" gml:id="bh.605512.logdomain">
							<geo:member>
								<geo:GInterval gml:id="bh.605512.loginterval.1">
									<geo:beginPos>0</geo:beginPos>
									<geo:endPos>0</geo:endPos>
								</geo:GInterval>
							</geo:member>
							<geo:member>
								<geo:GInterval gml:id="bh.605512.loginterval.2">
									<geo:beginPos>0</geo:beginPos>
									<geo:endPos>4.3</geo:endPos>
								</geo:GInterval>
							</geo:member>
							<geo:member>
								<geo:GInterval gml:id="bh.605512.loginterval.3">
									<geo:beginPos>4.3</geo:beginPos>
									<geo:endPos>77.2</geo:endPos>
								</geo:GInterval>
							</geo:member>
							<geo:member>
								<geo:GInterval gml:id="bh.605512.loginterval.4">
									<geo:beginPos>77.2</geo:beginPos>
									<geo:endPos>83.2</geo:endPos>
								</geo:GInterval>
							</geo:member>
							<geo:member>
								<geo:GInterval gml:id="bh.605512.loginterval.5">
									<geo:beginPos>83.2</geo:beginPos>
									<geo:endPos>85.8</geo:endPos>
								</geo:GInterval>
							</geo:member>
							<geo:member>
								<geo:GInterval gml:id="bh.605512.loginterval.6">
									<geo:beginPos>0</geo:beginPos>
									<geo:endPos>0</geo:endPos>
								</geo:GInterval>
							</geo:member>
							<geo:member>
								<geo:GInterval gml:id="bh.605512.loginterval.7">
									<geo:beginPos>0</geo:beginPos>
									<geo:endPos>4.3</geo:endPos>
								</geo:GInterval>
							</geo:member>
							<geo:member>
								<geo:GInterval gml:id="bh.605512.loginterval.8">
									<geo:beginPos>4.3</geo:beginPos>
									<geo:endPos>77.2</geo:endPos>
								</geo:GInterval>
							</geo:member>
							<geo:member>
								<geo:GInterval gml:id="bh.605512.loginterval.9">
									<geo:beginPos>77.2</geo:beginPos>
									<geo:endPos>83.2</geo:endPos>
								</geo:GInterval>
							</geo:member>
							<geo:member>
								<geo:GInterval gml:id="bh.605512.loginterval.10">
									<geo:beginPos>83.2</geo:beginPos>
									<geo:endPos>85.8</geo:endPos>
								</geo:GInterval>
							</geo:member>
							<geo:member>
								<geo:GInterval gml:id="bh.605512.loginterval.11">
									<geo:beginPos>0</geo:beginPos>
									<geo:endPos>0</geo:endPos>
								</geo:GInterval>
							</geo:member>
							<geo:member>
								<geo:GInterval gml:id="bh.605512.loginterval.12">
									<geo:beginPos>0</geo:beginPos>
									<geo:endPos>4.3</geo:endPos>
								</geo:GInterval>
							</geo:member>
							<geo:member>
								<geo:GInterval gml:id="bh.605512.loginterval.13">
									<geo:beginPos>4.3</geo:beginPos>
									<geo:endPos>77.2</geo:endPos>
								</geo:GInterval>
							</geo:member>
							<geo:member>
								<geo:GInterval gml:id="bh.605512.loginterval.14">
									<geo:beginPos>77.2</geo:beginPos>
									<geo:endPos>83.2</geo:endPos>
								</geo:GInterval>
							</geo:member>
							<geo:member>
								<geo:GInterval gml:id="bh.605512.loginterval.15">
									<geo:beginPos>83.2</geo:beginPos>
									<geo:endPos>85.8</geo:endPos>
								</geo:GInterval>
							</geo:member>
							<geo:member>
								<geo:GInterval gml:id="bh.605512.loginterval.16">
									<geo:beginPos>0</geo:beginPos>
									<geo:endPos>7.2</geo:endPos>
								</geo:GInterval>
							</geo:member>
							<geo:member>
								<geo:GInterval gml:id="bh.605512.loginterval.17">
									<geo:beginPos>7.2</geo:beginPos>
									<geo:endPos>53</geo:endPos>
								</geo:GInterval>
							</geo:member>
							<geo:member>
								<geo:GInterval gml:id="bh.605512.loginterval.18">
									<geo:beginPos>53</geo:beginPos>
									<geo:endPos>83.2</geo:endPos>
								</geo:GInterval>
							</geo:member>
							<geo:member>
								<geo:GInterval gml:id="bh.605512.loginterval.19">
									<geo:beginPos>83.2</geo:beginPos>
									<geo:endPos>85.8</geo:endPos>
								</geo:GInterval>
							</geo:member>
							<geo:member>
							</geo:member>
						</geo:MultiGInterval>
					</xmml:intervalSetDomain>
				</xmml:IntervalLog>
			</xmml:log>
		</xmml:Borehole>
	</xmml:featureMember>
	<xmml:featureMember>
		<xmml:Borehole gml:id="bh.605558">
			<gml:name codeSpace="http://ns.bgs.ac.uk/bgs.sobi.pk">TR33NE/BJ/1/.</gml:name>
			<gml:name codeSpace="http://ns.bgs.ac.uk/bgs.ubi.pk">605558</gml:name>
			<gml:name codeSpace="http://ns.bgs.ac.uk/bgs.sobi.bore_name">CHANNEL TUNNEL P040</gml:name>
			<sa:surveyDetails><sa:SurveyProcedure gml:id="b1"><gml:description>Horizontal precision: KNOWN TO NEAREST METRE Vertical precision: NOT ENTERED Positioning method: NOT ENTERED</gml:description><gml:name></gml:name></sa:SurveyProcedure></sa:surveyDetails>
			<sa:begin>
				<gml:Point gml:id="bh.605558.start" srsName="epsg:7405">
					<gml:pos>638150 139105 -34.7</gml:pos>
				</gml:Point>
			</sa:begin>
			<sa:end xlink:href="urn:x-ogc:def:nil:OGC:unknown"/>
			<sa:length uom="#m">68.88</sa:length>
			<sa:shape>
				<geo:LineByVector gml:id="bh.605558.shape">
					<geo:origin xlink:href="#bh.605558.start"/>
					<geo:directionDescription codeSpace="http://ns.bgs.ac.uk/bgs.dic_incl">VERTICAL, DOWN (the default value until 1995)</geo:directionDescription>
				</geo:LineByVector>
			</sa:shape>
			<xmml:drillMethod>other:bgs</xmml:drillMethod>
			<xmml:log>
				<xmml:IntervalLog dimension="1" gml:id="bh.605558.log">
					<gml:boundedBy>
						<gml:Null>missing</gml:Null>
					</gml:boundedBy>
					<xmml:range>
						<xmml:ListOfBands>
							<xmml:categoryList property="http://ns.bgs.ac.uk/thesaurus/lithostratigraphy" codeSpace="http://ns.bgs.ac.uk/bgs.lex_lithostrat_unit_v3">MCK UNKN LCK UNKN MCK LCK UNKN MCK LCK HCK ZZCH</xmml:categoryList>
							<xmml:categoryList property="http://ns.bgs.ac.uk/thesaurus/lithology" codeSpace="http://ns.bgs.ac.uk/bgs.dic_rock_name">CHLK unknown CHLK null null null null null null CHLK CHLK</xmml:categoryList>
							<xmml:categoryList property="http://ns.bgs.ac.uk/thesaurus/base_bed" codeSpace="http://ns.bgs.ac.uk/bgs.dic_base_bed">inapplicable RH TD RH inapplicable TD RH inapplicable TD inapplicable inapplicable</xmml:categoryList>
						</xmml:ListOfBands>
					</xmml:range>
					<xmml:intervalSetDomain>
						<geo:MultiGInterval srsName="#bh.605558.shape" gml:id="bh.605558.logdomain">
							<geo:member>
								<geo:GInterval gml:id="bh.605558.loginterval.1">
									<geo:beginPos>9.75</geo:beginPos>
									<geo:endPos>11.84</geo:endPos>
								</geo:GInterval>
							</geo:member>
							<geo:member>
								<geo:GInterval gml:id="bh.605558.loginterval.2">
									<geo:beginPos>0</geo:beginPos>
									<geo:endPos>9.75</geo:endPos>
								</geo:GInterval>
							</geo:member>
							<geo:member>
								<geo:GInterval gml:id="bh.605558.loginterval.3">
									<geo:beginPos>11.84</geo:beginPos>
									<geo:endPos>68.88</geo:endPos>
								</geo:GInterval>
							</geo:member>
							<geo:member>
								<geo:GInterval gml:id="bh.605558.loginterval.4">
									<geo:beginPos>0</geo:beginPos>
									<geo:endPos>9.754</geo:endPos>
								</geo:GInterval>
							</geo:member>
							<geo:member>
								<geo:GInterval gml:id="bh.605558.loginterval.5">
									<geo:beginPos>9.754</geo:beginPos>
									<geo:endPos>11.826</geo:endPos>
								</geo:GInterval>
							</geo:member>
							<geo:member>
								<geo:GInterval gml:id="bh.605558.loginterval.6">
									<geo:beginPos>11.826</geo:beginPos>
									<geo:endPos>68.885</geo:endPos>
								</geo:GInterval>
							</geo:member>
							<geo:member>
								<geo:GInterval gml:id="bh.605558.loginterval.7">
									<geo:beginPos>0</geo:beginPos>
									<geo:endPos>9.754</geo:endPos>
								</geo:GInterval>
							</geo:member>
							<geo:member>
								<geo:GInterval gml:id="bh.605558.loginterval.8">
									<geo:beginPos>9.754</geo:beginPos>
									<geo:endPos>11.826</geo:endPos>
								</geo:GInterval>
							</geo:member>
							<geo:member>
								<geo:GInterval gml:id="bh.605558.loginterval.9">
									<geo:beginPos>11.826</geo:beginPos>
									<geo:endPos>68.885</geo:endPos>
								</geo:GInterval>
							</geo:member>
							<geo:member>
								<geo:GInterval gml:id="bh.605558.loginterval.10">
									<geo:beginPos>0</geo:beginPos>
									<geo:endPos>14.3</geo:endPos>
								</geo:GInterval>
							</geo:member>
							<geo:member>
								<geo:GInterval gml:id="bh.605558.loginterval.11">
									<geo:beginPos>14.3</geo:beginPos>
									<geo:endPos>56.08</geo:endPos>
								</geo:GInterval>
							</geo:member>
							<geo:member>
							</geo:member>
						</geo:MultiGInterval>
					</xmml:intervalSetDomain>
				</xmml:IntervalLog>
			</xmml:log>
		</xmml:Borehole>
	</xmml:featureMember>
	<xmml:featureMember>
	</xmml:featureMember>
</xmml:FeatureCollection>