<?xml version="1.0" encoding="UTF-8"?>
<!-- Example return to getFeature request from Geology data layer-->
<wfs:FeatureCollection xmlns:gml="http://www.opengis.net/gml" 
xmlns:wfs="http://www.opengis.net/wfs" 
xmlns:xlink="http://www.w3.org/1999/xlink" 
xmlns:gsml="http://www.cgi-iugs.org/xml/GeoSciML/1"
xmlns:xsi="http://www.w3.org/2001/XMLSchema-instance" 
xsi:schemaLocation="http://www.opengis.net/wfs 
file:///c:/aWorkspace/CGI_DataModel/LocalSchema/wfs/1.0.0/WFS-basic.xsd">

  <!--  <metadata/>  data set level metadata -->
  <gml:featureMember> <!-- 0..* -->
    <gsml:LithostratigraphicUnit>
      <metadata/>  <!--  feature level (Unit) metadata (0..1) -->
      <gsml:age> <!-- 1..* -->
        <gsml:GeologicAge>
          <gsml:value/>
          <gsml:event/>
        </gsml:GeologicAge>
      </gsml:age>
      <gsml:physicalProperty/> <!-- 0..* -->
      <gsml:purpose/>
      <gsml:occurrence> <!-- 0..* -->
        <gsml:MappedFeature>
          <metadata/> <!--  feature level (MappedFeature) metadata (0..1) -->
          <gml:shape>
            <gml:Polygon>
              <gml:exterior>
                <gml:LinearRing>
                  <gml:posList/>
                </gml:LinearRing>
              </gml:exterior>
              <gml:interior> <!-- 0..* -->
                <gml:LinearRing>
                  <gml:posList/>
                </gml:LinearRing>
              </gml:interior>
            </gml:Polygon>
          </gml:shape>
        </gsml:MappedFeature>
      </gsml:occurrence>
      <gsml:classifier> <!-- 0..1 -->
        <gsml:ControlledConcept> <!-- all CC prototypes by reference only -->
          <gsml:preferredName/>
        </gsml:ControlledConcept>
      </gsml:classifier>
      <gsml:alternativeClassifier> <!-- 0..* -->
        <gsml:ControlledConcept> <!-- all CC prototypes by reference only -->
          <gsml:preferredName/>
        </gsml:ControlledConcept>
      </gsml:alternativeClassifier>
      <gsml:bodyMorphology/> <!-- 0..* -->
      <gsml:exposureColor/> <!-- 0..* -->
      <gsml:grossChemistry/> <!-- 0..1 -->
      <gsml:grossGenesisTerm/> <!-- 0..* -->
      <gsml:outcropCharacter/> <!-- 0..* -->
      <gsml:composition> <!-- 0..* -->
        <gsml:CompositionPart>
          <gsml:role/>
          <gsml:proportion/>
          <gsml:material> <!-- 1..* -->
            <gsml:CompoundMaterial> <!-- 0..1 -->
              <gsml:color/> <!-- 0..* -->
              <gsml:physicalProperty/> <!-- 0..* -->
              <gsml:consolidationDegree/>
              <gsml:fabric/> <!-- 0..* -->
              <gsml:genesis/> <!-- 0..* -->
              <gsml:grossChemistry/> <!-- 0..1 -->
              <gsml:metamorphicGrade/> <!-- 0..1 -->
              <gsml:particleGeometry/> <!-- 0..* -->
            </gsml:CompoundMaterial>
            <gsml:ControlledConcept> <!-- 0..* --> <!-- all CC prototypes by reference only -->
              <gsml:preferredName/>
            </gsml:ControlledConcept>
          </gsml:material>
        </gsml:CompositionPart>
      </gsml:composition>
      <gsml:partOf> <!-- 0..* -->
        <gsml:GeologicUnitPart>
          <gsml:role/>
          <gsml:proportion/>
          <gsml:unit/> <!-- by reference only -->
        </gsml:GeologicUnitPart>
      </gsml:partOf>
      <gsml:rank/>
      <gsml:weatheringCharacter/> <!-- 0..* -->
      <gsml:structurePresent/> <!-- 0..* -->
      <gsml:metamorphicGrade/> <!-- 0..* -->
      <gsml:unitThickness/> <!-- 0..* -->
      <gsml:beddingStyle/> <!-- 0..* -->
      <gsml:beddingPattern/> <!-- 0..* -->
      <gsml:beddingThickness/> <!-- 0..* -->
    </gsml:LithostratigraphicUnit>
  </gml:featureMember>
  <gml:featureMember> <!-- 0..* -->
    <gsml:LithodemicUnit>
      <metadata/> <!--  feature level (Unit) metadata -->
      <gsml:age> <!-- 1..* -->
        <gsml:GeologicAge>
          <gsml:value/>
          <gsml:event/>
        </gsml:GeologicAge>
      </gsml:age>
      <gsml:physicalProperty/> <!-- 0..* -->
      <gsml:purpose/>
      <gsml:occurrence> <!-- 0..* -->
        <gsml:MappedFeature>
          <metadata/> <!--  feature level (MappedFeature) metadata -->
          <gml:shape>
            <gml:Polygon>
              <gml:exterior>
                <gml:LinearRing>
                  <gml:posList/>
                </gml:LinearRing>
              </gml:exterior>
              <gml:interior> <!-- 0..* -->
                <gml:LinearRing>
                  <gml:posList/>
                </gml:LinearRing>
              </gml:interior>
            </gml:Polygon>
          </gml:shape>
        </gsml:MappedFeature>
      </gsml:occurrence>
      <gsml:classifier> <!-- 0..1 -->
        <gsml:ControlledConcept> <!-- all CC prototypes by reference only -->
          <gsml:preferredName/>
        </gsml:ControlledConcept>
      </gsml:classifier>
      <gsml:alternativeClassifier> <!-- 0..* -->
        <gsml:ControlledConcept> <!-- all CC prototypes by reference only -->
          <gsml:preferredName/>
        </gsml:ControlledConcept>
      </gsml:alternativeClassifier>
      <gsml:bodyMorphology/> <!-- 0..* -->
      <gsml:exposureColor/> <!-- 0..* -->
      <gsml:grossChemistry/> <!-- 0..1 -->
      <gsml:grossGenesisTerm/> <!-- 0..* -->
      <gsml:outcropCharacter/> <!-- 0..* -->
      <gsml:composition> <!-- 0..* -->
        <gsml:CompositionPart>
          <gsml:role/>
          <gsml:proportion/>
          <gsml:material> <!-- 1..* -->
            <gsml:CompoundMaterial> <!-- 0..1 -->
              <gsml:color/> <!-- 0..* -->
              <gsml:physicalProperty/> <!-- 0..* -->
              <gsml:consolidationDegree/>
              <gsml:fabric/> <!-- 0..* -->
              <gsml:genesis/> <!-- 0..* -->
              <gsml:grossChemistry/> <!-- 0..1 -->
              <gsml:metamorphicGrade/> <!-- 0..1 -->
              <gsml:particleGeometry/> <!-- 0..* -->
            </gsml:CompoundMaterial>
            <gsml:ControlledConcept> <!-- 0..* --> <!-- all CC prototypes by reference only -->
              <gsml:preferredName/>
            </gsml:ControlledConcept>
          </gsml:material>
        </gsml:CompositionPart>
      </gsml:composition>
      <gsml:partOf> <!-- 0..* -->
        <gsml:GeologicUnitPart>
          <gsml:role/>
          <gsml:proportion/>
          <gsml:unit/> <!-- by reference only -->
        </gsml:GeologicUnitPart>
      </gsml:partOf>
      <gsml:rank/>
      <gsml:weatheringCharacter/> <!-- 0..* -->
      <gsml:structurePresent/> <!-- 0..* -->
      <gsml:metamorphicGrade/> <!-- 0..* -->
    </gsml:LithodemicUnit>
  </gml:featureMember>
</wfs:FeatureCollection>