<?xml version="1.0" encoding="UTF-8"?>
<Gsml xmlns="http://www.cgi-iugs.org/xml/GeoSciML/1" xmlns:gml="http://www.opengis.net/gml" xmlns:xlink="http://www.w3.org/1999/xlink" xmlns:xsi="http://www.w3.org/2001/XMLSchema-instance" xsi:schemaLocation="http://www.cgi-iugs.org/xml/GeoSciML/1 ../1.1.0/schema/GeoSciML.xsd">
  <!-- modified to use the same header as is used with the other instance docs -->
  <member>
    <GeologicVocabulary gml:id="bgs">
      <gml:description>A vocabulary of standard material types which may be identified by the URN "urn:x-cgi:lex:material:BGS:2005:matLex1"</gml:description>
      <gml:name>urn:x-cgi:lex:material:BGS:2005:matLex1</gml:name>
      <!-- identifier for this vocabulary -->
      <member>
        <ControlledConcept gml:id="bgsmud">
          <gml:description>This is an entry from a vocabulary of standard material types denoting the concept whose common name is "mud" which may be identified by the URN "urn:x-cgi:def:material:BGS:2005:matLex1:mud"</gml:description>
          <gml:name>urn:x-cgi:def:material:BGS:2005:matLex1:mud</gml:name>
          <!-- identifier for this concept -->
          <preferredName>mud</preferredName>
          <!-- common name for this concept -->
          <prototype xlink:href="urn:x-bgs:desc:material:r56723"/>
          <!-- pointer to a (notional) description that acts as the prototype for this definition -->
          <vocabulary xlink:href="urn:x-cgi:lex:material:BGS:2005:matLex1"/>
          <!-- back pointer the the vocabulary of which this is a member -->
        </ControlledConcept>
      </member>
      <member>
        <ControlledConcept gml:id="bgssand">
          <gml:description>This is an entry from a vocabulary of standard material types denoting the concept whose common name is "sand" which may be identified by the URN "urn:x-cgi:def:material:BGS:2005:matLex1:sand"</gml:description>
          <gml:name>urn:x-cgi:def:material:BGS:2005:matLex1:sand</gml:name>
          <preferredName>sand</preferredName>
          <prototype xlink:href="urn:x-bgs:desc:material:r34"/>
          <vocabulary xlink:href="urn:x-cgi:lex:material:BGS:2005:matLex1"/>
        </ControlledConcept>
      </member>
    </GeologicVocabulary>
  </member>
</Gsml>
