<?xml version="1.0"?>
<gsml:Fault xmlns:gsml="http://www.cgi-iugs.org/xml/GeoSciML/1" 
xmlns:xsi="http://www.w3.org/2001/XMLSchema-instance" 
xsi:schemaLocation="http://www.cgi-iugs.org/xml/GeoSciML/1 
file:///c:/aWorkspace/CGI_DataModel/LocalSchema/1.1.0/schema/GeoSciML.xsd">
    <gsml:purpose>instance</gsml:purpose>
    <!--Element gsml:age, maxOccurs=unbounded-->
    <gsml:age>
        <!--Attribute attributeProperty is optional-->
        <!--'Sequence' block is optional-->
        <gsml:GeologicAge>
            <gsml:value>
                <!--Attribute attributeProperty is optional-->
                <!--'Sequence' block is optional-->
            </gsml:value>
            <gsml:event>
                <!--Attribute attributeProperty is optional-->
                <!--'Sequence' block is optional-->
                <gsml:CGI_TermValue>
                    <!--Element gsml:qualifier is optional-->
                    <gsml:qualifier>nil:withheld</gsml:qualifier>
                    <gsml:value codeSpace="URI">string</gsml:value>
                </gsml:CGI_TermValue>
            </gsml:event>
        </gsml:GeologicAge>
    </gsml:age>
    <gsml:metadata>
        <!--'Sequence' block is optional-->
        <gsml:GeologicFeatureMetadata>
            <gsml:hierarchyLevel>service</gsml:hierarchyLevel>
            <!--Element gsml:parent is optional-->
            <gsml:parent/>
            <!--Element gsml:sourceReference, maxOccurs=unbounded-->
            <gsml:sourceReference/>
            <!--Element gsml:comment is optional-->
            <gsml:comment/>
            <gsml:thematicAccuracy>
                <!--Attribute attributeProperty is optional-->
                <!--'Sequence' block is optional-->
            </gsml:thematicAccuracy>
            <!--Element gsml:observationMethod, maxOccurs=unbounded-->
            <gsml:observationMethod>
                <!--Attribute attributeProperty is optional-->
                <!--'Sequence' block is optional-->
            </gsml:observationMethod>
        </gsml:GeologicFeatureMetadata>
    </gsml:metadata>
    <!--Element gsml:occurrence is optional, maxOccurs=unbounded-->
    <gsml:occurrence>
        <!--Attribute attributeProperty is optional-->
        <!--'Sequence' block is optional-->
        <gsml:MappedFeature>
            <gsml:shape>
                <!--Attribute attributeProperty is optional-->
                <!--'Sequence' block is optional-->
            </gsml:shape>
            <gsml:specification>
                <!--Attribute attributeProperty is optional-->
                <!--'Sequence' block is optional-->
            </gsml:specification>
            <gsml:samplingFrame/>
            <gsml:metadata>
                <!--'Sequence' block is optional-->
                <gsml:MappedFeatureMetadata>
                    <gsml:hierarchyLevel>service</gsml:hierarchyLevel>
                    <!--Element gsml:parent is optional-->
                    <gsml:parent/>
                    <!--Element gsml:sourceReference, maxOccurs=unbounded-->
                    <gsml:sourceReference/>
                    <!--Element gsml:comment is optional-->
                    <gsml:comment/>
                    <gsml:positionalAccuracy>
                        <!--Attribute attributeProperty is optional-->
                        <!--'Sequence' block is optional-->
                    </gsml:positionalAccuracy>
                    <!--Element gsml:observationMethod, maxOccurs=unbounded-->
                    <gsml:observationMethod>
                        <!--Attribute attributeProperty is optional-->
                        <!--'Sequence' block is optional-->
                    </gsml:observationMethod>
                </gsml:MappedFeatureMetadata>
            </gsml:metadata>
        </gsml:MappedFeature>
    </gsml:occurrence>
    <gsml:classifier/>
    <gsml:genesis>
        <!--Attribute attributeProperty is optional-->
        <!--'Sequence' block is optional-->
        <gsml:CGI_TermValue>
            <!--Element gsml:qualifier is optional-->
            <gsml:qualifier>nil:withheld</gsml:qualifier>
            <gsml:value codeSpace="URI">string</gsml:value>
        </gsml:CGI_TermValue>
    </gsml:genesis>
    <gsml:movementType>
        <!--Attribute attributeProperty is optional-->
        <!--'Sequence' block is optional-->
        <gsml:CGI_TermValue>
            <!--Element gsml:qualifier is optional-->
            <gsml:qualifier>nil:withheld</gsml:qualifier>
            <gsml:value codeSpace="URI">string</gsml:value>
        </gsml:CGI_TermValue>
    </gsml:movementType>
    <gsml:movementSense>
        <!--Attribute attributeProperty is optional-->
        <!--'Sequence' block is optional-->
        <gsml:CGI_TermValue>
            <!--Element gsml:qualifier is optional-->
            <gsml:qualifier>nil:withheld</gsml:qualifier>
            <gsml:value codeSpace="URI">string</gsml:value>
        </gsml:CGI_TermValue>
    </gsml:movementSense>
    <!--Element gsml:displacement is optional-->
    <gsml:displacement>
        <!--Attribute attributeProperty is optional-->
        <!--'Sequence' block is optional-->
        <gsml:Displacement>
            <gsml:displacementMagnitude>
                <!--Attribute unionSemantics is optional-->
                <!--Attribute attributeProperty is optional-->
                <!--'Choice' block is optional-->
                <gsml:CGI_NumericValue>
                    <!--Element gsml:qualifier is optional-->
                    <gsml:qualifier>nil:withheld</gsml:qualifier>
                    <gsml:principalValue/>
                    <gsml:plusDelta/>
                    <gsml:minusDelta/>
                </gsml:CGI_NumericValue>
            </gsml:displacementMagnitude>
            <gsml:hangingWallDirection>
                <!--Attribute unionSemantics is optional-->
                <!--Attribute attributeProperty is optional-->
                <!--'Choice' block is optional-->
                <gsml:CGI_NumericValue>
                    <!--Element gsml:qualifier is optional-->
                    <gsml:qualifier>nil:withheld</gsml:qualifier>
                    <gsml:principalValue/>
                    <gsml:plusDelta/>
                    <gsml:minusDelta/>
                </gsml:CGI_NumericValue>
            </gsml:hangingWallDirection>
            <gsml:displacementDirection>
                <!--Attribute unionSemantics is optional-->
                <!--Attribute attributeProperty is optional-->
                <!--'Choice' block is optional-->
                <gsml:CGI_NumericValue>
                    <!--Element gsml:qualifier is optional-->
                    <gsml:qualifier>nil:withheld</gsml:qualifier>
                    <gsml:principalValue/>
                    <gsml:plusDelta/>
                    <gsml:minusDelta/>
                </gsml:CGI_NumericValue>
            </gsml:displacementDirection>
        </gsml:Displacement>
    </gsml:displacement>
    <!--Element gsml:faultSystemMember is optional, maxOccurs=unbounded-->
    <gsml:faultSystemMember>
        <!--Attribute attributeProperty is optional-->
        <!--'Sequence' block is optional-->
        <gsml:FaultSystem>
            <gsml:purpose>instance</gsml:purpose>
            <!--Element gsml:age, maxOccurs=unbounded-->
            <gsml:age>
                <!--Attribute attributeProperty is optional-->
                <!--'Sequence' block is optional-->
                <gsml:GeologicAge>
                    <gsml:value>
                        <!--Attribute attributeProperty is optional-->
                        <!--'Sequence' block is optional-->
                    </gsml:value>
                    <gsml:event>
                        <!--Attribute attributeProperty is optional-->
                        <!--'Sequence' block is optional-->
                        <gsml:CGI_TermValue>
                            <!--Element gsml:qualifier is optional-->
                            <gsml:qualifier>nil:withheld</gsml:qualifier>
                            <gsml:value codeSpace="URI">string</gsml:value>
                        </gsml:CGI_TermValue>
                    </gsml:event>
                </gsml:GeologicAge>
            </gsml:age>
            <gsml:metadata>
                <!--'Sequence' block is optional-->
                <gsml:GeologicFeatureMetadata>
                    <gsml:hierarchyLevel>service</gsml:hierarchyLevel>
                    <!--Element gsml:parent is optional-->
                    <gsml:parent/>
                    <!--Element gsml:sourceReference, maxOccurs=unbounded-->
                    <gsml:sourceReference/>
                    <!--Element gsml:comment is optional-->
                    <gsml:comment/>
                    <gsml:thematicAccuracy>
                        <!--Attribute attributeProperty is optional-->
                        <!--'Sequence' block is optional-->
                    </gsml:thematicAccuracy>
                    <!--Element gsml:observationMethod, maxOccurs=unbounded-->
                    <gsml:observationMethod>
                        <!--Attribute attributeProperty is optional-->
                        <!--'Sequence' block is optional-->
                    </gsml:observationMethod>
                </gsml:GeologicFeatureMetadata>
            </gsml:metadata>
            <!--Element gsml:occurrence is optional, maxOccurs=unbounded-->
            <gsml:occurrence>
                <!--Attribute attributeProperty is optional-->
                <!--'Sequence' block is optional-->
                <gsml:MappedFeature>
                    <gsml:shape>
                        <!--Attribute attributeProperty is optional-->
                        <!--'Sequence' block is optional-->
                    </gsml:shape>
                    <gsml:specification>
                        <!--Attribute attributeProperty is optional-->
                        <!--'Sequence' block is optional-->
                    </gsml:specification>
                    <gsml:samplingFrame/>
                    <gsml:metadata>
                        <!--'Sequence' block is optional-->
                        <gsml:MappedFeatureMetadata>
                            <gsml:hierarchyLevel>service</gsml:hierarchyLevel>
                            <!--Element gsml:parent is optional-->
                            <gsml:parent/>
                            <!--Element gsml:sourceReference, maxOccurs=unbounded-->
                            <gsml:sourceReference/>
                            <!--Element gsml:comment is optional-->
                            <gsml:comment/>
                            <gsml:positionalAccuracy>
                                <!--Attribute attributeProperty is optional-->
                                <!--'Sequence' block is optional-->
                            </gsml:positionalAccuracy>
                            <!--Element gsml:observationMethod, maxOccurs=unbounded-->
                            <gsml:observationMethod>
                                <!--Attribute attributeProperty is optional-->
                                <!--'Sequence' block is optional-->
                            </gsml:observationMethod>
                        </gsml:MappedFeatureMetadata>
                    </gsml:metadata>
                </gsml:MappedFeature>
            </gsml:occurrence>
            <gsml:classifier/>
            <gsml:genesis>
                <!--Attribute attributeProperty is optional-->
                <!--'Sequence' block is optional-->
                <gsml:CGI_TermValue>
                    <!--Element gsml:qualifier is optional-->
                    <gsml:qualifier>nil:withheld</gsml:qualifier>
                    <gsml:value codeSpace="URI">string</gsml:value>
                </gsml:CGI_TermValue>
            </gsml:genesis>
            <gsml:movementType>
                <!--Attribute attributeProperty is optional-->
                <!--'Sequence' block is optional-->
                <gsml:CGI_TermValue>
                    <!--Element gsml:qualifier is optional-->
                    <gsml:qualifier>nil:withheld</gsml:qualifier>
                    <gsml:value codeSpace="URI">string</gsml:value>
                </gsml:CGI_TermValue>
            </gsml:movementType>
            <gsml:movementSense>
                <!--Attribute attributeProperty is optional-->
                <!--'Sequence' block is optional-->
                <gsml:CGI_TermValue>
                    <!--Element gsml:qualifier is optional-->
                    <gsml:qualifier>nil:withheld</gsml:qualifier>
                    <gsml:value codeSpace="URI">string</gsml:value>
                </gsml:CGI_TermValue>
            </gsml:movementSense>
            <!--Element gsml:displacement is optional-->
            <gsml:displacement>
                <!--Attribute attributeProperty is optional-->
                <!--'Sequence' block is optional-->
                <gsml:Displacement>
                    <gsml:displacementMagnitude>
                        <!--Attribute unionSemantics is optional-->
                        <!--Attribute attributeProperty is optional-->
                        <!--'Choice' block is optional-->
                        <gsml:CGI_NumericValue>
                            <!--Element gsml:qualifier is optional-->
                            <gsml:qualifier>nil:withheld</gsml:qualifier>
                            <gsml:principalValue/>
                            <gsml:plusDelta/>
                            <gsml:minusDelta/>
                        </gsml:CGI_NumericValue>
                    </gsml:displacementMagnitude>
                    <gsml:hangingWallDirection>
                        <!--Attribute unionSemantics is optional-->
                        <!--Attribute attributeProperty is optional-->
                        <!--'Choice' block is optional-->
                        <gsml:CGI_NumericValue>
                            <!--Element gsml:qualifier is optional-->
                            <gsml:qualifier>nil:withheld</gsml:qualifier>
                            <gsml:principalValue/>
                            <gsml:plusDelta/>
                            <gsml:minusDelta/>
                        </gsml:CGI_NumericValue>
                    </gsml:hangingWallDirection>
                    <gsml:displacementDirection>
                        <!--Attribute unionSemantics is optional-->
                        <!--Attribute attributeProperty is optional-->
                        <!--'Choice' block is optional-->
                        <gsml:CGI_NumericValue>
                            <!--Element gsml:qualifier is optional-->
                            <gsml:qualifier>nil:withheld</gsml:qualifier>
                            <gsml:principalValue/>
                            <gsml:plusDelta/>
                            <gsml:minusDelta/>
                        </gsml:CGI_NumericValue>
                    </gsml:displacementDirection>
                </gsml:Displacement>
            </gsml:displacement>
            <!--Element gsml:faultSystemMember is optional, maxOccurs=unbounded-->
            <gsml:faultSystemMember>
                <!--Attribute attributeProperty is optional-->
                <!--'Sequence' block is optional-->
                <gsml:FaultSystem>
                    <gsml:purpose>instance</gsml:purpose>
                    <!--Element gsml:age, maxOccurs=unbounded-->
                    <gsml:age>
                        <!--Attribute attributeProperty is optional-->
                        <!--'Sequence' block is optional-->
                        <gsml:GeologicAge>
                            <gsml:value>
                                <!--Attribute attributeProperty is optional-->
                                <!--'Sequence' block is optional-->
                            </gsml:value>
                            <gsml:event>
                                <!--Attribute attributeProperty is optional-->
                                <!--'Sequence' block is optional-->
                                <gsml:CGI_TermValue>
                                    <!--Element gsml:qualifier is optional-->
                                    <gsml:qualifier>nil:withheld</gsml:qualifier>
                                    <gsml:value codeSpace="URI">string</gsml:value>
                                </gsml:CGI_TermValue>
                            </gsml:event>
                        </gsml:GeologicAge>
                    </gsml:age>
                    <gsml:metadata>
                        <!--'Sequence' block is optional-->
                        <gsml:GeologicFeatureMetadata>
                            <gsml:hierarchyLevel>service</gsml:hierarchyLevel>
                            <!--Element gsml:parent is optional-->
                            <gsml:parent/>
                            <!--Element gsml:sourceReference, maxOccurs=unbounded-->
                            <gsml:sourceReference/>
                            <!--Element gsml:comment is optional-->
                            <gsml:comment/>
                            <gsml:thematicAccuracy>
                                <!--Attribute attributeProperty is optional-->
                                <!--'Sequence' block is optional-->
                            </gsml:thematicAccuracy>
                            <!--Element gsml:observationMethod, maxOccurs=unbounded-->
                            <gsml:observationMethod>
                                <!--Attribute attributeProperty is optional-->
                                <!--'Sequence' block is optional-->
                            </gsml:observationMethod>
                        </gsml:GeologicFeatureMetadata>
                    </gsml:metadata>
                    <!--Element gsml:occurrence is optional, maxOccurs=unbounded-->
                    <gsml:occurrence>
                        <!--Attribute attributeProperty is optional-->
                        <!--'Sequence' block is optional-->
                        <gsml:MappedFeature>
                            <gsml:shape>
                                <!--Attribute attributeProperty is optional-->
                                <!--'Sequence' block is optional-->
                            </gsml:shape>
                            <gsml:specification>
                                <!--Attribute attributeProperty is optional-->
                                <!--'Sequence' block is optional-->
                            </gsml:specification>
                            <gsml:samplingFrame/>
                            <gsml:metadata>
                                <!--'Sequence' block is optional-->
                                <gsml:MappedFeatureMetadata>
                                    <gsml:hierarchyLevel>service</gsml:hierarchyLevel>
                                    <!--Element gsml:parent is optional-->
                                    <gsml:parent/>
                                    <!--Element gsml:sourceReference, maxOccurs=unbounded-->
                                    <gsml:sourceReference/>
                                    <!--Element gsml:comment is optional-->
                                    <gsml:comment/>
                                    <gsml:positionalAccuracy>
                                        <!--Attribute attributeProperty is optional-->
                                        <!--'Sequence' block is optional-->
                                    </gsml:positionalAccuracy>
                                    <!--Element gsml:observationMethod, maxOccurs=unbounded-->
                                    <gsml:observationMethod>
                                        <!--Attribute attributeProperty is optional-->
                                        <!--'Sequence' block is optional-->
                                    </gsml:observationMethod>
                                </gsml:MappedFeatureMetadata>
                            </gsml:metadata>
                        </gsml:MappedFeature>
                    </gsml:occurrence>
                    <gsml:classifier/>
                    <gsml:genesis>
                        <!--Attribute attributeProperty is optional-->
                        <!--'Sequence' block is optional-->
                        <gsml:CGI_TermValue>
                            <!--Element gsml:qualifier is optional-->
                            <gsml:qualifier>nil:withheld</gsml:qualifier>
                            <gsml:value codeSpace="URI">string</gsml:value>
                        </gsml:CGI_TermValue>
                    </gsml:genesis>
                    <gsml:movementType>
                        <!--Attribute attributeProperty is optional-->
                        <!--'Sequence' block is optional-->
                        <gsml:CGI_TermValue>
                            <!--Element gsml:qualifier is optional-->
                            <gsml:qualifier>nil:withheld</gsml:qualifier>
                            <gsml:value codeSpace="URI">string</gsml:value>
                        </gsml:CGI_TermValue>
                    </gsml:movementType>
                    <gsml:movementSense>
                        <!--Attribute attributeProperty is optional-->
                        <!--'Sequence' block is optional-->
                        <gsml:CGI_TermValue>
                            <!--Element gsml:qualifier is optional-->
                            <gsml:qualifier>nil:withheld</gsml:qualifier>
                            <gsml:value codeSpace="URI">string</gsml:value>
                        </gsml:CGI_TermValue>
                    </gsml:movementSense>
                    <!--Element gsml:displacement is optional-->
                    <gsml:displacement>
                        <!--Attribute attributeProperty is optional-->
                        <!--'Sequence' block is optional-->
                        <gsml:Displacement>
                            <gsml:displacementMagnitude>
                                <!--Attribute unionSemantics is optional-->
                                <!--Attribute attributeProperty is optional-->
                                <!--'Choice' block is optional-->
                                <gsml:CGI_NumericValue>
                                    <!--Element gsml:qualifier is optional-->
                                    <gsml:qualifier>nil:withheld</gsml:qualifier>
                                    <gsml:principalValue/>
                                    <gsml:plusDelta/>
                                    <gsml:minusDelta/>
                                </gsml:CGI_NumericValue>
                            </gsml:displacementMagnitude>
                            <gsml:hangingWallDirection>
                                <!--Attribute unionSemantics is optional-->
                                <!--Attribute attributeProperty is optional-->
                                <!--'Choice' block is optional-->
                                <gsml:CGI_NumericValue>
                                    <!--Element gsml:qualifier is optional-->
                                    <gsml:qualifier>nil:withheld</gsml:qualifier>
                                    <gsml:principalValue/>
                                    <gsml:plusDelta/>
                                    <gsml:minusDelta/>
                                </gsml:CGI_NumericValue>
                            </gsml:hangingWallDirection>
                            <gsml:displacementDirection>
                                <!--Attribute unionSemantics is optional-->
                                <!--Attribute attributeProperty is optional-->
                                <!--'Choice' block is optional-->
                                <gsml:CGI_NumericValue>
                                    <!--Element gsml:qualifier is optional-->
                                    <gsml:qualifier>nil:withheld</gsml:qualifier>
                                    <gsml:principalValue/>
                                    <gsml:plusDelta/>
                                    <gsml:minusDelta/>
                                </gsml:CGI_NumericValue>
                            </gsml:displacementDirection>
                        </gsml:Displacement>
                    </gsml:displacement>
                </gsml:FaultSystem>
            </gsml:faultSystemMember>
        </gsml:FaultSystem>
    </gsml:faultSystemMember>
    <!--Element gsml:segment is optional, maxOccurs=unbounded-->
    <gsml:segment>
        <!--Attribute attributeProperty is optional-->
        <!--'Sequence' block is optional-->
        <gsml:Fault>
            <gsml:purpose>instance</gsml:purpose>
            <!--Element gsml:age, maxOccurs=unbounded-->
            <gsml:age>
                <!--Attribute attributeProperty is optional-->
                <!--'Sequence' block is optional-->
                <gsml:GeologicAge>
                    <gsml:value>
                        <!--Attribute attributeProperty is optional-->
                        <!--'Sequence' block is optional-->
                    </gsml:value>
                    <gsml:event>
                        <!--Attribute attributeProperty is optional-->
                        <!--'Sequence' block is optional-->
                        <gsml:CGI_TermValue>
                            <!--Element gsml:qualifier is optional-->
                            <gsml:qualifier>nil:withheld</gsml:qualifier>
                            <gsml:value codeSpace="URI">string</gsml:value>
                        </gsml:CGI_TermValue>
                    </gsml:event>
                </gsml:GeologicAge>
            </gsml:age>
            <gsml:metadata>
                <!--'Sequence' block is optional-->
                <gsml:GeologicFeatureMetadata>
                    <gsml:hierarchyLevel>service</gsml:hierarchyLevel>
                    <!--Element gsml:parent is optional-->
                    <gsml:parent/>
                    <!--Element gsml:sourceReference, maxOccurs=unbounded-->
                    <gsml:sourceReference/>
                    <!--Element gsml:comment is optional-->
                    <gsml:comment/>
                    <gsml:thematicAccuracy>
                        <!--Attribute attributeProperty is optional-->
                        <!--'Sequence' block is optional-->
                    </gsml:thematicAccuracy>
                    <!--Element gsml:observationMethod, maxOccurs=unbounded-->
                    <gsml:observationMethod>
                        <!--Attribute attributeProperty is optional-->
                        <!--'Sequence' block is optional-->
                    </gsml:observationMethod>
                </gsml:GeologicFeatureMetadata>
            </gsml:metadata>
            <!--Element gsml:occurrence is optional, maxOccurs=unbounded-->
            <gsml:occurrence>
                <!--Attribute attributeProperty is optional-->
                <!--'Sequence' block is optional-->
                <gsml:MappedFeature>
                    <gsml:shape>
                        <!--Attribute attributeProperty is optional-->
                        <!--'Sequence' block is optional-->
                    </gsml:shape>
                    <gsml:specification>
                        <!--Attribute attributeProperty is optional-->
                        <!--'Sequence' block is optional-->
                    </gsml:specification>
                    <gsml:samplingFrame/>
                    <gsml:metadata>
                        <!--'Sequence' block is optional-->
                        <gsml:MappedFeatureMetadata>
                            <gsml:hierarchyLevel>service</gsml:hierarchyLevel>
                            <!--Element gsml:parent is optional-->
                            <gsml:parent/>
                            <!--Element gsml:sourceReference, maxOccurs=unbounded-->
                            <gsml:sourceReference/>
                            <!--Element gsml:comment is optional-->
                            <gsml:comment/>
                            <gsml:positionalAccuracy>
                                <!--Attribute attributeProperty is optional-->
                                <!--'Sequence' block is optional-->
                            </gsml:positionalAccuracy>
                            <!--Element gsml:observationMethod, maxOccurs=unbounded-->
                            <gsml:observationMethod>
                                <!--Attribute attributeProperty is optional-->
                                <!--'Sequence' block is optional-->
                            </gsml:observationMethod>
                        </gsml:MappedFeatureMetadata>
                    </gsml:metadata>
                </gsml:MappedFeature>
            </gsml:occurrence>
            <gsml:classifier/>
            <gsml:genesis>
                <!--Attribute attributeProperty is optional-->
                <!--'Sequence' block is optional-->
                <gsml:CGI_TermValue>
                    <!--Element gsml:qualifier is optional-->
                    <gsml:qualifier>nil:withheld</gsml:qualifier>
                    <gsml:value codeSpace="URI">string</gsml:value>
                </gsml:CGI_TermValue>
            </gsml:genesis>
            <gsml:movementType>
                <!--Attribute attributeProperty is optional-->
                <!--'Sequence' block is optional-->
                <gsml:CGI_TermValue>
                    <!--Element gsml:qualifier is optional-->
                    <gsml:qualifier>nil:withheld</gsml:qualifier>
                    <gsml:value codeSpace="URI">string</gsml:value>
                </gsml:CGI_TermValue>
            </gsml:movementType>
            <gsml:movementSense>
                <!--Attribute attributeProperty is optional-->
                <!--'Sequence' block is optional-->
                <gsml:CGI_TermValue>
                    <!--Element gsml:qualifier is optional-->
                    <gsml:qualifier>nil:withheld</gsml:qualifier>
                    <gsml:value codeSpace="URI">string</gsml:value>
                </gsml:CGI_TermValue>
            </gsml:movementSense>
            <!--Element gsml:displacement is optional-->
            <gsml:displacement>
                <!--Attribute attributeProperty is optional-->
                <!--'Sequence' block is optional-->
                <gsml:Displacement>
                    <gsml:displacementMagnitude>
                        <!--Attribute unionSemantics is optional-->
                        <!--Attribute attributeProperty is optional-->
                        <!--'Choice' block is optional-->
                        <gsml:CGI_NumericValue>
                            <!--Element gsml:qualifier is optional-->
                            <gsml:qualifier>nil:withheld</gsml:qualifier>
                            <gsml:principalValue/>
                            <gsml:plusDelta/>
                            <gsml:minusDelta/>
                        </gsml:CGI_NumericValue>
                    </gsml:displacementMagnitude>
                    <gsml:hangingWallDirection>
                        <!--Attribute unionSemantics is optional-->
                        <!--Attribute attributeProperty is optional-->
                        <!--'Choice' block is optional-->
                        <gsml:CGI_NumericValue>
                            <!--Element gsml:qualifier is optional-->
                            <gsml:qualifier>nil:withheld</gsml:qualifier>
                            <gsml:principalValue/>
                            <gsml:plusDelta/>
                            <gsml:minusDelta/>
                        </gsml:CGI_NumericValue>
                    </gsml:hangingWallDirection>
                    <gsml:displacementDirection>
                        <!--Attribute unionSemantics is optional-->
                        <!--Attribute attributeProperty is optional-->
                        <!--'Choice' block is optional-->
                        <gsml:CGI_NumericValue>
                            <!--Element gsml:qualifier is optional-->
                            <gsml:qualifier>nil:withheld</gsml:qualifier>
                            <gsml:principalValue/>
                            <gsml:plusDelta/>
                            <gsml:minusDelta/>
                        </gsml:CGI_NumericValue>
                    </gsml:displacementDirection>
                </gsml:Displacement>
            </gsml:displacement>
            <!--Element gsml:faultSystemMember is optional, maxOccurs=unbounded-->
            <gsml:faultSystemMember>
                <!--Attribute attributeProperty is optional-->
                <!--'Sequence' block is optional-->
                <gsml:FaultSystem>
                    <gsml:purpose>instance</gsml:purpose>
                    <!--Element gsml:age, maxOccurs=unbounded-->
                    <gsml:age>
                        <!--Attribute attributeProperty is optional-->
                        <!--'Sequence' block is optional-->
                        <gsml:GeologicAge>
                            <gsml:value>
                                <!--Attribute attributeProperty is optional-->
                                <!--'Sequence' block is optional-->
                            </gsml:value>
                            <gsml:event>
                                <!--Attribute attributeProperty is optional-->
                                <!--'Sequence' block is optional-->
                                <gsml:CGI_TermValue>
                                    <!--Element gsml:qualifier is optional-->
                                    <gsml:qualifier>nil:withheld</gsml:qualifier>
                                    <gsml:value codeSpace="URI">string</gsml:value>
                                </gsml:CGI_TermValue>
                            </gsml:event>
                        </gsml:GeologicAge>
                    </gsml:age>
                    <gsml:metadata>
                        <!--'Sequence' block is optional-->
                        <gsml:GeologicFeatureMetadata>
                            <gsml:hierarchyLevel>service</gsml:hierarchyLevel>
                            <!--Element gsml:parent is optional-->
                            <gsml:parent/>
                            <!--Element gsml:sourceReference, maxOccurs=unbounded-->
                            <gsml:sourceReference/>
                            <!--Element gsml:comment is optional-->
                            <gsml:comment/>
                            <gsml:thematicAccuracy>
                                <!--Attribute attributeProperty is optional-->
                                <!--'Sequence' block is optional-->
                            </gsml:thematicAccuracy>
                            <!--Element gsml:observationMethod, maxOccurs=unbounded-->
                            <gsml:observationMethod>
                                <!--Attribute attributeProperty is optional-->
                                <!--'Sequence' block is optional-->
                            </gsml:observationMethod>
                        </gsml:GeologicFeatureMetadata>
                    </gsml:metadata>
                    <!--Element gsml:occurrence is optional, maxOccurs=unbounded-->
                    <gsml:occurrence>
                        <!--Attribute attributeProperty is optional-->
                        <!--'Sequence' block is optional-->
                        <gsml:MappedFeature>
                            <gsml:shape>
                                <!--Attribute attributeProperty is optional-->
                                <!--'Sequence' block is optional-->
                            </gsml:shape>
                            <gsml:specification>
                                <!--Attribute attributeProperty is optional-->
                                <!--'Sequence' block is optional-->
                            </gsml:specification>
                            <gsml:samplingFrame/>
                            <gsml:metadata>
                                <!--'Sequence' block is optional-->
                                <gsml:MappedFeatureMetadata>
                                    <gsml:hierarchyLevel>service</gsml:hierarchyLevel>
                                    <!--Element gsml:parent is optional-->
                                    <gsml:parent/>
                                    <!--Element gsml:sourceReference, maxOccurs=unbounded-->
                                    <gsml:sourceReference/>
                                    <!--Element gsml:comment is optional-->
                                    <gsml:comment/>
                                    <gsml:positionalAccuracy>
                                        <!--Attribute attributeProperty is optional-->
                                        <!--'Sequence' block is optional-->
                                    </gsml:positionalAccuracy>
                                    <!--Element gsml:observationMethod, maxOccurs=unbounded-->
                                    <gsml:observationMethod>
                                        <!--Attribute attributeProperty is optional-->
                                        <!--'Sequence' block is optional-->
                                    </gsml:observationMethod>
                                </gsml:MappedFeatureMetadata>
                            </gsml:metadata>
                        </gsml:MappedFeature>
                    </gsml:occurrence>
                    <gsml:classifier/>
                    <gsml:genesis>
                        <!--Attribute attributeProperty is optional-->
                        <!--'Sequence' block is optional-->
                        <gsml:CGI_TermValue>
                            <!--Element gsml:qualifier is optional-->
                            <gsml:qualifier>nil:withheld</gsml:qualifier>
                            <gsml:value codeSpace="URI">string</gsml:value>
                        </gsml:CGI_TermValue>
                    </gsml:genesis>
                    <gsml:movementType>
                        <!--Attribute attributeProperty is optional-->
                        <!--'Sequence' block is optional-->
                        <gsml:CGI_TermValue>
                            <!--Element gsml:qualifier is optional-->
                            <gsml:qualifier>nil:withheld</gsml:qualifier>
                            <gsml:value codeSpace="URI">string</gsml:value>
                        </gsml:CGI_TermValue>
                    </gsml:movementType>
                    <gsml:movementSense>
                        <!--Attribute attributeProperty is optional-->
                        <!--'Sequence' block is optional-->
                        <gsml:CGI_TermValue>
                            <!--Element gsml:qualifier is optional-->
                            <gsml:qualifier>nil:withheld</gsml:qualifier>
                            <gsml:value codeSpace="URI">string</gsml:value>
                        </gsml:CGI_TermValue>
                    </gsml:movementSense>
                    <!--Element gsml:displacement is optional-->
                    <gsml:displacement>
                        <!--Attribute attributeProperty is optional-->
                        <!--'Sequence' block is optional-->
                        <gsml:Displacement>
                            <gsml:displacementMagnitude>
                                <!--Attribute unionSemantics is optional-->
                                <!--Attribute attributeProperty is optional-->
                                <!--'Choice' block is optional-->
                                <gsml:CGI_NumericValue>
                                    <!--Element gsml:qualifier is optional-->
                                    <gsml:qualifier>nil:withheld</gsml:qualifier>
                                    <gsml:principalValue/>
                                    <gsml:plusDelta/>
                                    <gsml:minusDelta/>
                                </gsml:CGI_NumericValue>
                            </gsml:displacementMagnitude>
                            <gsml:hangingWallDirection>
                                <!--Attribute unionSemantics is optional-->
                                <!--Attribute attributeProperty is optional-->
                                <!--'Choice' block is optional-->
                                <gsml:CGI_NumericValue>
                                    <!--Element gsml:qualifier is optional-->
                                    <gsml:qualifier>nil:withheld</gsml:qualifier>
                                    <gsml:principalValue/>
                                    <gsml:plusDelta/>
                                    <gsml:minusDelta/>
                                </gsml:CGI_NumericValue>
                            </gsml:hangingWallDirection>
                            <gsml:displacementDirection>
                                <!--Attribute unionSemantics is optional-->
                                <!--Attribute attributeProperty is optional-->
                                <!--'Choice' block is optional-->
                                <gsml:CGI_NumericValue>
                                    <!--Element gsml:qualifier is optional-->
                                    <gsml:qualifier>nil:withheld</gsml:qualifier>
                                    <gsml:principalValue/>
                                    <gsml:plusDelta/>
                                    <gsml:minusDelta/>
                                </gsml:CGI_NumericValue>
                            </gsml:displacementDirection>
                        </gsml:Displacement>
                    </gsml:displacement>
                    <!--Element gsml:faultSystemMember is optional, maxOccurs=unbounded-->
                    <gsml:faultSystemMember>
                        <!--Attribute attributeProperty is optional-->
                        <!--'Sequence' block is optional-->
                        <gsml:FaultSystem>
                            <gsml:purpose>instance</gsml:purpose>
                            <!--Element gsml:age, maxOccurs=unbounded-->
                            <gsml:age>
                                <!--Attribute attributeProperty is optional-->
                                <!--'Sequence' block is optional-->
                                <gsml:GeologicAge>
                                    <gsml:value>
                                        <!--Attribute attributeProperty is optional-->
                                        <!--'Sequence' block is optional-->
                                    </gsml:value>
                                    <gsml:event>
                                        <!--Attribute attributeProperty is optional-->
                                        <!--'Sequence' block is optional-->
                                        <gsml:CGI_TermValue>
                                            <!--Element gsml:qualifier is optional-->
                                            <gsml:qualifier>nil:withheld</gsml:qualifier>
                                            <gsml:value codeSpace="URI">string</gsml:value>
                                        </gsml:CGI_TermValue>
                                    </gsml:event>
                                </gsml:GeologicAge>
                            </gsml:age>
                            <gsml:metadata>
                                <!--'Sequence' block is optional-->
                                <gsml:GeologicFeatureMetadata>
                                    <gsml:hierarchyLevel>service</gsml:hierarchyLevel>
                                    <!--Element gsml:parent is optional-->
                                    <gsml:parent/>
                                    <!--Element gsml:sourceReference, maxOccurs=unbounded-->
                                    <gsml:sourceReference/>
                                    <!--Element gsml:comment is optional-->
                                    <gsml:comment/>
                                    <gsml:thematicAccuracy>
                                        <!--Attribute attributeProperty is optional-->
                                        <!--'Sequence' block is optional-->
                                    </gsml:thematicAccuracy>
                                    <!--Element gsml:observationMethod, maxOccurs=unbounded-->
                                    <gsml:observationMethod>
                                        <!--Attribute attributeProperty is optional-->
                                        <!--'Sequence' block is optional-->
                                    </gsml:observationMethod>
                                </gsml:GeologicFeatureMetadata>
                            </gsml:metadata>
                            <!--Element gsml:occurrence is optional, maxOccurs=unbounded-->
                            <gsml:occurrence>
                                <!--Attribute attributeProperty is optional-->
                                <!--'Sequence' block is optional-->
                                <gsml:MappedFeature>
                                    <gsml:shape>
                                        <!--Attribute attributeProperty is optional-->
                                        <!--'Sequence' block is optional-->
                                    </gsml:shape>
                                    <gsml:specification>
                                        <!--Attribute attributeProperty is optional-->
                                        <!--'Sequence' block is optional-->
                                    </gsml:specification>
                                    <gsml:samplingFrame/>
                                    <gsml:metadata>
                                        <!--'Sequence' block is optional-->
                                        <gsml:MappedFeatureMetadata>
                                            <gsml:hierarchyLevel>service</gsml:hierarchyLevel>
                                            <!--Element gsml:parent is optional-->
                                            <gsml:parent/>
                                            <!--Element gsml:sourceReference, maxOccurs=unbounded-->
                                            <gsml:sourceReference/>
                                            <!--Element gsml:comment is optional-->
                                            <gsml:comment/>
                                            <gsml:positionalAccuracy>
                                                <!--Attribute attributeProperty is optional-->
                                                <!--'Sequence' block is optional-->
                                            </gsml:positionalAccuracy>
                                            <!--Element gsml:observationMethod, maxOccurs=unbounded-->
                                            <gsml:observationMethod>
                                                <!--Attribute attributeProperty is optional-->
                                                <!--'Sequence' block is optional-->
                                            </gsml:observationMethod>
                                        </gsml:MappedFeatureMetadata>
                                    </gsml:metadata>
                                </gsml:MappedFeature>
                            </gsml:occurrence>
                            <gsml:classifier/>
                            <gsml:genesis>
                                <!--Attribute attributeProperty is optional-->
                                <!--'Sequence' block is optional-->
                                <gsml:CGI_TermValue>
                                    <!--Element gsml:qualifier is optional-->
                                    <gsml:qualifier>nil:withheld</gsml:qualifier>
                                    <gsml:value codeSpace="URI">string</gsml:value>
                                </gsml:CGI_TermValue>
                            </gsml:genesis>
                            <gsml:movementType>
                                <!--Attribute attributeProperty is optional-->
                                <!--'Sequence' block is optional-->
                                <gsml:CGI_TermValue>
                                    <!--Element gsml:qualifier is optional-->
                                    <gsml:qualifier>nil:withheld</gsml:qualifier>
                                    <gsml:value codeSpace="URI">string</gsml:value>
                                </gsml:CGI_TermValue>
                            </gsml:movementType>
                            <gsml:movementSense>
                                <!--Attribute attributeProperty is optional-->
                                <!--'Sequence' block is optional-->
                                <gsml:CGI_TermValue>
                                    <!--Element gsml:qualifier is optional-->
                                    <gsml:qualifier>nil:withheld</gsml:qualifier>
                                    <gsml:value codeSpace="URI">string</gsml:value>
                                </gsml:CGI_TermValue>
                            </gsml:movementSense>
                            <!--Element gsml:displacement is optional-->
                            <gsml:displacement>
                                <!--Attribute attributeProperty is optional-->
                                <!--'Sequence' block is optional-->
                                <gsml:Displacement>
                                    <gsml:displacementMagnitude>
                                        <!--Attribute unionSemantics is optional-->
                                        <!--Attribute attributeProperty is optional-->
                                        <!--'Choice' block is optional-->
                                        <gsml:CGI_NumericValue>
                                            <!--Element gsml:qualifier is optional-->
                                            <gsml:qualifier>nil:withheld</gsml:qualifier>
                                            <gsml:principalValue/>
                                            <gsml:plusDelta/>
                                            <gsml:minusDelta/>
                                        </gsml:CGI_NumericValue>
                                    </gsml:displacementMagnitude>
                                    <gsml:hangingWallDirection>
                                        <!--Attribute unionSemantics is optional-->
                                        <!--Attribute attributeProperty is optional-->
                                        <!--'Choice' block is optional-->
                                        <gsml:CGI_NumericValue>
                                            <!--Element gsml:qualifier is optional-->
                                            <gsml:qualifier>nil:withheld</gsml:qualifier>
                                            <gsml:principalValue/>
                                            <gsml:plusDelta/>
                                            <gsml:minusDelta/>
                                        </gsml:CGI_NumericValue>
                                    </gsml:hangingWallDirection>
                                    <gsml:displacementDirection>
                                        <!--Attribute unionSemantics is optional-->
                                        <!--Attribute attributeProperty is optional-->
                                        <!--'Choice' block is optional-->
                                        <gsml:CGI_NumericValue>
                                            <!--Element gsml:qualifier is optional-->
                                            <gsml:qualifier>nil:withheld</gsml:qualifier>
                                            <gsml:principalValue/>
                                            <gsml:plusDelta/>
                                            <gsml:minusDelta/>
                                        </gsml:CGI_NumericValue>
                                    </gsml:displacementDirection>
                                </gsml:Displacement>
                            </gsml:displacement>
                        </gsml:FaultSystem>
                    </gsml:faultSystemMember>
                </gsml:FaultSystem>
            </gsml:faultSystemMember>
            <!--Element gsml:segment is optional, maxOccurs=unbounded-->
            <gsml:segment>
                <!--Attribute attributeProperty is optional-->
                <!--'Sequence' block is optional-->
                <gsml:Fault>
                    <gsml:purpose>instance</gsml:purpose>
                    <!--Element gsml:age, maxOccurs=unbounded-->
                    <gsml:age>
                        <!--Attribute attributeProperty is optional-->
                        <!--'Sequence' block is optional-->
                        <gsml:GeologicAge>
                            <gsml:value>
                                <!--Attribute attributeProperty is optional-->
                                <!--'Sequence' block is optional-->
                            </gsml:value>
                            <gsml:event>
                                <!--Attribute attributeProperty is optional-->
                                <!--'Sequence' block is optional-->
                                <gsml:CGI_TermValue>
                                    <!--Element gsml:qualifier is optional-->
                                    <gsml:qualifier>nil:withheld</gsml:qualifier>
                                    <gsml:value codeSpace="URI">string</gsml:value>
                                </gsml:CGI_TermValue>
                            </gsml:event>
                        </gsml:GeologicAge>
                    </gsml:age>
                    <gsml:metadata>
                        <!--'Sequence' block is optional-->
                        <gsml:GeologicFeatureMetadata>
                            <gsml:hierarchyLevel>service</gsml:hierarchyLevel>
                            <!--Element gsml:parent is optional-->
                            <gsml:parent/>
                            <!--Element gsml:sourceReference, maxOccurs=unbounded-->
                            <gsml:sourceReference/>
                            <!--Element gsml:comment is optional-->
                            <gsml:comment/>
                            <gsml:thematicAccuracy>
                                <!--Attribute attributeProperty is optional-->
                                <!--'Sequence' block is optional-->
                            </gsml:thematicAccuracy>
                            <!--Element gsml:observationMethod, maxOccurs=unbounded-->
                            <gsml:observationMethod>
                                <!--Attribute attributeProperty is optional-->
                                <!--'Sequence' block is optional-->
                            </gsml:observationMethod>
                        </gsml:GeologicFeatureMetadata>
                    </gsml:metadata>
                    <!--Element gsml:occurrence is optional, maxOccurs=unbounded-->
                    <gsml:occurrence>
                        <!--Attribute attributeProperty is optional-->
                        <!--'Sequence' block is optional-->
                        <gsml:MappedFeature>
                            <gsml:shape>
                                <!--Attribute attributeProperty is optional-->
                                <!--'Sequence' block is optional-->
                            </gsml:shape>
                            <gsml:specification>
                                <!--Attribute attributeProperty is optional-->
                                <!--'Sequence' block is optional-->
                            </gsml:specification>
                            <gsml:samplingFrame/>
                            <gsml:metadata>
                                <!--'Sequence' block is optional-->
                                <gsml:MappedFeatureMetadata>
                                    <gsml:hierarchyLevel>service</gsml:hierarchyLevel>
                                    <!--Element gsml:parent is optional-->
                                    <gsml:parent/>
                                    <!--Element gsml:sourceReference, maxOccurs=unbounded-->
                                    <gsml:sourceReference/>
                                    <!--Element gsml:comment is optional-->
                                    <gsml:comment/>
                                    <gsml:positionalAccuracy>
                                        <!--Attribute attributeProperty is optional-->
                                        <!--'Sequence' block is optional-->
                                    </gsml:positionalAccuracy>
                                    <!--Element gsml:observationMethod, maxOccurs=unbounded-->
                                    <gsml:observationMethod>
                                        <!--Attribute attributeProperty is optional-->
                                        <!--'Sequence' block is optional-->
                                    </gsml:observationMethod>
                                </gsml:MappedFeatureMetadata>
                            </gsml:metadata>
                        </gsml:MappedFeature>
                    </gsml:occurrence>
                    <gsml:classifier/>
                    <gsml:genesis>
                        <!--Attribute attributeProperty is optional-->
                        <!--'Sequence' block is optional-->
                        <gsml:CGI_TermValue>
                            <!--Element gsml:qualifier is optional-->
                            <gsml:qualifier>nil:withheld</gsml:qualifier>
                            <gsml:value codeSpace="URI">string</gsml:value>
                        </gsml:CGI_TermValue>
                    </gsml:genesis>
                    <gsml:movementType>
                        <!--Attribute attributeProperty is optional-->
                        <!--'Sequence' block is optional-->
                        <gsml:CGI_TermValue>
                            <!--Element gsml:qualifier is optional-->
                            <gsml:qualifier>nil:withheld</gsml:qualifier>
                            <gsml:value codeSpace="URI">string</gsml:value>
                        </gsml:CGI_TermValue>
                    </gsml:movementType>
                    <gsml:movementSense>
                        <!--Attribute attributeProperty is optional-->
                        <!--'Sequence' block is optional-->
                        <gsml:CGI_TermValue>
                            <!--Element gsml:qualifier is optional-->
                            <gsml:qualifier>nil:withheld</gsml:qualifier>
                            <gsml:value codeSpace="URI">string</gsml:value>
                        </gsml:CGI_TermValue>
                    </gsml:movementSense>
                    <!--Element gsml:displacement is optional-->
                    <gsml:displacement>
                        <!--Attribute attributeProperty is optional-->
                        <!--'Sequence' block is optional-->
                        <gsml:Displacement>
                            <gsml:displacementMagnitude>
                                <!--Attribute unionSemantics is optional-->
                                <!--Attribute attributeProperty is optional-->
                                <!--'Choice' block is optional-->
                                <gsml:CGI_NumericValue>
                                    <!--Element gsml:qualifier is optional-->
                                    <gsml:qualifier>nil:withheld</gsml:qualifier>
                                    <gsml:principalValue/>
                                    <gsml:plusDelta/>
                                    <gsml:minusDelta/>
                                </gsml:CGI_NumericValue>
                            </gsml:displacementMagnitude>
                            <gsml:hangingWallDirection>
                                <!--Attribute unionSemantics is optional-->
                                <!--Attribute attributeProperty is optional-->
                                <!--'Choice' block is optional-->
                                <gsml:CGI_NumericValue>
                                    <!--Element gsml:qualifier is optional-->
                                    <gsml:qualifier>nil:withheld</gsml:qualifier>
                                    <gsml:principalValue/>
                                    <gsml:plusDelta/>
                                    <gsml:minusDelta/>
                                </gsml:CGI_NumericValue>
                            </gsml:hangingWallDirection>
                            <gsml:displacementDirection>
                                <!--Attribute unionSemantics is optional-->
                                <!--Attribute attributeProperty is optional-->
                                <!--'Choice' block is optional-->
                                <gsml:CGI_NumericValue>
                                    <!--Element gsml:qualifier is optional-->
                                    <gsml:qualifier>nil:withheld</gsml:qualifier>
                                    <gsml:principalValue/>
                                    <gsml:plusDelta/>
                                    <gsml:minusDelta/>
                                </gsml:CGI_NumericValue>
                            </gsml:displacementDirection>
                        </gsml:Displacement>
                    </gsml:displacement>
                    <!--Element gsml:faultSystemMember is optional, maxOccurs=unbounded-->
                    <gsml:faultSystemMember>
                        <!--Attribute attributeProperty is optional-->
                        <!--'Sequence' block is optional-->
                        <gsml:FaultSystem>
                            <gsml:purpose>instance</gsml:purpose>
                            <!--Element gsml:age, maxOccurs=unbounded-->
                            <gsml:age>
                                <!--Attribute attributeProperty is optional-->
                                <!--'Sequence' block is optional-->
                                <gsml:GeologicAge>
                                    <gsml:value>
                                        <!--Attribute attributeProperty is optional-->
                                        <!--'Sequence' block is optional-->
                                    </gsml:value>
                                    <gsml:event>
                                        <!--Attribute attributeProperty is optional-->
                                        <!--'Sequence' block is optional-->
                                        <gsml:CGI_TermValue>
                                            <!--Element gsml:qualifier is optional-->
                                            <gsml:qualifier>nil:withheld</gsml:qualifier>
                                            <gsml:value codeSpace="URI">string</gsml:value>
                                        </gsml:CGI_TermValue>
                                    </gsml:event>
                                </gsml:GeologicAge>
                            </gsml:age>
                            <gsml:metadata>
                                <!--'Sequence' block is optional-->
                                <gsml:GeologicFeatureMetadata>
                                    <gsml:hierarchyLevel>service</gsml:hierarchyLevel>
                                    <!--Element gsml:parent is optional-->
                                    <gsml:parent/>
                                    <!--Element gsml:sourceReference, maxOccurs=unbounded-->
                                    <gsml:sourceReference/>
                                    <!--Element gsml:comment is optional-->
                                    <gsml:comment/>
                                    <gsml:thematicAccuracy>
                                        <!--Attribute attributeProperty is optional-->
                                        <!--'Sequence' block is optional-->
                                    </gsml:thematicAccuracy>
                                    <!--Element gsml:observationMethod, maxOccurs=unbounded-->
                                    <gsml:observationMethod>
                                        <!--Attribute attributeProperty is optional-->
                                        <!--'Sequence' block is optional-->
                                    </gsml:observationMethod>
                                </gsml:GeologicFeatureMetadata>
                            </gsml:metadata>
                            <!--Element gsml:occurrence is optional, maxOccurs=unbounded-->
                            <gsml:occurrence>
                                <!--Attribute attributeProperty is optional-->
                                <!--'Sequence' block is optional-->
                                <gsml:MappedFeature>
                                    <gsml:shape>
                                        <!--Attribute attributeProperty is optional-->
                                        <!--'Sequence' block is optional-->
                                    </gsml:shape>
                                    <gsml:specification>
                                        <!--Attribute attributeProperty is optional-->
                                        <!--'Sequence' block is optional-->
                                    </gsml:specification>
                                    <gsml:samplingFrame/>
                                    <gsml:metadata>
                                        <!--'Sequence' block is optional-->
                                        <gsml:MappedFeatureMetadata>
                                            <gsml:hierarchyLevel>service</gsml:hierarchyLevel>
                                            <!--Element gsml:parent is optional-->
                                            <gsml:parent/>
                                            <!--Element gsml:sourceReference, maxOccurs=unbounded-->
                                            <gsml:sourceReference/>
                                            <!--Element gsml:comment is optional-->
                                            <gsml:comment/>
                                            <gsml:positionalAccuracy>
                                                <!--Attribute attributeProperty is optional-->
                                                <!--'Sequence' block is optional-->
                                            </gsml:positionalAccuracy>
                                            <!--Element gsml:observationMethod, maxOccurs=unbounded-->
                                            <gsml:observationMethod>
                                                <!--Attribute attributeProperty is optional-->
                                                <!--'Sequence' block is optional-->
                                            </gsml:observationMethod>
                                        </gsml:MappedFeatureMetadata>
                                    </gsml:metadata>
                                </gsml:MappedFeature>
                            </gsml:occurrence>
                            <gsml:classifier/>
                            <gsml:genesis>
                                <!--Attribute attributeProperty is optional-->
                                <!--'Sequence' block is optional-->
                                <gsml:CGI_TermValue>
                                    <!--Element gsml:qualifier is optional-->
                                    <gsml:qualifier>nil:withheld</gsml:qualifier>
                                    <gsml:value codeSpace="URI">string</gsml:value>
                                </gsml:CGI_TermValue>
                            </gsml:genesis>
                            <gsml:movementType>
                                <!--Attribute attributeProperty is optional-->
                                <!--'Sequence' block is optional-->
                                <gsml:CGI_TermValue>
                                    <!--Element gsml:qualifier is optional-->
                                    <gsml:qualifier>nil:withheld</gsml:qualifier>
                                    <gsml:value codeSpace="URI">string</gsml:value>
                                </gsml:CGI_TermValue>
                            </gsml:movementType>
                            <gsml:movementSense>
                                <!--Attribute attributeProperty is optional-->
                                <!--'Sequence' block is optional-->
                                <gsml:CGI_TermValue>
                                    <!--Element gsml:qualifier is optional-->
                                    <gsml:qualifier>nil:withheld</gsml:qualifier>
                                    <gsml:value codeSpace="URI">string</gsml:value>
                                </gsml:CGI_TermValue>
                            </gsml:movementSense>
                            <!--Element gsml:displacement is optional-->
                            <gsml:displacement>
                                <!--Attribute attributeProperty is optional-->
                                <!--'Sequence' block is optional-->
                                <gsml:Displacement>
                                    <gsml:displacementMagnitude>
                                        <!--Attribute unionSemantics is optional-->
                                        <!--Attribute attributeProperty is optional-->
                                        <!--'Choice' block is optional-->
                                        <gsml:CGI_NumericValue>
                                            <!--Element gsml:qualifier is optional-->
                                            <gsml:qualifier>nil:withheld</gsml:qualifier>
                                            <gsml:principalValue/>
                                            <gsml:plusDelta/>
                                            <gsml:minusDelta/>
                                        </gsml:CGI_NumericValue>
                                    </gsml:displacementMagnitude>
                                    <gsml:hangingWallDirection>
                                        <!--Attribute unionSemantics is optional-->
                                        <!--Attribute attributeProperty is optional-->
                                        <!--'Choice' block is optional-->
                                        <gsml:CGI_NumericValue>
                                            <!--Element gsml:qualifier is optional-->
                                            <gsml:qualifier>nil:withheld</gsml:qualifier>
                                            <gsml:principalValue/>
                                            <gsml:plusDelta/>
                                            <gsml:minusDelta/>
                                        </gsml:CGI_NumericValue>
                                    </gsml:hangingWallDirection>
                                    <gsml:displacementDirection>
                                        <!--Attribute unionSemantics is optional-->
                                        <!--Attribute attributeProperty is optional-->
                                        <!--'Choice' block is optional-->
                                        <gsml:CGI_NumericValue>
                                            <!--Element gsml:qualifier is optional-->
                                            <gsml:qualifier>nil:withheld</gsml:qualifier>
                                            <gsml:principalValue/>
                                            <gsml:plusDelta/>
                                            <gsml:minusDelta/>
                                        </gsml:CGI_NumericValue>
                                    </gsml:displacementDirection>
                                </gsml:Displacement>
                            </gsml:displacement>
                            <!--Element gsml:faultSystemMember is optional, maxOccurs=unbounded-->
                            <gsml:faultSystemMember>
                                <!--Attribute attributeProperty is optional-->
                                <!--'Sequence' block is optional-->
                                <gsml:FaultSystem>
                                    <gsml:purpose>instance</gsml:purpose>
                                    <!--Element gsml:age, maxOccurs=unbounded-->
                                    <gsml:age>
                                        <!--Attribute attributeProperty is optional-->
                                        <!--'Sequence' block is optional-->
                                        <gsml:GeologicAge>
                                            <gsml:value>
                                                <!--Attribute attributeProperty is optional-->
                                                <!--'Sequence' block is optional-->
                                            </gsml:value>
                                            <gsml:event>
                                                <!--Attribute attributeProperty is optional-->
                                                <!--'Sequence' block is optional-->
                                                <gsml:CGI_TermValue>
                                                    <!--Element gsml:qualifier is optional-->
                                                    <gsml:qualifier>nil:withheld</gsml:qualifier>
                                                    <gsml:value codeSpace="URI">string</gsml:value>
                                                </gsml:CGI_TermValue>
                                            </gsml:event>
                                        </gsml:GeologicAge>
                                    </gsml:age>
                                    <gsml:metadata>
                                        <!--'Sequence' block is optional-->
                                        <gsml:GeologicFeatureMetadata>
                                            <gsml:hierarchyLevel>service</gsml:hierarchyLevel>
                                            <!--Element gsml:parent is optional-->
                                            <gsml:parent/>
                                            <!--Element gsml:sourceReference, maxOccurs=unbounded-->
                                            <gsml:sourceReference/>
                                            <!--Element gsml:comment is optional-->
                                            <gsml:comment/>
                                            <gsml:thematicAccuracy>
                                                <!--Attribute attributeProperty is optional-->
                                                <!--'Sequence' block is optional-->
                                            </gsml:thematicAccuracy>
                                            <!--Element gsml:observationMethod, maxOccurs=unbounded-->
                                            <gsml:observationMethod>
                                                <!--Attribute attributeProperty is optional-->
                                                <!--'Sequence' block is optional-->
                                            </gsml:observationMethod>
                                        </gsml:GeologicFeatureMetadata>
                                    </gsml:metadata>
                                    <!--Element gsml:occurrence is optional, maxOccurs=unbounded-->
                                    <gsml:occurrence>
                                        <!--Attribute attributeProperty is optional-->
                                        <!--'Sequence' block is optional-->
                                        <gsml:MappedFeature>
                                            <gsml:shape>
                                                <!--Attribute attributeProperty is optional-->
                                                <!--'Sequence' block is optional-->
                                            </gsml:shape>
                                            <gsml:specification>
                                                <!--Attribute attributeProperty is optional-->
                                                <!--'Sequence' block is optional-->
                                            </gsml:specification>
                                            <gsml:samplingFrame/>
                                            <gsml:metadata>
                                                <!--'Sequence' block is optional-->
                                                <gsml:MappedFeatureMetadata>
                                                    <gsml:hierarchyLevel>service</gsml:hierarchyLevel>
                                                    <!--Element gsml:parent is optional-->
                                                    <gsml:parent/>
                                                    <!--Element gsml:sourceReference, maxOccurs=unbounded-->
                                                    <gsml:sourceReference/>
                                                    <!--Element gsml:comment is optional-->
                                                    <gsml:comment/>
                                                    <gsml:positionalAccuracy>
                                                        <!--Attribute attributeProperty is optional-->
                                                        <!--'Sequence' block is optional-->
                                                    </gsml:positionalAccuracy>
                                                    <!--Element gsml:observationMethod, maxOccurs=unbounded-->
                                                    <gsml:observationMethod>
                                                        <!--Attribute attributeProperty is optional-->
                                                        <!--'Sequence' block is optional-->
                                                    </gsml:observationMethod>
                                                </gsml:MappedFeatureMetadata>
                                            </gsml:metadata>
                                        </gsml:MappedFeature>
                                    </gsml:occurrence>
                                    <gsml:classifier/>
                                    <gsml:genesis>
                                        <!--Attribute attributeProperty is optional-->
                                        <!--'Sequence' block is optional-->
                                        <gsml:CGI_TermValue>
                                            <!--Element gsml:qualifier is optional-->
                                            <gsml:qualifier>nil:withheld</gsml:qualifier>
                                            <gsml:value codeSpace="URI">string</gsml:value>
                                        </gsml:CGI_TermValue>
                                    </gsml:genesis>
                                    <gsml:movementType>
                                        <!--Attribute attributeProperty is optional-->
                                        <!--'Sequence' block is optional-->
                                        <gsml:CGI_TermValue>
                                            <!--Element gsml:qualifier is optional-->
                                            <gsml:qualifier>nil:withheld</gsml:qualifier>
                                            <gsml:value codeSpace="URI">string</gsml:value>
                                        </gsml:CGI_TermValue>
                                    </gsml:movementType>
                                    <gsml:movementSense>
                                        <!--Attribute attributeProperty is optional-->
                                        <!--'Sequence' block is optional-->
                                        <gsml:CGI_TermValue>
                                            <!--Element gsml:qualifier is optional-->
                                            <gsml:qualifier>nil:withheld</gsml:qualifier>
                                            <gsml:value codeSpace="URI">string</gsml:value>
                                        </gsml:CGI_TermValue>
                                    </gsml:movementSense>
                                    <!--Element gsml:displacement is optional-->
                                    <gsml:displacement>
                                        <!--Attribute attributeProperty is optional-->
                                        <!--'Sequence' block is optional-->
                                        <gsml:Displacement>
                                            <gsml:displacementMagnitude>
                                                <!--Attribute unionSemantics is optional-->
                                                <!--Attribute attributeProperty is optional-->
                                                <!--'Choice' block is optional-->
                                                <gsml:CGI_NumericValue>
                                                    <!--Element gsml:qualifier is optional-->
                                                    <gsml:qualifier>nil:withheld</gsml:qualifier>
                                                    <gsml:principalValue/>
                                                    <gsml:plusDelta/>
                                                    <gsml:minusDelta/>
                                                </gsml:CGI_NumericValue>
                                            </gsml:displacementMagnitude>
                                            <gsml:hangingWallDirection>
                                                <!--Attribute unionSemantics is optional-->
                                                <!--Attribute attributeProperty is optional-->
                                                <!--'Choice' block is optional-->
                                                <gsml:CGI_NumericValue>
                                                    <!--Element gsml:qualifier is optional-->
                                                    <gsml:qualifier>nil:withheld</gsml:qualifier>
                                                    <gsml:principalValue/>
                                                    <gsml:plusDelta/>
                                                    <gsml:minusDelta/>
                                                </gsml:CGI_NumericValue>
                                            </gsml:hangingWallDirection>
                                            <gsml:displacementDirection>
                                                <!--Attribute unionSemantics is optional-->
                                                <!--Attribute attributeProperty is optional-->
                                                <!--'Choice' block is optional-->
                                                <gsml:CGI_NumericValue>
                                                    <!--Element gsml:qualifier is optional-->
                                                    <gsml:qualifier>nil:withheld</gsml:qualifier>
                                                    <gsml:principalValue/>
                                                    <gsml:plusDelta/>
                                                    <gsml:minusDelta/>
                                                </gsml:CGI_NumericValue>
                                            </gsml:displacementDirection>
                                        </gsml:Displacement>
                                    </gsml:displacement>
                                </gsml:FaultSystem>
                            </gsml:faultSystemMember>
                        </gsml:FaultSystem>
                    </gsml:faultSystemMember>
                </gsml:Fault>
            </gsml:segment>
        </gsml:Fault>
    </gsml:segment>
</gsml:Fault>