<?xml version="1.0" encoding="UTF-8"?>
<Gsml xmlns="http://www.cgi-iugs.org/xml/GeoSciML/1" xmlns:gml="http://www.opengis.net/gml" xmlns:xlink="http://www.w3.org/1999/xlink" xmlns:xsi="http://www.w3.org/2001/XMLSchema-instance"
      xsi:schemaLocation="http://www.cgi-iugs.org/xml/GeoSciML/1 ../1.1.0/schema/GeoSciML.xsd">
	<!-- this would probably be in a separate file -->
	<member>
		<GeologicFeatureRelation gml:id="rel-100">
			<gml:name>Stratigraphic position</gml:name>
			<role codeSpace="http://www.iugs-cgi.org/featureRelationVocabulary">overlies</role>
			<source xlink:href="#LS3"/>
			<target xlink:href="#LS2"/>
		</GeologicFeatureRelation>
	</member>
	<!-- -->
	<member>
		<LithoStratigraphicUnit gml:id="LS1">
			<!-- simple unit w/o composition -->
			<gml:name>Matti's Group</gml:name>
			<purpose>instance</purpose>
			<age>
				<GeologicAge>
					<value>
						<CGI_TermValue>
							<value codeSpace="http://www.iugs-cgi.org/geologicAgeVocabulary">Cretaceous</value>
						</CGI_TermValue>
					</value>
					<event/>
				</GeologicAge>
			</age>
			<metadata/>
			<classifier xlink:href="urn:x-cgi:def:exception:CGI:2006:nil:informal"/>
			<bodyMorphology xlink:href="urn:x-ogc:def:nil:OGC:unknown"/>
			<outcropCharacter>
				<CGI_TermValue>
					<value codeSpace="http://www.iugs-cgi.org/outcropCharacterVocabulary">pristine</value>
				</CGI_TermValue>
			</outcropCharacter>
			<genesis xlink:href="urn:x-ogc:def:nil:OGC:unknown"/>
			<exposureColor xlink:href="urn:x-ogc:def:nil:OGC:unknown"/>
			<grossChemistry>unknown</grossChemistry>
			<rank codeSpace="http://www.iugs-cgi.org/rankVocabulary">Group</rank>
			<weatheringCharacter/>
			<metamorphicGrade>
				<CGI_TermValue>
					<value codeSpace="http://www.iugs-cgi.org/metamorphicGradeVocabulary">amphibolite</value>
				</CGI_TermValue>
			</metamorphicGrade>
			<unitThickness xlink:href="urn:x-ogc:def:nil:OGC:unknown"/>
			<beddingStyle xlink:href="urn:x-ogc:def:nil:OGC:unknown"/>
			<beddingPattern xlink:href="urn:x-ogc:def:nil:OGC:unknown"/>
			<beddingThickness xlink:href="urn:x-ogc:def:nil:OGC:unknown"/>
		</LithoStratigraphicUnit>
	</member>
	<member>
		<LithoStratigraphicUnit gml:id="LS2">
			<!-- unit w/ composition by reference -->
			<gml:name>Jonathan's Conglomerate</gml:name>
			<purpose>instance</purpose>
			<age>
				<GeologicAge>
					<value>
						<CGI_TermValue>
							<value codeSpace="http://www.iugs-cgi.org/geologicAgeVocabulary">Cretaceous</value>
						</CGI_TermValue>
					</value>
					<event/>
				</GeologicAge>
			</age>
			<metadata/>
			<classifier xlink:href="urn:x-cgi:def:exception:CGI:2006:nil:informal"/>
			<partOf>
				<GeologicUnitPart>
					<unit xlink:href="#LS1"/>
					<role codeSpace="http://www.iugs-cgi.org/unitPartRoleVocabulary">basal member</role>
					<proportion>
						<CGI_NumericValue>
							<principalValue uom="percent">12</principalValue>
							<plusDelta uom="percent">0</plusDelta>
							<minusDelta uom="percent">0</minusDelta>
						</CGI_NumericValue>
					</proportion>
				</GeologicUnitPart>
			</partOf>
			<bodyMorphology xlink:href="urn:x-ogc:def:nil:OGC:unknown"/>
			<outcropCharacter>
				<CGI_TermValue>
					<value codeSpace="http://www.iugs-cgi.org/outcropCharacterVocabulary">pristine</value>
				</CGI_TermValue>
			</outcropCharacter>
			<genesis xlink:href="urn:x-ogc:def:nil:OGC:unknown"/>
			<exposureColor>
				<CGI_TermValue>
					<value codeSpace="http://www.iugs-cgi.org/exposureColorVocabulary">red</value>
				</CGI_TermValue>
			</exposureColor>
			<grossChemistry>silicate</grossChemistry>
			<composition>
				<CompositionPart>
					<role codeSpace="http://www.iugs-cgi.org/compositionPartRoleVocabulary">entirety</role>
					<proportion>
						<CGI_NumericValue>
							<principalValue uom="percent">100</principalValue>
							<plusDelta uom="percent">0</plusDelta>
							<minusDelta uom="percent">0</minusDelta>
						</CGI_NumericValue>
					</proportion>
					<material xlink:href="#Rock144"/>
				</CompositionPart>
			</composition>
			<rank codeSpace="http://www.iugs-cgi.org/rankVocabulary">Formation</rank>
			<weatheringCharacter/>
			<metamorphicGrade>
				<CGI_TermValue>
					<value codeSpace="http://www.iugs-cgi.org/metamorphicGradeVocabulary">amphibolite</value>
				</CGI_TermValue>
			</metamorphicGrade>
			<unitThickness xlink:href="urn:x-ogc:def:nil:OGC:unknown"/>
			<beddingStyle xlink:href="urn:x-ogc:def:nil:OGC:unknown"/>
			<beddingPattern xlink:href="urn:x-ogc:def:nil:OGC:unknown"/>
			<beddingThickness xlink:href="urn:x-ogc:def:nil:OGC:unknown"/>
		</LithoStratigraphicUnit>
	</member>
	<member>
		<LithoStratigraphicUnit gml:id="LS3">
			<!-- unit w/ in-line composition definition -->
			<gml:name>Peter's Sandstone</gml:name>
			<purpose>instance</purpose>
			<!--  Anybody remember what purpose was for? -->
			<age>
				<GeologicAge>
					<value>
						<CGI_TermValue>
							<value codeSpace="http://www.iugs-cgi.org/geologicAgeVocabulary">Cretaceous</value>
						</CGI_TermValue>
					</value>
					<event/>
				</GeologicAge>
			</age>
			<metadata/>
			<classifier xlink:href="urn:x-cgi:def:exception:CGI:2006:nil:informal"/>
			<partOf>
				<GeologicUnitPart>
					<unit xlink:href="#LS1"/>
					<role codeSpace="http://www.iugs-cgi.org/unitPartRoleVocabulary">upper member</role>
					<proportion>
						<CGI_NumericValue>
							<principalValue uom="percent">88</principalValue>
							<plusDelta uom="percent">0</plusDelta>
							<minusDelta uom="percent">0</minusDelta>
						</CGI_NumericValue>
					</proportion>
				</GeologicUnitPart>
			</partOf>
			<bodyMorphology xlink:href="urn:x-ogc:def:nil:OGC:unknown"/>
			<outcropCharacter>
				<CGI_TermValue>
					<value codeSpace="http://www.iugs-cgi.org/outcropCharacterVocabulary">pristine</value>
				</CGI_TermValue>
			</outcropCharacter>
			<genesis xlink:href="urn:x-ogc:def:nil:OGC:unknown"/>
			<exposureColor>
				<CGI_TermValue>
					<value codeSpace="http://www.iugs-cgi.org/exposureColorVocabulary">pink</value>
				</CGI_TermValue>
			</exposureColor>
			<grossChemistry>unknown</grossChemistry>
			<composition>
				<CompositionPart>
					<role codeSpace="http://www.iugs-cgi.org/compositionPartRoleVocabulary">entirety</role>
					<proportion>
						<CGI_NumericValue>
							<principalValue uom="percent">100</principalValue>
							<plusDelta uom="percent">0</plusDelta>
							<minusDelta uom="percent">0</minusDelta>
						</CGI_NumericValue>
					</proportion>
					<material>
						<CompoundMaterial gml:id="rock24">
							<!-- I don't imagine it would be described in-line very often, but it could be done -->
							<gml:name>sandstone</gml:name>
							<purpose>typicalNorm</purpose>
							<classifier xlink:href="urn:x-ogc:def:nil:OGC:unknown"/>
							<color xlink:href="urn:x-ogc:def:nil:OGC:unknown"/>
							<consolidationDegree>
								<CGI_TermValue>
									<value codeSpace="http://www.iugs-cgi.org/consolidationDegreeList">consolidated</value>
								</CGI_TermValue>
							</consolidationDegree>
							<metamorphicGrade xlink:href="urn:x-ogc:def:nil:OGC:unknown"/>
							<particleGeometry xlink:href="urn:x-ogc:def:nil:OGC:unknown"/>
							<fabric xlink:href="urn:x-ogc:def:nil:OGC:unknown"/>
							<grossChemistry>silicate</grossChemistry>
							<genesis xlink:href="urn:x-ogc:def:nil:OGC:unknown"/>
						</CompoundMaterial>
					</material>
				</CompositionPart>
			</composition>
			<rank codeSpace="http://www.iugs-cgi.org/rankVocabulary">Formation</rank>
			<weatheringCharacter xlink:href="urn:x-ogc:def:nil:OGC:unknown"/>
			<metamorphicGrade>
				<CGI_TermValue>
					<value codeSpace="http://www.iugs-cgi.org/metamorphicGradeVocabulary">amphibolite</value>
				</CGI_TermValue>
			</metamorphicGrade>
			<unitThickness xlink:href="urn:x-ogc:def:nil:OGC:unknown"/>
			<beddingStyle xlink:href="urn:x-ogc:def:nil:OGC:unknown"/>
			<beddingPattern xlink:href="urn:x-ogc:def:nil:OGC:unknown"/>
			<beddingThickness xlink:href="urn:x-ogc:def:nil:OGC:unknown"/>
		</LithoStratigraphicUnit>
	</member>
</Gsml>