<?xml version="1.0" encoding="UTF-8"?>
<Gsml xmlns="http://www.cgi-iugs.org/xml/GeoSciML/1" xmlns:gml="http://www.opengis.net/gml" xmlns:xlink="http://www.w3.org/1999/xlink" xmlns:xsi="http://www.w3.org/2001/XMLSchema-instance" xsi:schemaLocation="http://www.cgi-iugs.org/xml/GeoSciML/1 ../1.1.0/schema/GeoSciML.xsd">
  <member>
    <Contact gml:id="GS24">
      <purpose>instance</purpose>
      <age/>
      <metadata/>
      <occurrence xlink:href="contact-1#arc2123"/>
      <occurrence xlink:href="contact-1#arc2124"/>
      <occurrence xlink:href="contact-1#arc2125"/>
      <occurrence xlink:href="contact-1#arc2126"/>
      <classifier/>
      <genesis/>
      <contactType>
        <CGI_TermValue>
          <value codeSpace="http://www.iugs-cgi.org/contactTypeVocabulary">conformal</value>
        </CGI_TermValue>
      </contactType>
      <contactCharacter>
        <CGI_TermValue>
          <value codeSpace="http://www.iugs-cgi.org/contactCharVocabulary">abrupt</value>
        </CGI_TermValue>
      </contactCharacter>
    </Contact>
  </member>
  <member>
    <Fault gml:id="GS25">
      <purpose>instance</purpose>
      <age>
        <GeologicAge>
          <value>
            <CGI_TermValue>
              <value codeSpace="http://www.iugs-cgi.org/geologicAgeVocabulary">Cretaceous</value>
            </CGI_TermValue>
          </value>
          <event/>
        </GeologicAge>
      </age>
      <metadata/>
      <occurrence>
        <MappedFeature>
          <shape>
            
          </shape>
          <specification/>
          <samplingFrame/>
          <metadata/>
        </MappedFeature>
      </occurrence>
      <classifier/>
      <genesis/>
      <movementType>
        <CGI_TermValue>
          <value codeSpace="http://www.iugs-cgi.org/faultTypeVocabulary">strike-slip</value>
        </CGI_TermValue>
      </movementType>
      <movementSense>
        <CGI_TermValue>
          <value codeSpace="http://www.iugs-cgi.org/faultSenseVocabulary">sinistral</value>
        </CGI_TermValue>
      </movementSense>
    </Fault>
  </member>
</Gsml>
