<?xml version="1.0" encoding="UTF-8"?>
<Gsml xmlns="http://www.cgi-iugs.org/xml/GeoSciML/1" 
xmlns:gml="http://www.opengis.net/gml" xmlns:xlink="http://www.w3.org/1999/xlink" xmlns:xsi="http://www.w3.org/2001/XMLSchema-instance" xsi:schemaLocation="http://www.cgi-iugs.org/xml/GeoSciML/1 ../1.1.0/schema/GeoSciML.xsd">
	<member>
		<LithoStratigraphicUnit gml:id="LS1">
			<!-- simple unit w/o composition -->
			<gml:name>Matti's Group</gml:name>
			<purpose>instance</purpose>
			
			<age>
				<GeologicAge>
					<value>
						<CGI_TermValue>
							<value codeSpace="http://www.iugs-cgi.org/geologicAgeVocabulary">Cretaceous</value>
						</CGI_TermValue>
					</value>
					<event/>
				</GeologicAge>
			</age>
			<metadata/>
			<occurrence>
				<MappedFeature>
					<shape xlink:href="urn:x-ogc:def:nil:OGC:unknown"/>
					
					<specification xlink:href="../../"/>
					        <samplingFrame/>
  
					<metadata/>
				</MappedFeature>
			</occurrence>
			<classifier xlink:href="urn:x-cgi:def:exception:CGI:2006:nil:informal"/>
			<bodyMorphology xlink:href="urn:x-ogc:def:nil:OGC:unknown"/>
			<outcropCharacter>
				<CGI_TermValue>
					<value codeSpace="http://www.iugs-cgi.org/outcropCharacterVocabulary">pristine</value>
				</CGI_TermValue>
			</outcropCharacter>
			<genesis xlink:href="urn:x-ogc:def:nil:OGC:unknown"/>
			<exposureColor xlink:href="urn:x-ogc:def:nil:OGC:unknown"/>
			<grossChemistry>unknown</grossChemistry>
			<rank codeSpace="http://www.iugs-cgi.org/rankVocabulary">Group</rank>
			<weatheringCharacter/>
			<metamorphicGrade>
				<CGI_TermValue>
					<value codeSpace="http://www.iugs-cgi.org/metamorphicGradeVocabulary">amphibolite</value>
				</CGI_TermValue>
			</metamorphicGrade>
			<unitThickness xlink:href="urn:x-ogc:def:nil:OGC:unknown"/>
			<beddingStyle xlink:href="urn:x-ogc:def:nil:OGC:unknown"/>
			<beddingPattern xlink:href="urn:x-ogc:def:nil:OGC:unknown"/>
			<beddingThickness xlink:href="urn:x-ogc:def:nil:OGC:unknown"/>
		</LithoStratigraphicUnit>
	</member>
</Gsml>