<?xml version="1.0" encoding="UTF-8"?>
<Gsml xmlns="http://www.cgi-iugs.org/xml/GeoSciML/1" xmlns:gml="http://www.opengis.net/gml" xmlns:xlink="http://www.w3.org/1999/xlink" xmlns:xsi="http://www.w3.org/2001/XMLSchema-instance" xsi:schemaLocation="http://www.cgi-iugs.org/xml/GeoSciML/1 ../1.1.0/schema/GeoSciML.xsd">
  <!-- GSV Leinster data example  -->
  <member>
    <LithodemicUnit gml:id="GSV53">
      <!-- unit w/ composition by reference -->
      <gml:description>Granite, syenite, volcanogenic sandstone, conglomerate, minor trachyte lava</gml:description>
      <gml:name>Mount Leinster Igneous Complex</gml:name>
      <purpose>typicalNorm</purpose>
      <age>
        <GeologicAge>
          <value>
            <CGI_TermRange>
              <lower>
                <CGI_TermValue>
                  <value codeSpace="http://www.iugs-cgi.org/geologicAgeVocabulary">Triassic</value>
                </CGI_TermValue>
              </lower>
              <upper>
                <CGI_TermValue>
                  <value codeSpace="http://www.iugs-cgi.org/geologicAgeVocabulary">Triassic</value>
                </CGI_TermValue>
              </upper>
            </CGI_TermRange>
          </value>
          <event>
            <CGI_TermValue>
              <value codeSpace="http://www.iugs-cgi.org/geologicAgeEventVocabulary">intrusion</value>
            </CGI_TermValue>
          </event>
        </GeologicAge>
      </age>
      <age>
        <GeologicAge>
          <value>
            <CGI_TermRange>
              <lower>
                <CGI_TermValue>
                  <value codeSpace="http://www.iugs-cgi.org/geologicAgeVocabulary">Triassic</value>
                </CGI_TermValue>
              </lower>
              <upper>
                <CGI_TermValue>
                  <value codeSpace="http://www.iugs-cgi.org/geologicAgeVocabulary">Triassic</value>
                </CGI_TermValue>
              </upper>
            </CGI_TermRange>
          </value>
          <event>
            <CGI_TermValue>
              <value codeSpace="http://www.iugs-cgi.org/geologicAgeEventVocabulary">deposition</value>
            </CGI_TermValue>
          </event>
        </GeologicAge>
      </age>
      <metadata/>
      <classifier xlink:href="http://www.gsv.org/stratigraphicLexicon#26764"/>
      <bodyMorphology>
        <CGI_TermValue>
          <value codeSpace="http://www.iugs-cgi.org/bodyMorphologyVocabulary">pluton</value>
        </CGI_TermValue>
      </bodyMorphology>
      <bodyMorphology>
        <CGI_TermValue>
          <value codeSpace="http://www.iugs-cgi.org/bodyMorphologyVocabulary">ash flow</value>
        </CGI_TermValue>
      </bodyMorphology>
      <bodyMorphology>
        <CGI_TermValue>
          <value codeSpace="http://www.iugs-cgi.org/bodyMorphologyVocabulary">bed</value>
        </CGI_TermValue>
      </bodyMorphology>
      <outcropCharacter>
        <CGI_TermValue>
          <value codeSpace="http://www.iugs-cgi.org/outcropCharacterVocabulary">cliff forming</value>
        </CGI_TermValue>
      </outcropCharacter>
      <outcropCharacter>
        <CGI_TermValue>
          <value codeSpace="http://www.iugs-cgi.org/outcropCharacterVocabulary">massive rounded</value>
        </CGI_TermValue>
      </outcropCharacter>
      <genesis>
        <CGI_TermValue>
          <value codeSpace="http://www.iugs-cgi.org/genesisVocabulary">Intrusive Igneous</value>
        </CGI_TermValue>
      </genesis>
      <genesis>
        <CGI_TermValue>
          <value codeSpace="http://www.iugs-cgi.org/genesisVocabulary">Subaerial Igneous Extrusive</value>
        </CGI_TermValue>
      </genesis>
      <genesis>
        <CGI_TermValue>
          <value codeSpace="http://www.iugs-cgi.org/genesisVocabulary">Sedimentary</value>
        </CGI_TermValue>
      </genesis>
      <exposureColor>
        <CGI_TermValue>
          <value codeSpace="http://www.iugs-cgi.org/exposureColorVocabulary">Grey</value>
        </CGI_TermValue>
      </exposureColor>
      <exposureColor>
        <CGI_TermValue>
          <value codeSpace="http://www.iugs-cgi.org/exposureColorVocabulary">grey - pale grey</value>
        </CGI_TermValue>
      </exposureColor>
      <exposureColor>
        <CGI_TermValue>
          <value codeSpace="http://www.iugs-cgi.org/exposureColorVocabulary">grey to pale orange</value>
        </CGI_TermValue>
      </exposureColor>
      <exposureColor>
        <CGI_TermValue>
          <value codeSpace="http://www.iugs-cgi.org/exposureColorVocabulary">grey to red</value>
        </CGI_TermValue>
      </exposureColor>
      <exposureColor>
        <CGI_TermValue>
          <value codeSpace="http://www.iugs-cgi.org/exposureColorVocabulary">grey to dark grey</value>
        </CGI_TermValue>
      </exposureColor>
      <exposureColor>
        <CGI_TermValue>
          <value codeSpace="http://www.iugs-cgi.org/exposureColorVocabulary">black</value>
        </CGI_TermValue>
      </exposureColor>
      <grossChemistry>silicate-felsic</grossChemistry>
      <composition>
        <CompositionPart>
          <role codeSpace="http://www.iugs-cgi.org/compositionPartRoleVocabulary">constituent</role>
          <proportion>
            <CGI_NumericRange>
              <lower>
                <CGI_NumericValue>
                  <principalValue uom="percent">15</principalValue>
                  <plusDelta uom="percent">0</plusDelta>
                  <minusDelta uom="percent">0</minusDelta>
                </CGI_NumericValue>
              </lower>
              <upper>
                <CGI_NumericValue>
                  <principalValue uom="percent">20</principalValue>
                  <plusDelta uom="percent">0</plusDelta>
                  <minusDelta uom="percent">0</minusDelta>
                </CGI_NumericValue>
              </upper>
            </CGI_NumericRange>
          </proportion>
          <material xlink:href="GSV-geo-mat-1.xml#GSV1"/>
        </CompositionPart>
      </composition>
      <composition>
        <CompositionPart>
          <role codeSpace="http://www.iugs-cgi.org/compositionPartRoleVocabulary">constituent</role>
          <proportion>
            <CGI_NumericRange>
              <lower>
                <CGI_NumericValue>
                  <principalValue uom="percent">15</principalValue>
                  <plusDelta uom="percent">0</plusDelta>
                  <minusDelta uom="percent">0</minusDelta>
                </CGI_NumericValue>
              </lower>
              <upper>
                <CGI_NumericValue>
                  <principalValue uom="percent">20</principalValue>
                  <plusDelta uom="percent">0</plusDelta>
                  <minusDelta uom="percent">0</minusDelta>
                </CGI_NumericValue>
              </upper>
            </CGI_NumericRange>
          </proportion>
          <material xlink:href="GSV-geo-mat-1.xml#GSV2"/>
        </CompositionPart>
      </composition>
      <composition>
        <CompositionPart>
          <role codeSpace="http://www.iugs-cgi.org/compositionPartRoleVocabulary">constituent</role>
          <proportion>
            <CGI_NumericRange>
              <lower>
                <CGI_NumericValue>
                  <principalValue uom="percent">10</principalValue>
                  <plusDelta uom="percent">0</plusDelta>
                  <minusDelta uom="percent">0</minusDelta>
                </CGI_NumericValue>
              </lower>
              <upper>
                <CGI_NumericValue>
                  <principalValue uom="percent">15</principalValue>
                  <plusDelta uom="percent">0</plusDelta>
                  <minusDelta uom="percent">0</minusDelta>
                </CGI_NumericValue>
              </upper>
            </CGI_NumericRange>
          </proportion>
          <material xlink:href="GSV-geo-mat-1.xml#GSV3"/>
        </CompositionPart>
      </composition>
      <composition>
        <CompositionPart>
          <role codeSpace="http://www.iugs-cgi.org/compositionPartRoleVocabulary">constituent</role>
          <proportion>
            <CGI_NumericRange>
              <lower>
                <CGI_NumericValue>
                  <principalValue uom="percent">10</principalValue>
                  <plusDelta uom="percent">0</plusDelta>
                  <minusDelta uom="percent">0</minusDelta>
                </CGI_NumericValue>
              </lower>
              <upper>
                <CGI_NumericValue>
                  <principalValue uom="percent">15</principalValue>
                  <plusDelta uom="percent">0</plusDelta>
                  <minusDelta uom="percent">0</minusDelta>
                </CGI_NumericValue>
              </upper>
            </CGI_NumericRange>
          </proportion>
          <material xlink:href="GSV-geo-mat-1.xml#GSV4"/>
        </CompositionPart>
      </composition>
      <composition>
        <CompositionPart>
          <role codeSpace="http://www.iugs-cgi.org/compositionPartRoleVocabulary">constituent</role>
          <proportion>
            <CGI_NumericRange>
              <lower>
                <CGI_NumericValue>
                  <principalValue uom="percent">10</principalValue>
                  <plusDelta uom="percent">0</plusDelta>
                  <minusDelta uom="percent">0</minusDelta>
                </CGI_NumericValue>
              </lower>
              <upper>
                <CGI_NumericValue>
                  <principalValue uom="percent">15</principalValue>
                  <plusDelta uom="percent">0</plusDelta>
                  <minusDelta uom="percent">0</minusDelta>
                </CGI_NumericValue>
              </upper>
            </CGI_NumericRange>
          </proportion>
          <material xlink:href="GSV-geo-mat-1.xml#GSV5"/>
        </CompositionPart>
      </composition>
      <composition>
        <CompositionPart>
          <role codeSpace="http://www.iugs-cgi.org/compositionPartRoleVocabulary">constituent</role>
          <proportion>
            <CGI_NumericRange>
              <lower>
                <CGI_NumericValue>
                  <principalValue uom="percent">5</principalValue>
                  <plusDelta uom="percent">0</plusDelta>
                  <minusDelta uom="percent">0</minusDelta>
                </CGI_NumericValue>
              </lower>
              <upper>
                <CGI_NumericValue>
                  <principalValue uom="percent">10</principalValue>
                  <plusDelta uom="percent">0</plusDelta>
                  <minusDelta uom="percent">0</minusDelta>
                </CGI_NumericValue>
              </upper>
            </CGI_NumericRange>
          </proportion>
          <material xlink:href="GSV-geo-mat-1.xml#GSV6"/>
        </CompositionPart>
      </composition>
      <composition>
        <CompositionPart>
          <role codeSpace="http://www.iugs-cgi.org/compositionPartRoleVocabulary">constituent</role>
          <proportion>
            <CGI_NumericRange>
              <lower>
                <CGI_NumericValue>
                  <principalValue uom="percent">5</principalValue>
                  <plusDelta uom="percent">0</plusDelta>
                  <minusDelta uom="percent">0</minusDelta>
                </CGI_NumericValue>
              </lower>
              <upper>
                <CGI_NumericValue>
                  <principalValue uom="percent">10</principalValue>
                  <plusDelta uom="percent">0</plusDelta>
                  <minusDelta uom="percent">0</minusDelta>
                </CGI_NumericValue>
              </upper>
            </CGI_NumericRange>
          </proportion>
          <material xlink:href="GSV-geo-mat-1.xml#GSV7"/>
        </CompositionPart>
      </composition>
      <composition>
        <CompositionPart>
          <role codeSpace="http://www.iugs-cgi.org/compositionPartRoleVocabulary">constituent</role>
          <proportion>
            <CGI_NumericRange>
              <lower>
                <CGI_NumericValue>
                  <principalValue uom="percent">5</principalValue>
                  <plusDelta uom="percent">0</plusDelta>
                  <minusDelta uom="percent">0</minusDelta>
                </CGI_NumericValue>
              </lower>
              <upper>
                <CGI_NumericValue>
                  <principalValue uom="percent">10</principalValue>
                  <plusDelta uom="percent">0</plusDelta>
                  <minusDelta uom="percent">0</minusDelta>
                </CGI_NumericValue>
              </upper>
            </CGI_NumericRange>
          </proportion>
          <material xlink:href="GSV-geo-mat-1.xml#GSV8"/>
        </CompositionPart>
      </composition>
      <composition>
        <CompositionPart>
          <role codeSpace="http://www.iugs-cgi.org/compositionPartRoleVocabulary">constituent</role>
          <proportion>
            <CGI_TermValue>
              <value codeSpace="http://www.iugs-cgi.org/proportionVocabulary">minor</value>
            </CGI_TermValue>
          </proportion>
          <material xlink:href="GSV-geo-mat-1.xml#GSV9"/>
        </CompositionPart>
      </composition>
      <rank codeSpace="http://www.iugs-cgi.org/rankVocabulary">Complex</rank>
      <weatheringCharacter>
        <CGI_TermValue>
          <value codeSpace="http://www.iugs-cgi.org/weatheringCharacterVocabulary">fresh rock</value>
        </CGI_TermValue>
      </weatheringCharacter>
      <structurePresent>
        <CGI_TermValue>
          <value codeSpace="http://www.iugs-cgi.org/unitStructureVocabulary">miarolitic cavity</value>
        </CGI_TermValue>
      </structurePresent>
      <structurePresent>
        <CGI_TermValue>
          <value codeSpace="http://www.iugs-cgi.org/unitStructureVocabulary">Massive Igneous Fabric</value>
        </CGI_TermValue>
      </structurePresent>
      <metamorphicGrade>
        <CGI_TermValue>
          <value codeSpace="http://www.iugs-cgi.org/metamorphicGradeVocabulary">Not metamorphosed</value>
        </CGI_TermValue>
      </metamorphicGrade>
    </LithodemicUnit>
  </member>
  <!-- -->
  <member>
    <LithodemicUnit gml:id="GSV200">
      <!-- unit w/ composition by reference -->
      <gml:description>Hornblende-biotite-pyroxene syenite: grey to pale orange, medium to coarse grained, equigranular</gml:description>
      <gml:name>MacFarlane Syenite</gml:name>
      <purpose>typicalNorm</purpose>
      <age>
        <GeologicAge>
          <value>
            <CGI_TermRange>
              <lower>
                <CGI_TermValue>
                  <value codeSpace="http://www.iugs-cgi.org/geologicAgeVocabulary">Triassic</value>
                </CGI_TermValue>
              </lower>
              <upper>
                <CGI_TermValue>
                  <value codeSpace="http://www.iugs-cgi.org/geologicAgeVocabulary">Triassic</value>
                </CGI_TermValue>
              </upper>
            </CGI_TermRange>
          </value>
          <event>
            <CGI_TermValue>
              <value codeSpace="http://www.iugs-cgi.org/geologicAgeEventVocabulary">intrusion</value>
            </CGI_TermValue>
          </event>
        </GeologicAge>
      </age>
      <metadata/>
      <classifier xlink:href="http://www.gsv.org/stratigraphicLexicon#30682"/>
      <partOf>
        <GeologicUnitPart>
          <unit xlink:href="#GSV53"/>
          <role codeSpace="http://www.iugs-cgi.org/unitPartRoleVocabulary">lithodemic member</role>
          <proportion>
            <CGI_NumericValue>
              <principalValue uom="percent">22</principalValue>
              <plusDelta uom="percent">3</plusDelta>
              <minusDelta uom="percent">2</minusDelta>
            </CGI_NumericValue>
          </proportion>
        </GeologicUnitPart>
      </partOf>
      <bodyMorphology>
        <CGI_TermValue>
          <value codeSpace="http://www.iugs-cgi.org/bodyMorphologyVocabulary">pluton</value>
        </CGI_TermValue>
      </bodyMorphology>
      <outcropCharacter>
        <CGI_TermValue>
          <value codeSpace="http://www.iugs-cgi.org/outcropCharacterVocabulary">cliff forming</value>
        </CGI_TermValue>
      </outcropCharacter>
      <outcropCharacter>
        <CGI_TermValue>
          <value codeSpace="http://www.iugs-cgi.org/outcropCharacterVocabulary">massive rounded</value>
        </CGI_TermValue>
      </outcropCharacter>
      <genesis>
        <CGI_TermValue>
          <value codeSpace="http://www.iugs-cgi.org/genesisVocabulary">Intrusive Igneous</value>
        </CGI_TermValue>
      </genesis>
      <exposureColor>
        <CGI_TermValue>
          <value codeSpace="http://www.iugs-cgi.org/exposureColorVocabulary">grey to pale orange</value>
        </CGI_TermValue>
      </exposureColor>
      <grossChemistry>silicate-felsic</grossChemistry>
      <composition>
        <CompositionPart>
          <role codeSpace="http://www.iugs-cgi.org/compositionPartRoleVocabulary">constituent</role>
          <proportion>
            <CGI_NumericValue>
              <principalValue uom="percent">100</principalValue>
              <plusDelta uom="percent">0</plusDelta>
              <minusDelta uom="percent">0</minusDelta>
            </CGI_NumericValue>
          </proportion>
          <material xlink:href="GSV-geo-mat-1.xml#GSV3"/>
        </CompositionPart>
      </composition>
      <rank codeSpace="http://www.iugs-cgi.org/rankVocabulary">Intrusion</rank>
      <weatheringCharacter>
        <CGI_TermValue>
          <value codeSpace="http://www.iugs-cgi.org/weatheringCharacterVocabulary">fresh rock</value>
        </CGI_TermValue>
      </weatheringCharacter>
      <structurePresent>
        <CGI_TermValue>
          <value codeSpace="http://www.iugs-cgi.org/unitStructureVocabulary">Massive Igneous Fabric</value>
        </CGI_TermValue>
      </structurePresent>
      <metamorphicGrade>
        <CGI_TermValue>
          <value codeSpace="http://www.iugs-cgi.org/metamorphicGradeVocabulary">Not metamorphosed</value>
        </CGI_TermValue>
      </metamorphicGrade>
    </LithodemicUnit>
  </member>
</Gsml>
