<?xml version="1.0"?>
<p1:LithodemicUnit xmlns:p1="http://www.cgi-iugs.org/xml/GeoSciML/1" 
xmlns:xsi="http://www.w3.org/2001/XMLSchema-instance" 
xsi:schemaLocation="http://www.cgi-iugs.org/xml/GeoSciML/1 file:///c:/aWorkspace/CGI_DataModel/LocalSchema/1.1.0/schema/geologicUnit.xsd">
    <p1:purpose>instance</p1:purpose>
    <!--Element p1:age, maxOccurs=unbounded-->
    <p1:age>
        <!--Attribute attributeProperty is optional-->
        <!--'Sequence' block is optional-->
        <p1:GeologicAge>
            <p1:value>
                <!--Attribute attributeProperty is optional-->
                <!--'Sequence' block is optional-->
            </p1:value>
            <p1:event>
                <!--Attribute attributeProperty is optional-->
                <!--'Sequence' block is optional-->
                <p1:CGI_TermValue>
                    <!--Element p1:qualifier is optional-->
                    <p1:qualifier>nil:withheld</p1:qualifier>
                    <p1:value codeSpace="URI">string</p1:value>
                </p1:CGI_TermValue>
            </p1:event>
        </p1:GeologicAge>
    </p1:age>
    <p1:metadata>
        <!--'Sequence' block is optional-->
        <p1:GeologicFeatureMetadata>
            <p1:hierarchyLevel>service</p1:hierarchyLevel>
            <!--Element p1:parent is optional-->
            <p1:parent/>
            <!--Element p1:sourceReference, maxOccurs=unbounded-->
            <p1:sourceReference/>
            <!--Element p1:comment is optional-->
            <p1:comment/>
            <p1:thematicAccuracy>
                <!--Attribute attributeProperty is optional-->
                <!--'Sequence' block is optional-->
            </p1:thematicAccuracy>
            <!--Element p1:observationMethod, maxOccurs=unbounded-->
            <p1:observationMethod>
                <!--Attribute attributeProperty is optional-->
                <!--'Sequence' block is optional-->
            </p1:observationMethod>
        </p1:GeologicFeatureMetadata>
    </p1:metadata>
    <!--Element p1:occurrence is optional, maxOccurs=unbounded-->
    <p1:occurrence>
        <!--Attribute attributeProperty is optional-->
        <!--'Sequence' block is optional-->
        <p1:MappedFeature>
            <p1:shape>
                <!--Attribute attributeProperty is optional-->
                <!--'Sequence' block is optional-->
            </p1:shape>
            <p1:specification>
                <!--Attribute attributeProperty is optional-->
                <!--'Sequence' block is optional-->
            </p1:specification>
            <p1:samplingFrame/>
            <p1:metadata>
                <!--'Sequence' block is optional-->
                <p1:MappedFeatureMetadata>
                    <p1:hierarchyLevel>service</p1:hierarchyLevel>
                    <!--Element p1:parent is optional-->
                    <p1:parent/>
                    <!--Element p1:sourceReference, maxOccurs=unbounded-->
                    <p1:sourceReference/>
                    <!--Element p1:comment is optional-->
                    <p1:comment/>
                    <p1:positionalAccuracy>
                        <!--Attribute attributeProperty is optional-->
                        <!--'Sequence' block is optional-->
                    </p1:positionalAccuracy>
                    <!--Element p1:observationMethod, maxOccurs=unbounded-->
                    <p1:observationMethod>
                        <!--Attribute attributeProperty is optional-->
                        <!--'Sequence' block is optional-->
                    </p1:observationMethod>
                </p1:MappedFeatureMetadata>
            </p1:metadata>
        </p1:MappedFeature>
    </p1:occurrence>
    <p1:classifier>
	</p1:classifier>
    <!--Element p1:partOf is optional, maxOccurs=unbounded-->
    <p1:partOf>
        <p1:GeologicUnitPart>
            <p1:unit>
                <!--Attribute attributeProperty is optional-->
                <!--'Sequence' block is optional-->
                <p1:GeologicUnit>
                    <p1:purpose>instance</p1:purpose>
                    <!--Element p1:age, maxOccurs=unbounded-->
                    <p1:age>
                        <!--Attribute attributeProperty is optional-->
                        <!--'Sequence' block is optional-->
                        <p1:GeologicAge>
                            <p1:value>
                                <!--Attribute attributeProperty is optional-->
                                <!--'Sequence' block is optional-->
                            </p1:value>
                            <p1:event>
                                <!--Attribute attributeProperty is optional-->
                                <!--'Sequence' block is optional-->
                                <p1:CGI_TermValue>
                                    <!--Element p1:qualifier is optional-->
                                    <p1:qualifier>nil:withheld</p1:qualifier>
                                    <p1:value codeSpace="URI">string</p1:value>
                                </p1:CGI_TermValue>
                            </p1:event>
                        </p1:GeologicAge>
                    </p1:age>
                    <p1:metadata>
                        <!--'Sequence' block is optional-->
                        <p1:GeologicFeatureMetadata>
                            <p1:hierarchyLevel>service</p1:hierarchyLevel>
                            <!--Element p1:parent is optional-->
                            <p1:parent/>
                            <!--Element p1:sourceReference, maxOccurs=unbounded-->
                            <p1:sourceReference/>
                            <!--Element p1:comment is optional-->
                            <p1:comment/>
                            <p1:thematicAccuracy>
                                <!--Attribute attributeProperty is optional-->
                                <!--'Sequence' block is optional-->
                            </p1:thematicAccuracy>
                            <!--Element p1:observationMethod, maxOccurs=unbounded-->
                            <p1:observationMethod>
                                <!--Attribute attributeProperty is optional-->
                                <!--'Sequence' block is optional-->
                            </p1:observationMethod>
                        </p1:GeologicFeatureMetadata>
                    </p1:metadata>
                    <!--Element p1:occurrence is optional, maxOccurs=unbounded-->
                    <p1:occurrence>
                        <!--Attribute attributeProperty is optional-->
                        <!--'Sequence' block is optional-->
                        <p1:MappedFeature>
                            <p1:shape>
                                <!--Attribute attributeProperty is optional-->
                                <!--'Sequence' block is optional-->
                            </p1:shape>
                            <p1:specification>
                                <!--Attribute attributeProperty is optional-->
                                <!--'Sequence' block is optional-->
                            </p1:specification>
                            <p1:samplingFrame/>
                            <p1:metadata>
                                <!--'Sequence' block is optional-->
                                <p1:MappedFeatureMetadata>
                                    <p1:hierarchyLevel>service</p1:hierarchyLevel>
                                    <!--Element p1:parent is optional-->
                                    <p1:parent/>
                                    <!--Element p1:sourceReference, maxOccurs=unbounded-->
                                    <p1:sourceReference/>
                                    <!--Element p1:comment is optional-->
                                    <p1:comment/>
                                    <p1:positionalAccuracy>
                                        <!--Attribute attributeProperty is optional-->
                                        <!--'Sequence' block is optional-->
                                    </p1:positionalAccuracy>
                                    <!--Element p1:observationMethod, maxOccurs=unbounded-->
                                    <p1:observationMethod>
                                        <!--Attribute attributeProperty is optional-->
                                        <!--'Sequence' block is optional-->
                                    </p1:observationMethod>
                                </p1:MappedFeatureMetadata>
                            </p1:metadata>
                        </p1:MappedFeature>
                    </p1:occurrence>
                    <p1:classifier/>
                    <!--Element p1:partOf is optional, maxOccurs=unbounded-->
                    <p1:partOf>
                        <p1:GeologicUnitPart>
                            <p1:unit>
                                <!--Attribute attributeProperty is optional-->
                                <!--'Sequence' block is optional-->
                                <p1:GeologicUnit>
                                    <p1:purpose>instance</p1:purpose>
                                    <!--Element p1:age, maxOccurs=unbounded-->
                                    <p1:age>
                                        <!--Attribute attributeProperty is optional-->
                                        <!--'Sequence' block is optional-->
                                        <p1:GeologicAge>
                                            <p1:value>
                                                <!--Attribute attributeProperty is optional-->
                                                <!--'Sequence' block is optional-->
                                            </p1:value>
                                            <p1:event>
                                                <!--Attribute attributeProperty is optional-->
                                                <!--'Sequence' block is optional-->
                                                <p1:CGI_TermValue>
                                                    <!--Element p1:qualifier is optional-->
                                                    <p1:qualifier>nil:withheld</p1:qualifier>
                                                    <p1:value codeSpace="URI">string</p1:value>
                                                </p1:CGI_TermValue>
                                            </p1:event>
                                        </p1:GeologicAge>
                                    </p1:age>
                                    <p1:metadata>
                                        <!--'Sequence' block is optional-->
                                        <p1:GeologicFeatureMetadata>
                                            <p1:hierarchyLevel>service</p1:hierarchyLevel>
                                            <!--Element p1:parent is optional-->
                                            <p1:parent/>
                                            <!--Element p1:sourceReference, maxOccurs=unbounded-->
                                            <p1:sourceReference/>
                                            <!--Element p1:comment is optional-->
                                            <p1:comment/>
                                            <p1:thematicAccuracy>
                                                <!--Attribute attributeProperty is optional-->
                                                <!--'Sequence' block is optional-->
                                            </p1:thematicAccuracy>
                                            <!--Element p1:observationMethod, maxOccurs=unbounded-->
                                            <p1:observationMethod>
                                                <!--Attribute attributeProperty is optional-->
                                                <!--'Sequence' block is optional-->
                                            </p1:observationMethod>
                                        </p1:GeologicFeatureMetadata>
                                    </p1:metadata>
                                    <!--Element p1:occurrence is optional, maxOccurs=unbounded-->
                                    <p1:occurrence>
                                        <!--Attribute attributeProperty is optional-->
                                        <!--'Sequence' block is optional-->
                                        <p1:MappedFeature>
                                            <p1:shape>
                                                <!--Attribute attributeProperty is optional-->
                                                <!--'Sequence' block is optional-->
                                            </p1:shape>
                                            <p1:specification>
                                                <!--Attribute attributeProperty is optional-->
                                                <!--'Sequence' block is optional-->
                                            </p1:specification>
                                            <p1:samplingFrame/>
                                            <p1:metadata>
                                                <!--'Sequence' block is optional-->
                                                <p1:MappedFeatureMetadata>
                                                    <p1:hierarchyLevel>service</p1:hierarchyLevel>
                                                    <!--Element p1:parent is optional-->
                                                    <p1:parent/>
                                                    <!--Element p1:sourceReference, maxOccurs=unbounded-->
                                                    <p1:sourceReference/>
                                                    <!--Element p1:comment is optional-->
                                                    <p1:comment/>
                                                    <p1:positionalAccuracy>
                                                        <!--Attribute attributeProperty is optional-->
                                                        <!--'Sequence' block is optional-->
                                                    </p1:positionalAccuracy>
                                                    <!--Element p1:observationMethod, maxOccurs=unbounded-->
                                                    <p1:observationMethod>
                                                        <!--Attribute attributeProperty is optional-->
                                                        <!--'Sequence' block is optional-->
                                                    </p1:observationMethod>
                                                </p1:MappedFeatureMetadata>
                                            </p1:metadata>
                                        </p1:MappedFeature>
                                    </p1:occurrence>
                                    <p1:classifier/>
                                    <!--Element p1:bodyMorphology, maxOccurs=unbounded-->
                                    <p1:bodyMorphology>
                                        <!--Attribute attributeProperty is optional-->
                                        <!--'Sequence' block is optional-->
                                        <p1:CGI_TermValue>
                                            <!--Element p1:qualifier is optional-->
                                            <p1:qualifier>nil:withheld</p1:qualifier>
                                            <p1:value codeSpace="URI">string</p1:value>
                                        </p1:CGI_TermValue>
                                    </p1:bodyMorphology>
                                    <!--Element p1:outcropCharacter, maxOccurs=unbounded-->
                                    <p1:outcropCharacter>
                                        <!--Attribute attributeProperty is optional-->
                                        <!--'Sequence' block is optional-->
                                        <p1:CGI_TermValue>
                                            <!--Element p1:qualifier is optional-->
                                            <p1:qualifier>nil:withheld</p1:qualifier>
                                            <p1:value codeSpace="URI">string</p1:value>
                                        </p1:CGI_TermValue>
                                    </p1:outcropCharacter>
                                    <!--Element p1:genesis, maxOccurs=unbounded-->
                                    <p1:genesis>
                                        <!--Attribute attributeProperty is optional-->
                                        <!--'Sequence' block is optional-->
                                        <p1:CGI_TermValue>
                                            <!--Element p1:qualifier is optional-->
                                            <p1:qualifier>nil:withheld</p1:qualifier>
                                            <p1:value codeSpace="URI">string</p1:value>
                                        </p1:CGI_TermValue>
                                    </p1:genesis>
                                    <!--Element p1:exposureColor, maxOccurs=unbounded-->
                                    <p1:exposureColor>
                                        <!--Attribute attributeProperty is optional-->
                                        <!--'Sequence' block is optional-->
                                        <p1:CGI_TermValue>
                                            <!--Element p1:qualifier is optional-->
                                            <p1:qualifier>nil:withheld</p1:qualifier>
                                            <p1:value codeSpace="URI">string</p1:value>
                                        </p1:CGI_TermValue>
                                    </p1:exposureColor>
                                    <p1:grossChemistry>unknown</p1:grossChemistry>
                                    <!--Element p1:composition is optional, maxOccurs=unbounded-->
                                    <p1:composition>
                                        <!--Attribute attributeProperty is optional-->
                                        <!--'Sequence' block is optional-->
                                        <p1:CompositionPart>
                                            <p1:role codeSpace="URI">string</p1:role>
                                            <p1:proportion>
                                                <!--Attribute attributeProperty is optional-->
                                                <!--'Sequence' block is optional-->
                                            </p1:proportion>
                                            <p1:material>
                                                <!--Attribute attributeProperty is optional-->
                                                <!--'Sequence' block is optional-->
                                            </p1:material>
                                        </p1:CompositionPart>
                                    </p1:composition>
                                </p1:GeologicUnit>
                            </p1:unit>
                            <p1:role codeSpace="URI">string</p1:role>
                            <p1:proportion>
                                <!--Attribute attributeProperty is optional-->
                                <!--'Sequence' block is optional-->
                            </p1:proportion>
                        </p1:GeologicUnitPart>
                    </p1:partOf>
                    <!--Element p1:bodyMorphology, maxOccurs=unbounded-->
                    <p1:bodyMorphology>
                        <!--Attribute attributeProperty is optional-->
                        <!--'Sequence' block is optional-->
                        <p1:CGI_TermValue>
                            <!--Element p1:qualifier is optional-->
                            <p1:qualifier>nil:withheld</p1:qualifier>
                            <p1:value codeSpace="URI">string</p1:value>
                        </p1:CGI_TermValue>
                    </p1:bodyMorphology>
                    <!--Element p1:outcropCharacter, maxOccurs=unbounded-->
                    <p1:outcropCharacter>
                        <!--Attribute attributeProperty is optional-->
                        <!--'Sequence' block is optional-->
                        <p1:CGI_TermValue>
                            <!--Element p1:qualifier is optional-->
                            <p1:qualifier>nil:withheld</p1:qualifier>
                            <p1:value codeSpace="URI">string</p1:value>
                        </p1:CGI_TermValue>
                    </p1:outcropCharacter>
                    <!--Element p1:genesis, maxOccurs=unbounded-->
                    <p1:genesis>
                        <!--Attribute attributeProperty is optional-->
                        <!--'Sequence' block is optional-->
                        <p1:CGI_TermValue>
                            <!--Element p1:qualifier is optional-->
                            <p1:qualifier>nil:withheld</p1:qualifier>
                            <p1:value codeSpace="URI">string</p1:value>
                        </p1:CGI_TermValue>
                    </p1:genesis>
                    <!--Element p1:exposureColor, maxOccurs=unbounded-->
                    <p1:exposureColor>
                        <!--Attribute attributeProperty is optional-->
                        <!--'Sequence' block is optional-->
                        <p1:CGI_TermValue>
                            <!--Element p1:qualifier is optional-->
                            <p1:qualifier>nil:withheld</p1:qualifier>
                            <p1:value codeSpace="URI">string</p1:value>
                        </p1:CGI_TermValue>
                    </p1:exposureColor>
                    <p1:grossChemistry>unknown</p1:grossChemistry>
                    <!--Element p1:composition is optional, maxOccurs=unbounded-->
                    <p1:composition>
                        <!--Attribute attributeProperty is optional-->
                        <!--'Sequence' block is optional-->
                        <p1:CompositionPart>
                            <p1:role codeSpace="URI">string</p1:role>
                            <p1:proportion>
                                <!--Attribute attributeProperty is optional-->
                                <!--'Sequence' block is optional-->
                            </p1:proportion>
                            <p1:material>
                                <!--Attribute attributeProperty is optional-->
                                <!--'Sequence' block is optional-->
                            </p1:material>
                        </p1:CompositionPart>
                    </p1:composition>
                </p1:GeologicUnit>
            </p1:unit>
            <p1:role codeSpace="URI">string</p1:role>
            <p1:proportion>
                <!--Attribute attributeProperty is optional-->
                <!--'Sequence' block is optional-->
            </p1:proportion>
        </p1:GeologicUnitPart>
    </p1:partOf>
    <!--Element p1:bodyMorphology, maxOccurs=unbounded-->
    <p1:bodyMorphology>
        <!--Attribute attributeProperty is optional-->
        <!--'Sequence' block is optional-->
        <p1:CGI_TermValue>
            <!--Element p1:qualifier is optional-->
            <p1:qualifier>nil:withheld</p1:qualifier>
            <p1:value codeSpace="URI">string</p1:value>
        </p1:CGI_TermValue>
    </p1:bodyMorphology>
    <!--Element p1:outcropCharacter, maxOccurs=unbounded-->
    <p1:outcropCharacter>
        <!--Attribute attributeProperty is optional-->
        <!--'Sequence' block is optional-->
        <p1:CGI_TermValue>
            <!--Element p1:qualifier is optional-->
            <p1:qualifier>nil:withheld</p1:qualifier>
            <p1:value codeSpace="URI">string</p1:value>
        </p1:CGI_TermValue>
    </p1:outcropCharacter>
    <!--Element p1:genesis, maxOccurs=unbounded-->
    <p1:genesis>
        <!--Attribute attributeProperty is optional-->
        <!--'Sequence' block is optional-->
        <p1:CGI_TermValue>
            <!--Element p1:qualifier is optional-->
            <p1:qualifier>nil:withheld</p1:qualifier>
            <p1:value codeSpace="URI">string</p1:value>
        </p1:CGI_TermValue>
    </p1:genesis>
    <!--Element p1:exposureColor, maxOccurs=unbounded-->
    <p1:exposureColor>
        <!--Attribute attributeProperty is optional-->
        <!--'Sequence' block is optional-->
        <p1:CGI_TermValue>
            <!--Element p1:qualifier is optional-->
            <p1:qualifier>nil:withheld</p1:qualifier>
            <p1:value codeSpace="URI">string</p1:value>
        </p1:CGI_TermValue>
    </p1:exposureColor>
    <p1:grossChemistry>unknown</p1:grossChemistry>
    <!--Element p1:composition is optional, maxOccurs=unbounded-->
    <p1:composition>
        <!--Attribute attributeProperty is optional-->
        <!--'Sequence' block is optional-->
        <p1:CompositionPart>
            <p1:role codeSpace="URI">string</p1:role>
            <p1:proportion>
                <!--Attribute attributeProperty is optional-->
                <!--'Sequence' block is optional-->
            </p1:proportion>
            <p1:material>
                <!--Attribute attributeProperty is optional-->
                <!--'Sequence' block is optional-->
            </p1:material>
        </p1:CompositionPart>
    </p1:composition>
    <p1:rank codeSpace="URI">string</p1:rank>
    <!--Element p1:weatheringCharacter, maxOccurs=unbounded-->
    <p1:weatheringCharacter>
        <!--Attribute attributeProperty is optional-->
        <!--'Sequence' block is optional-->
        <p1:CGI_TermValue>
            <!--Element p1:qualifier is optional-->
            <p1:qualifier>nil:withheld</p1:qualifier>
            <p1:value codeSpace="URI">string</p1:value>
        </p1:CGI_TermValue>
    </p1:weatheringCharacter>
    <!--Element p1:structurePresent is optional, maxOccurs=unbounded-->
    <p1:structurePresent>
        <!--Attribute attributeProperty is optional-->
        <!--'Sequence' block is optional-->
        <p1:CGI_TermValue>
            <!--Element p1:qualifier is optional-->
            <p1:qualifier>nil:withheld</p1:qualifier>
            <p1:value codeSpace="URI">string</p1:value>
        </p1:CGI_TermValue>
    </p1:structurePresent>
    <!--Element p1:metamorphicGrade is optional, maxOccurs=unbounded-->
    <p1:metamorphicGrade>
        <!--Attribute attributeProperty is optional-->
        <!--'Sequence' block is optional-->
        <p1:CGI_TermValue>
            <!--Element p1:qualifier is optional-->
            <p1:qualifier>nil:withheld</p1:qualifier>
            <p1:value codeSpace="URI">string</p1:value>
        </p1:CGI_TermValue>
    </p1:metamorphicGrade>
</p1:LithodemicUnit>