<?xml version="1.0" encoding="UTF-8"?>
<!-- edited with XMLSpy v2005 rel. 3 U (http://www.altova.com) by Stephen M Richard (Arizona Geological Survey) -->
<Gsml xmlns="http://www.cgi-iugs.org/xml/GeoSciML/1" xmlns:gml="http://www.opengis.net/gml" xmlns:xlink="http://www.w3.org/1999/xlink" xmlns:xsi="http://www.w3.org/2001/XMLSchema-instance" xsi:schemaLocation="http://www.cgi-iugs.org/xml/GeoSciML/1 ../1.1.0/schema/GeoSciML.xsd">
	<!-- The lexicon would probably be in a separate file -->
	<!-- -->
	<member>
		<GeologicVocabulary gml:id="ExampleLithologyVocabulary">
			<gml:description>Example collection of standard terms that identify kinds of Earth material. This example focuses on carbonate sedimentary rocks and simple sandstone terms, including simple hierarchy using VocabRelation</gml:description>
			<gml:name>urn:x-cgi:def:material:AzGS:2005:matLex1</gml:name>
			<member>
				<ControlledConcept gml:id="vocab1">
					<gml:description>Rock formed by accumulation and cementation of solid fragmental material deposited by air, water or ice, or material that accumulates by other natural agents such as chemical precipitation from solution or secretion by organisms</gml:description>
					<gml:name>urn:x-cgi:def:lithostratigraphy:USGS:2006:AzSLTTs:SedimentaryRock</gml:name>
					<preferredName>Sedimentary Rock</preferredName>
					<prototype xlink:href="http://pubs.usgs.gov/Geolex/GeoSciML_lith_prototypes/Sedimentary rock.xml"/>
					<vocabulary xlink:href="#ExampleLithologyVocabulary"/>
					<metadata/>
				</ControlledConcept>
			</member>
			<!-- -->
			<!-- -->
			<member>
				<ControlledConcept gml:id="vocab2">
					<gml:description>Sedimentary rock consisting of greater than 50 percent particles derived by erosion, weathering, or mass-wasting of pre-existing rock, either in air or below water or ice. Includes rocks consisting of greater than 50 percent carbonate minerals if the carbonate is present in constituents of extra-basinal origin (see definition of carbonate sedimentary rock).
The term terrigenous denotes of derivation from the land or continent, but this definition is too restrictive, because it excludes grains and clasts derived by subaqueous erosion and mass-wasting, as in materials deposited from slope-movement deposits derived from a subaqueous slope or canyon wall. The term is used here in a broader sense because other suitable terms are lacking.</gml:description>
					<gml:name>urn:x-cgi:def:lithostratigraphy:USGS:2006:AzSLTTs:Terrigenous clastic sedimentary rock</gml:name>
					<preferredName>Terrigenous clastic sedimentary rock</preferredName>
					<prototype xlink:href="#CM0001"/> <!-- reference to Defining CompoundMaterial instance GeologicObjectMember later in this document -->
					<vocabulary xlink:href="#ExampleLithologyVocabulary"/>
					<metadata/>
				</ControlledConcept>
			</member>
			<member>
				<ControlledConcept gml:id="vocab3">
					<gml:description>Sedimentary rock in which carbonate minerals (except siderite) form greater than 50 percent of rock by weight.</gml:description>
					<gml:name>urn:x-cgi:def:lithostratigraphy:USGS:2006:AzSLTTs:Carbonate sedimentary rock</gml:name>
					<preferredName>Carbonate sedimentary rock</preferredName>
					<prototype xlink:href="http://pubs.usgs.gov/Geolex/GeoSciML_lith_prototypes/Carbonate sedimentary rock.xml"/>
					<vocabulary xlink:href="#ExampleLithologyVocabulary"/>
					<metadata/>
				</ControlledConcept>
			</member>
			<!-- -->
			<!-- -->
			<member>
				<ControlledConcept gml:id="vocab4">
					<gml:description>A carbonate sedimentary rock greater than 50 percent of whose primary or re-crystallized components (except doloclastic lithoclasts) consist of dolomite (rocks containing greater than 50 percent doloclastic lithoclasts are terrigenous-clastic rocks)</gml:description>
					<gml:name>urn:x-cgi:def:lithostratigraphy:USGS:2006:AzSLTTs:Dolomitic rock</gml:name>
					<preferredName>Dolomitic rock</preferredName>
					<prototype xlink:href="http://pubs.usgs.gov/Geolex/GeoSciML_lith_prototypes/Dolomitic rock.xml"/>
					<vocabulary xlink:href="#ExampleLithologyVocabulary"/>
					<metadata/>
				</ControlledConcept>
			</member>
			<!-- -->
			<!-- -->
			<member>
				<ControlledConcept gml:id="vocab5">
					<gml:description>A carbonate rock with a (calcite plus aragonite) to dolomite ratio greater than 9:1 and having less than 10 percent non-carbonate impurities. Calcite to aragonite ratio not specified.</gml:description>
					<gml:name>urn:x-cgi:def:lithostratigraphy:USGS:2006:AzSLTTs:Limestone</gml:name>
					<preferredName>Limestone</preferredName>
					<prototype xlink:href="http://pubs.usgs.gov/Geolex/GeoSciML_lith_prototypes/Limestone.xml"/>
					<vocabulary xlink:href="#ExampleLithologyVocabulary"/>
					<metadata/>
				</ControlledConcept>
			</member>
			<!-- -->
			<!-- -->
			<member>
				<ControlledConcept gml:id="vocab6">
					<gml:description>A calcareous sedimentary rock rock with a calcite:dolomite ratio between 9:1 and  1:1, having less than 10 percent non-carbonate impurities.</gml:description>
					<gml:name>urn:x-cgi:def:lithostratigraphy:USGS:2006:AzSLTTs:Dolomitic limestone</gml:name>
					<preferredName>Dolomitic limestone</preferredName>
					<prototype xlink:href="http://pubs.usgs.gov/Geolex/GeoSciML_lith_prototypes/Dolomitic limestone.xml"/>
					<vocabulary xlink:href="#ExampleLithologyVocabulary"/>
					<metadata/>
				</ControlledConcept>
			</member>
			<!-- -->
			<!-- -->
			<member>
				<ControlledConcept gml:id="vocab7">
					<gml:description>A carbonate rock with a calcite:dolomite ratio greater than 9:1, and having non-carbonate impurities between 10 and 50 percent.</gml:description>
					<gml:name>urn:x-cgi:def:lithostratigraphy:USGS:2006:AzSLTTs:Impure limestone</gml:name>
					<preferredName>Impure limestone</preferredName>
					<prototype xlink:href="http://pubs.usgs.gov/Geolex/GeoSciML_lith_prototypes/Impure limestone.xml"/>
					<vocabulary xlink:href="#ExampleLithologyVocabulary"/>
					<metadata/>
				</ControlledConcept>
			</member>
			<!-- -->
			<!-- -->
			<member>
				<ControlledConcept gml:id="vocab8">
					<gml:description>A carbonate rock with a dolomite:(calcite plus aragonite) ratio or equal to 9:1 and having less than 10 percent non-carbonate impurities. A term proposed…for the sedimentary rock dolomite, in order to avoid confusion with the mineral of the same name.</gml:description>
					<gml:name>urn:x-cgi:def:lithostratigraphy:USGS:2006:AzSLTTs:Dolostone</gml:name>
					<preferredName>Dolostone</preferredName>
					<prototype xlink:href="http://pubs.usgs.gov/Geolex/GeoSciML_lith_prototypes/Dolostone.xml"/>
					<vocabulary xlink:href="#ExampleLithologyVocabulary"/>
					<metadata/>
				</ControlledConcept>
			</member>
			<!-- -->
			<!-- -->
			<member>
				<ControlledConcept gml:id="vocab9">
					<gml:description>A carbonate rock with a dolomite:calcite ratio greater than 9:1, and having non-carbonate impurities between 10 and 50 percent.</gml:description>
					<gml:name>urn:x-cgi:def:lithostratigraphy:USGS:2006:AzSLTTs:Impure dolostone</gml:name>
					<preferredName>Impure dolostone</preferredName>
					<prototype xlink:href="http://pubs.usgs.gov/Geolex/GeoSciML_lith_prototypes/Impure dolostone.xml"/>
					<vocabulary xlink:href="#ExampleLithologyVocabulary"/>
					<metadata/>
				</ControlledConcept>
			</member>
			<!-- -->
			<!-- -->
			<member>
				<ControlledConcept gml:id="vocab10">
					<gml:description/>
					<gml:name>urn:x-cgi:def:lithostratigraphy:USGS:2006:AzSLTTs:Sandstone _sandy_rock_of SLTTs</gml:name>
					<preferredName>Sandstone _sandy_rock_of SLTTs</preferredName>
					<prototype xlink:href="http://pubs.usgs.gov/Geolex/GeoSciML_lith_prototypes/Sandstone _sandy_rock_of SLTTs.xml"/>
					<vocabulary xlink:href="#ExampleLithologyVocabulary"/>
					<metadata/>
				</ControlledConcept>
			</member>
			<!-- -->
			<!-- -->
			<member>
				<ControlledConcept gml:id="vocab11">
					<gml:description>A carbonate rock with a dolomite:calcite ratio greater than 9:1, and having non-carbonate impurities between 10 and 50 percent.</gml:description>
					<gml:name>urn:x-cgi:def:lithostratigraphy:USGS:2006:AzSLTTs:Calcareous_dolostone</gml:name>
					<preferredName>Calcareous dolostone</preferredName>
					<prototype xlink:href="http://pubs.usgs.gov/Geolex/GeoSciML_lith_prototypes/Calcareous_dolostone.xml"/>
					<vocabulary xlink:href="#ExampleLithologyVocabulary"/>
					<metadata/>
				</ControlledConcept>
			</member>
			<!-- -->
			<!-- -->
			<member>
				<VocabRelation>
					<role codeSpace="http://pubs.usgs.gov/Geolex/GeoSciML_lith_prototypes/VocabRelationRoleTerms">ParentOf</role>
					<!--  source parentOf target-->
					<target xlink:href="#Vocab2"/>
					<source xlink:href="#Vocab1"/>
					<vocabulary xlink:href="#ExampleLithologyVocabulary"/>
				</VocabRelation>
			</member>
			<!-- -->
			<!-- -->
			<member>
				<VocabRelation>
					<role codeSpace="http://pubs.usgs.gov/Geolex/GeoSciML_lith_prototypes/VocabRelationRoleTerms">ParentOf</role>
					<!--  source parentOf target-->
					<target xlink:href="#Vocab3"/>
					<source xlink:href="#Vocab1"/>
					<vocabulary xlink:href="#ExampleLithologyVocabulary"/>
				</VocabRelation>
			</member>
			<!-- -->
			<!-- -->
			<member>
				<VocabRelation>
					<role codeSpace="http://pubs.usgs.gov/Geolex/GeoSciML_lith_prototypes/VocabRelationRoleTerms">ParentOf</role>
					<!--  source parentOf target-->
					<target xlink:href="#Vocab10"/>
					<source xlink:href="#Vocab2"/>
					<vocabulary xlink:href="#ExampleLithologyVocabulary"/>
				</VocabRelation>
			</member>
			<!-- -->
			<!-- -->
			<member>
				<VocabRelation>
					<role codeSpace="http://pubs.usgs.gov/Geolex/GeoSciML_lith_prototypes/VocabRelationRoleTerms">ParentOf</role>
					<!--  source parentOf target-->
					<target xlink:href="#Vocab7"/>
					<source xlink:href="#Vocab3"/>
					<vocabulary xlink:href="#ExampleLithologyVocabulary"/>
				</VocabRelation>
			</member>
			<!-- -->
			<!-- -->
			<member>
				<VocabRelation>
					<role codeSpace="http://pubs.usgs.gov/Geolex/GeoSciML_lith_prototypes/VocabRelationRoleTerms">ParentOf</role>
					<!--  source parentOf target-->
					<target xlink:href="#Vocab4"/>
					<source xlink:href="#Vocab3"/>
					<vocabulary xlink:href="#ExampleLithologyVocabulary"/>
				</VocabRelation>
			</member>
			<!-- -->
			<!-- -->
			<member>
				<VocabRelation>
					<role codeSpace="http://pubs.usgs.gov/Geolex/GeoSciML_lith_prototypes/VocabRelationRoleTerms">ParentOf</role>
					<!--  source parentOf target-->
					<target xlink:href="#Vocab5"/>
					<source xlink:href="#Vocab3"/>
					<vocabulary xlink:href="#ExampleLithologyVocabulary"/>
				</VocabRelation>
			</member>
			<!-- -->
			<!-- -->
			<member>
				<VocabRelation>
					<role codeSpace="http://pubs.usgs.gov/Geolex/GeoSciML_lith_prototypes/VocabRelationRoleTerms">ParentOf</role>
					<!--  source parentOf target-->
					<target xlink:href="#Vocab6"/>
					<source xlink:href="#Vocab3"/>
					<vocabulary xlink:href="#ExampleLithologyVocabulary"/>
				</VocabRelation>
			</member>
			<!-- -->
			<!-- -->
			<member>
				<VocabRelation>
					<role codeSpace="http://pubs.usgs.gov/Geolex/GeoSciML_lith_prototypes/VocabRelationRoleTerms">ParentOf</role>
					<!--  source parentOf target-->
					<target xlink:href="#Vocab4"/>
					<source xlink:href="#Vocab3"/>
					<vocabulary xlink:href="#ExampleLithologyVocabulary"/>
				</VocabRelation>
			</member>
		</GeologicVocabulary>
	</member>
	<!-- -->
	<!-- -->
	<!-- example earth material prototype -->
	<member>
		<EarthMaterial xsi:type="CompoundMaterialType" gml:id="CM0001">
			<gml:description>Example of prototype/ defining entity instance for 'Sedimentary rock' in litholgoy vocabulary</gml:description>
			<gml:name>urn:x-cgi:def:material:AZGS:2005:matLex1:SedimentaryRock</gml:name>
			<purpose>identifyingNorm</purpose>
			<classifier xlink:href="#vocab1"/> <!-- this is reference to 'Sedimentary Rock' controlled concept in urn:x-cgi:def:material:AzGS:2005:matLex1-->
			<color>
				<CGI_TermValue>
					<value codeSpace="http://pubs.usgs.gov/Colors">"Any Color"</value>
				</CGI_TermValue>
			</color>
			<consolidationDegree>
				<CGI_TermValue>
					<qualifier>always</qualifier>
					<value codeSpace="http://pubs.usgs.gov/Vocab">"consolidated"</value>
				</CGI_TermValue>
			</consolidationDegree>
			<metamorphicGrade>
				<CGI_TermValue>
					<qualifier>always</qualifier>
					<value codeSpace="http://pubs.usgs.gov/Vocab">"not metamorphosed"</value>
				</CGI_TermValue>
			</metamorphicGrade>
			<particleGeometry/>
			<fabric/>
			<grossChemistry>unknown</grossChemistry>
			<genesis>
				<CGI_TermValue>
					<qualifier>always</qualifier>
					<value codeSpace="http://pubs.usgs.gov/Vocab">"Sedimentary genesis"</value>
				</CGI_TermValue>
			</genesis>
		</EarthMaterial>
	</member>
</Gsml>
