<?xml version="1.0" encoding="UTF-8"?>
<!-- edited with XMLSpy v2005 rel. 3 U (http://www.altova.com) by Stephen M Richard (Arizona Geological Survey) -->
<Gsml xmlns="http://www.cgi-iugs.org/xml/GeoSciML/1" xmlns:gml="http://www.opengis.net/gml" xmlns:xlink="http://www.w3.org/1999/xlink" xmlns:xsi="http://www.w3.org/2001/XMLSchema-instance" xsi:schemaLocation="http://www.cgi-iugs.org/xml/GeoSciML/1 ../1.1.0/schema/GeoSciML.xsd">
	<!-- The lexicon would probably be in a separate file -->
	<member>
		<StratigraphicLexicon gml:id="AZGSGeologicUnits">
			<gml:description>Collection of geologic units defined by State of Arizona</gml:description>
			<gml:name>Arizona stratigraphic unit lexicon</gml:name>
			<member>
				<ControlledConcept gml:id="MartinFormationConcept">
					<gml:description>lithostratigraphic formation defined by </gml:description>
					<gml:name>urn:x-cgi:def:lithostratigraphy:USGS:2006:Geolex:MartinFormation</gml:name>
					<preferredName>Martin Formation</preferredName>
					<prototype xlink:href="#MartinFormationPrototype"/>
					<vocabulary xlink:href="#AZGSGeologicUnits"/>
					<metadata/>
				</ControlledConcept>
			</member>
			<!-- -->
			<!-- -->
			<member>
				<ControlledConcept gml:id="BeckersButteSandstoneMemberConcept">
					<gml:description>This text defines the intention of the geologic unit...</gml:description>
					<gml:name>urn:x-cgi:def:lithostratigraphy:USGS:2006:Geolex:BeckersButteMember</gml:name>
					<preferredName>Beckers Butte Sandstone</preferredName>
					<prototype xlink:href="http://pubs.usgs.gov/Geolex/GeoSciML_GU_prototypes/BeckersButteMember.xml"/>
					<vocabulary xlink:href="#AZGSGeologicUnits"/>
					<metadata/>
				</ControlledConcept>
			</member>
			<!-- -->
			<!-- -->
			<member>
				<ControlledConcept gml:id="JeromeMemberConcept">
					<gml:description>This text defines the intention of the geologic unit...</gml:description>
					<gml:name>urn:x-cgi:def:lithostratigraphy:USGS:2006:Geolex:JeromeMember</gml:name>
					<preferredName>Jerome Member, Martin Formation</preferredName>
					<prototype xlink:href="http://pubs.usgs.gov/Geolex/GeoSciML_GU_prototypes/JeromeMember.xml"/>
					<vocabulary xlink:href="#AZGSGeologicUnits"/>
					<metadata/>
				</ControlledConcept>
			</member>
		</StratigraphicLexicon>
	</member>
	<!-- -->
	<!-- -->
	<member>
		<GeologicFeatureRelation gml:id="rel-100">
			<gml:name>urn:x-cgi:def:lithostratigraphy:USGS:2006:featureRelation:Stratigraphic position</gml:name>
			<role codeSpace="http://www.iugs-cgi.org/featureRelationVocabulary">overlies</role>
			<source xlink:href="#LS3"/>
			<target xlink:href="#LS2"/>
		</GeologicFeatureRelation>
	</member>
	<!-- -->
	<!-- -->
	<member>
		<LithoStratigraphicUnit gml:id="MartinFormationPrototype">
			<!--simple unit w/o composition -->
			<gml:description>The type section of the Martin Formation at Mt. Martin near Bisbee consists almost entirely of medium-gray to medium dark-gray aphantiic to fine-graine limestone. dolostone is entirely subordinate, occurring on ly in the uppermost 20-30 feet. 'Rock color chart' values are N4 to n5, although in the feidl, one would be inclued to describe the rock as dark gray. The lowe rpart o fhte formation is generally thin bedded; the upper part is thicker bedded. Fossils occur at least throught out he tupper tow thirds of the formatk, witht he exception of the uppermost 50-60 feet, which seems to be unfossiliferous. Among the larger fossils, brachiopods predominate. Micro assemablages include dmany calcispheres, ostracodes, and unidentified fragmentary remains.</gml:description>
			<gml:name>urn:x-cgi:def:lithostratigraphy:USGS:2006:Geolex:TypeMartinFormation</gml:name>
			<gml:boundedBy>
				<gml:Envelope>
					<gml:lowerCorner/>
					<!-- these would be the corners of a bounding box for type area of the Martin Formation-->
					<gml:upperCorner/>
				</gml:Envelope>
			</gml:boundedBy>
			<purpose>typicalNorm</purpose>
			<!--Specification of the intended purpose/level of abstraction for a given feature or object instance. Scoped name because intension is asserted by author of the data instance. Values: Instance, TypicalNorm, IdentifyingNorm. -->
			<age>
				<GeologicAge>
					<value>
						<CGI_TermValue>
							<value codeSpace="http://www.iugs-cgi.org/geologicAgeVocabulary">Middle Devonian</value>
						</CGI_TermValue>
					</value>
					<!-- there doesn't seem to be a mechanism to provide indication of basis for Middle Devonian age call, in this case fossil collection reported by H. S. Williams in Ransome, 1904, p.35-42-->
					<event>
						<CGI_TermValue>
							<value codeSpace="http://www.iugs-cgi.org/EventVocabulary">deposition</value>
						</CGI_TermValue>
					</event>
				</GeologicAge>
			</age>
			<metadata>
				<GeologicFeatureMetadata>
					<hierarchyLevel>feature</hierarchyLevel>
					<sourceReference></sourceReference>
					<thematicAccuracy></thematicAccuracy>
					<observationMethod></observationMethod>
				</GeologicFeatureMetadata>
			</metadata>
			<classifier xlink:href="#MartinFormationConcept"/>
			<!-- heres the link to the controlled concept that defines what Martin Formation is-->
			<!-- four notional (descriptive) parts are specified based on Teichert's description, a lower limestone, lower fossilfierout limestone, upper nonfossiliferous limestone, and upper nonfossilferous dolostone -->
			<partOf>
				<!-- guess 0-100 feet, thick bedded, limestone, not known to be fossiliferous -->
				<GeologicUnitPart>
					<unit>
						<LithoStratigraphicUnit gml:id="GeoUnitPart0231">
							<gml:description>guess 0-100 feet, thick bedded, limestone, not known to be fossiliferous</gml:description>
							<purpose>typicalNorm</purpose>
							<age/>
							<metadata/>
							<classifier xlink:href="#MartinFormationConcept"/>
							<bodyMorphology/>
							<outcropCharacter/>
							<genesis/>
							<exposureColor/>
							<grossChemistry>carbonate</grossChemistry>
							<rank codeSpace=""/>
							<weatheringCharacter/>
							<unitThickness>
								<CGI_NumericValue>
									<qualifier>approximate</qualifier>
									<principalValue uom="meters">100</principalValue>
									<plusDelta uom="">20</plusDelta>
									<minusDelta uom="">20</minusDelta>
								</CGI_NumericValue>
							</unitThickness>
							<beddingStyle/>
							<beddingPattern/>
							<beddingThickness>
								<CGI_TermValue>
									<value codeSpace="http://www.iugs-cgi.org/ThicknessVocabulary">Thick-bedded</value>
								</CGI_TermValue>
							</beddingThickness>
						</LithoStratigraphicUnit>
					</unit>
					<role codeSpace="http://www.iugs-cgi.org/unitPartRoleVocabulary">Stratigraphic part</role>
					<proportion>
						<CGI_NumericValue>
							<qualifier>approximate</qualifier>
							<principalValue uom="percent">12</principalValue>
							<plusDelta uom="percent">0</plusDelta>
							<minusDelta uom="percent">0</minusDelta>
						</CGI_NumericValue>
					</proportion>
				</GeologicUnitPart>
			</partOf>
			<partOf>
				<!-- 100-280 feet, thick bedded, bedding thinning upward, fossiliferous-->
				<GeologicUnitPart>
					<unit>
						<LithoStratigraphicUnit gml:id="GeoUnitPart0232">
							<purpose>typicalNorm</purpose>
							<age/>
							<metadata/>
							<classifier xlink:href="#MartinFormationConcept"/>
							<bodyMorphology/>
							<outcropCharacter/>
							<genesis/>
							<exposureColor/>
							<grossChemistry>carbonate</grossChemistry>
							<rank codeSpace=""/>
							<weatheringCharacter/>
							<unitThickness/>
							<beddingStyle/>
							<beddingPattern/>
							<beddingThickness/>
						</LithoStratigraphicUnit>
					</unit>
					<role codeSpace="http://www.iugs-cgi.org/unitPartRoleVocabulary">Stratigraphic part</role>
					<proportion>
						<CGI_NumericValue>
							<qualifier>approximate</qualifier>
							<principalValue uom="percent">88</principalValue>
							<plusDelta uom="percent">0</plusDelta>
							<minusDelta uom="percent">0</minusDelta>
						</CGI_NumericValue>
					</proportion>
				</GeologicUnitPart>
			</partOf>
			<partOf>
				<!-- 280-310 thin bedded, non fossilferous limestone -->
				<GeologicUnitPart>
					<unit>
						<LithoStratigraphicUnit gml:id="GeoUnitPart0233">
							<gml:description>280-310 thin bedded, non fossilferous limestone</gml:description>
							<purpose>typicalNorm</purpose>
							<age/>
							<metadata/>
							<classifier xlink:href="#MartinFormationConcept"/>
							<bodyMorphology/>
							<outcropCharacter/>
							<genesis/>
							<exposureColor/>
							<grossChemistry>carbonate</grossChemistry>
							<composition>
							<CompositionPart>
								<role codeSpace="http://www.iugs-cgi.org/Vocabulary">lithologic constituent</role>
								<proportion>
								<CGI_NumericValue>
							<qualifier>approximate</qualifier>
							<principalValue uom="percent">90</principalValue>
							<plusDelta uom="percent">0</plusDelta>
							<minusDelta uom="percent">0</minusDelta>
						</CGI_NumericValue>
						</proportion>
								<material>
								<CompoundMaterial>
									<purpose>definingNorm</purpose>
									<classifier></classifier>
									<color></color>
									<consolidationDegree></consolidationDegree>
									<metamorphicGrade></metamorphicGrade>
									<particleGeometry></particleGeometry>
									<fabric></fabric>
									<grossChemistry>carbonate</grossChemistry>
									<genesis></genesis>
								</CompoundMaterial></material>
							</CompositionPart>
							</composition>
							<rank codeSpace=""/>
							<weatheringCharacter/>
							<unitThickness>
								<CGI_NumericValue>
									<qualifier>approximate</qualifier>
									<principalValue uom="meter">9</principalValue>
									<plusDelta uom="meter">4</plusDelta>
									<minusDelta uom="meter">4</minusDelta>
								</CGI_NumericValue>
							</unitThickness>
							<beddingStyle/>
							<beddingPattern/>
							<beddingThickness>
							<CGI_TermValue>
								<value codeSpace="http://www.iugs-cgi.org/Vocabulary">Thin bedded</value>
							</CGI_TermValue></beddingThickness>
						</LithoStratigraphicUnit>
					</unit>
					<role codeSpace="http://www.iugs-cgi.org/unitPartRoleVocabulary">Stratigraphic part</role>
					<proportion>
						<CGI_NumericValue>
							<qualifier>approximate</qualifier>
							<principalValue uom="percent">12</principalValue>
							<plusDelta uom="percent">0</plusDelta>
							<minusDelta uom="percent">0</minusDelta>
						</CGI_NumericValue>
					</proportion>
				</GeologicUnitPart>
			</partOf>
			<partOf>
				<!-- 310- 340 thin bedded, non fissiferous dolostone -->
				<GeologicUnitPart>
					<unit>
						<LithoStratigraphicUnit gml:id="GeoUnitPart0235">
							<gml:description>310- 340 thin bedded, non fissiferous dolostone</gml:description>
							<purpose>typicalNorm</purpose>
							<age/>
							<metadata/>
							<classifier xlink:href="#MartinFormationConcept"/>
							<bodyMorphology xlink:href="urn:x-ogc:def:nil:OGC:unknown"/>
							<outcropCharacter xlink:href="urn:x-ogc:def:nil:OGC:unknown"/>
							<genesis xlink:href="urn:x-ogc:def:nil:OGC:unknown"/>
							<exposureColor xlink:href="urn:x-ogc:def:nil:OGC:unknown"/>
							<grossChemistry>carbonate</grossChemistry>
							<rank codeSpace=""/>
							<weatheringCharacter xlink:href="urn:x-ogc:def:nil:OGC:unknown"/>
							<unitThickness>
								<CGI_NumericValue>
									<principalValue uom="meter">30</principalValue>
									<plusDelta uom="meter">20</plusDelta>
									<minusDelta uom="meter">10</minusDelta>
								</CGI_NumericValue>
							</unitThickness>
							<beddingStyle xlink:href="urn:x-ogc:def:nil:OGC:unknown"/>
							<beddingPattern xlink:href="urn:x-ogc:def:nil:OGC:unknown"/>
							<beddingThickness>
								<CGI_TermValue>
									<value codeSpace="http://www.iugs-cgi.org/ThicknessVocabulary">Thin-bedded</value>
								</CGI_TermValue>
							</beddingThickness>
						</LithoStratigraphicUnit>
					</unit>
					<role codeSpace="http://www.iugs-cgi.org/unitPartRoleVocabulary">Stratigraphic part</role>
					<proportion>
						<CGI_NumericValue>
							<qualifier>approximate</qualifier>
							<principalValue uom="percent">12</principalValue>
							<plusDelta uom="percent">0</plusDelta>
							<minusDelta uom="percent">0</minusDelta>
						</CGI_NumericValue>
					</proportion>
				</GeologicUnitPart>
			</partOf>
			<bodyMorphology xlink:href="urn:x-ogc:def:nil:OGC:unknown"/>
			<outcropCharacter>
				<CGI_TermValue>
					<qualifier>common</qualifier>
					<value codeSpace="http://www.iugs-cgi.org/outcropCharacterVocabulary">ledge forming</value>
				</CGI_TermValue>
			</outcropCharacter>
			<genesis xlink:href="urn:x-ogc:def:nil:OGC:unknown"/>
			<exposureColor xlink:href="urn:x-ogc:def:nil:OGC:unknown"/>
			<grossChemistry>carbonate</grossChemistry>
			<rank codeSpace="http://www.iugs-cgi.org/Vocabulary">Formation</rank>
			<weatheringCharacter xlink:href="urn:x-ogc:def:nil:OGC:unknown"/>
			<metamorphicGrade>
				<CGI_TermValue>
					<value codeSpace="http://www.iugs-cgi.org/metamorphicGradeVocabulary">not metamorphosed</value>
				</CGI_TermValue>
			</metamorphicGrade>
			<unitThickness>
				<CGI_NumericValue>
					<principalValue uom="meter">340</principalValue>
					<plusDelta uom="meter">10</plusDelta>
					<minusDelta uom="meter">10</minusDelta>
				</CGI_NumericValue>
			</unitThickness>
			<beddingStyle>
				<CGI_TermValue>
					<qualifier>common</qualifier>
					<value codeSpace="http://www.iugs-cgi.org/Vocabulary">Planar bedding</value>
				</CGI_TermValue>
			</beddingStyle>
			<beddingPattern xlink:href="urn:x-ogc:def:nil:OGC:unknown"/>
			<beddingThickness>
				<CGI_TermRange>
					<lower>
						<CGI_TermValue>
							<value codeSpace="http://www.iugs-cgi.org/Vocabulary">thin bedded</value>
						</CGI_TermValue>
					</lower>
					<upper>
						<CGI_TermValue>
							<value codeSpace="http://www.iugs-cgi.org/Vocabulary">thick bedded</value>
						</CGI_TermValue>
					</upper>
				</CGI_TermRange>
			</beddingThickness>
		</LithoStratigraphicUnit>
	</member>
</Gsml>
