<?xml version="1.0" encoding="UTF-8"?>
<!-- Example return to getFeature request from Geology data layer-->
<wfs:FeatureCollection xmlns:gml="http://www.opengis.net/gml" xmlns:wfs="http://www.opengis.net/wfs" xmlns:xlink="http://www.w3.org/1999/xlink" xmlns:gsml="http://www.cgi-iugs.org/xml/GeoSciML/1" xmlns:xsi="http://www.w3.org/2001/XMLSchema-instance" xsi:schemaLocation="http://www.opengis.net/wfs 
file:///c:/aWorkspace/CGI_DataModel/LocalSchema/1.1.0/schema/WFS-basic.xsd">

	<!--<metadata/>   data set level metadata -->
	<gml:featureMember>
		<!-- 0..* -->
		<gsml:LithodemicUnit>
			<gsml:purpose>instance</gsml:purpose>
			<!--Element gsml:age, maxOccurs=unbounded-->
			<gsml:age>
				<!--Attribute attributeProperty is optional-->
				<!--'Sequence' block is optional-->
				<gsml:GeologicAge>
					<gsml:value>
						<!--Attribute attributeProperty is optional-->
						<!--'Sequence' block is optional-->
					</gsml:value>
					<gsml:event>
						<!--Attribute attributeProperty is optional-->
						<!--'Sequence' block is optional-->
						<gsml:CGI_TermValue>
							<!--Element gsml:qualifier is optional-->
							<gsml:qualifier>nil:withheld</gsml:qualifier>
							<gsml:value codeSpace="URI">string</gsml:value>
						</gsml:CGI_TermValue>
					</gsml:event>
				</gsml:GeologicAge>
			</gsml:age>
			<gsml:metadata>
				<!--'Sequence' block is optional-->
				<gsml:GeologicFeatureMetadata>
					<gsml:hierarchyLevel>service</gsml:hierarchyLevel>
					<!--Element gsml:parent is optional-->
					<gsml:parent/>
					<!--Element gsml:sourceReference, maxOccurs=unbounded-->
					<gsml:sourceReference/>
					<!--Element gsml:comment is optional-->
					<gsml:comment/>
					<gsml:thematicAccuracy>
						<!--Attribute attributeProperty is optional-->
						<!--'Sequence' block is optional-->
					</gsml:thematicAccuracy>
					<!--Element gsml:observationMethod, maxOccurs=unbounded-->
					<gsml:observationMethod>
						<!--Attribute attributeProperty is optional-->
						<!--'Sequence' block is optional-->
					</gsml:observationMethod>
				</gsml:GeologicFeatureMetadata>
			</gsml:metadata>
			<!--Element gsml:occurrence is optional, maxOccurs=unbounded-->
			<gsml:occurrence>
				<!--Attribute attributeProperty is optional-->
				<!--'Sequence' block is optional-->
				<gsml:MappedFeature>
					<gsml:shape>
						<!--Attribute attributeProperty is optional-->
						<!--'Sequence' block is optional-->
					</gsml:shape>
					<gsml:specification>
						<!--Attribute attributeProperty is optional-->
						<!--'Sequence' block is optional-->
					</gsml:specification>
					<gsml:samplingFrame/>
					<gsml:metadata>
						<!--'Sequence' block is optional-->
						<gsml:MappedFeatureMetadata>
							<gsml:hierarchyLevel>service</gsml:hierarchyLevel>
							<!--Element gsml:parent is optional-->
							<gsml:parent/>
							<!--Element gsml:sourceReference, maxOccurs=unbounded-->
							<gsml:sourceReference/>
							<!--Element gsml:comment is optional-->
							<gsml:comment/>
							<gsml:positionalAccuracy>
								<!--Attribute attributeProperty is optional-->
								<!--'Sequence' block is optional-->
							</gsml:positionalAccuracy>
							<!--Element gsml:observationMethod, maxOccurs=unbounded-->
							<gsml:observationMethod>
								<!--Attribute attributeProperty is optional-->
								<!--'Sequence' block is optional-->
							</gsml:observationMethod>
						</gsml:MappedFeatureMetadata>
					</gsml:metadata>
				</gsml:MappedFeature>
			</gsml:occurrence>
			<gsml:classifier>
	</gsml:classifier>
			<!--Element gsml:partOf is optional, maxOccurs=unbounded-->
			<gsml:partOf>
				<gsml:GeologicUnitPart>
					<gsml:unit>
						<!--Attribute attributeProperty is optional-->
						<!--'Sequence' block is optional-->
						<gsml:GeologicUnit>
							<gsml:purpose>instance</gsml:purpose>
							<!--Element gsml:age, maxOccurs=unbounded-->
							<gsml:age>
								<!--Attribute attributeProperty is optional-->
								<!--'Sequence' block is optional-->
								<gsml:GeologicAge>
									<gsml:value>
										<!--Attribute attributeProperty is optional-->
										<!--'Sequence' block is optional-->
									</gsml:value>
									<gsml:event>
										<!--Attribute attributeProperty is optional-->
										<!--'Sequence' block is optional-->
										<gsml:CGI_TermValue>
											<!--Element gsml:qualifier is optional-->
											<gsml:qualifier>nil:withheld</gsml:qualifier>
											<gsml:value codeSpace="URI">string</gsml:value>
										</gsml:CGI_TermValue>
									</gsml:event>
								</gsml:GeologicAge>
							</gsml:age>
							<gsml:metadata>
								<!--'Sequence' block is optional-->
								<gsml:GeologicFeatureMetadata>
									<gsml:hierarchyLevel>service</gsml:hierarchyLevel>
									<!--Element gsml:parent is optional-->
									<gsml:parent/>
									<!--Element gsml:sourceReference, maxOccurs=unbounded-->
									<gsml:sourceReference/>
									<!--Element gsml:comment is optional-->
									<gsml:comment/>
									<gsml:thematicAccuracy>
										<!--Attribute attributeProperty is optional-->
										<!--'Sequence' block is optional-->
									</gsml:thematicAccuracy>
									<!--Element gsml:observationMethod, maxOccurs=unbounded-->
									<gsml:observationMethod>
										<!--Attribute attributeProperty is optional-->
										<!--'Sequence' block is optional-->
									</gsml:observationMethod>
								</gsml:GeologicFeatureMetadata>
							</gsml:metadata>
							<!--Element gsml:occurrence is optional, maxOccurs=unbounded-->
							<gsml:occurrence>
								<!--Attribute attributeProperty is optional-->
								<!--'Sequence' block is optional-->
								<gsml:MappedFeature>
									<gsml:shape>
										<!--Attribute attributeProperty is optional-->
										<!--'Sequence' block is optional-->
									</gsml:shape>
									<gsml:specification>
										<!--Attribute attributeProperty is optional-->
										<!--'Sequence' block is optional-->
									</gsml:specification>
									<gsml:samplingFrame/>
									<gsml:metadata>
										<!--'Sequence' block is optional-->
										<gsml:MappedFeatureMetadata>
											<gsml:hierarchyLevel>service</gsml:hierarchyLevel>
											<!--Element gsml:parent is optional-->
											<gsml:parent/>
											<!--Element gsml:sourceReference, maxOccurs=unbounded-->
											<gsml:sourceReference/>
											<!--Element gsml:comment is optional-->
											<gsml:comment/>
											<gsml:positionalAccuracy>
												<!--Attribute attributeProperty is optional-->
												<!--'Sequence' block is optional-->
											</gsml:positionalAccuracy>
											<!--Element gsml:observationMethod, maxOccurs=unbounded-->
											<gsml:observationMethod>
												<!--Attribute attributeProperty is optional-->
												<!--'Sequence' block is optional-->
											</gsml:observationMethod>
										</gsml:MappedFeatureMetadata>
									</gsml:metadata>
								</gsml:MappedFeature>
							</gsml:occurrence>
							<gsml:classifier/>
							<!--Element gsml:partOf is optional, maxOccurs=unbounded-->
							<gsml:partOf>
								<gsml:GeologicUnitPart>
									<gsml:unit>
										<!--Attribute attributeProperty is optional-->
										<!--'Sequence' block is optional-->
										<gsml:GeologicUnit>
											<gsml:purpose>instance</gsml:purpose>
											<!--Element gsml:age, maxOccurs=unbounded-->
											<gsml:age>
												<!--Attribute attributeProperty is optional-->
												<!--'Sequence' block is optional-->
												<gsml:GeologicAge>
													<gsml:value>
														<!--Attribute attributeProperty is optional-->
														<!--'Sequence' block is optional-->
													</gsml:value>
													<gsml:event>
														<!--Attribute attributeProperty is optional-->
														<!--'Sequence' block is optional-->
														<gsml:CGI_TermValue>
															<!--Element gsml:qualifier is optional-->
															<gsml:qualifier>nil:withheld</gsml:qualifier>
															<gsml:value codeSpace="URI">string</gsml:value>
														</gsml:CGI_TermValue>
													</gsml:event>
												</gsml:GeologicAge>
											</gsml:age>
											<gsml:metadata>
												<!--'Sequence' block is optional-->
												<gsml:GeologicFeatureMetadata>
													<gsml:hierarchyLevel>service</gsml:hierarchyLevel>
													<!--Element gsml:parent is optional-->
													<gsml:parent/>
													<!--Element gsml:sourceReference, maxOccurs=unbounded-->
													<gsml:sourceReference/>
													<!--Element gsml:comment is optional-->
													<gsml:comment/>
													<gsml:thematicAccuracy>
														<!--Attribute attributeProperty is optional-->
														<!--'Sequence' block is optional-->
													</gsml:thematicAccuracy>
													<!--Element gsml:observationMethod, maxOccurs=unbounded-->
													<gsml:observationMethod>
														<!--Attribute attributeProperty is optional-->
														<!--'Sequence' block is optional-->
													</gsml:observationMethod>
												</gsml:GeologicFeatureMetadata>
											</gsml:metadata>
											<!--Element gsml:occurrence is optional, maxOccurs=unbounded-->
											<gsml:occurrence>
												<!--Attribute attributeProperty is optional-->
												<!--'Sequence' block is optional-->
												<gsml:MappedFeature>
													<gsml:shape>
														<!--Attribute attributeProperty is optional-->
														<!--'Sequence' block is optional-->
													</gsml:shape>
													<gsml:specification>
														<!--Attribute attributeProperty is optional-->
														<!--'Sequence' block is optional-->
													</gsml:specification>
													<gsml:samplingFrame/>
													<gsml:metadata>
														<!--'Sequence' block is optional-->
														<gsml:MappedFeatureMetadata>
															<gsml:hierarchyLevel>service</gsml:hierarchyLevel>
															<!--Element gsml:parent is optional-->
															<gsml:parent/>
															<!--Element gsml:sourceReference, maxOccurs=unbounded-->
															<gsml:sourceReference/>
															<!--Element gsml:comment is optional-->
															<gsml:comment/>
															<gsml:positionalAccuracy>
																<!--Attribute attributeProperty is optional-->
																<!--'Sequence' block is optional-->
															</gsml:positionalAccuracy>
															<!--Element gsml:observationMethod, maxOccurs=unbounded-->
															<gsml:observationMethod>
																<!--Attribute attributeProperty is optional-->
																<!--'Sequence' block is optional-->
															</gsml:observationMethod>
														</gsml:MappedFeatureMetadata>
													</gsml:metadata>
												</gsml:MappedFeature>
											</gsml:occurrence>
											<gsml:classifier/>
											<!--Element gsml:bodyMorphology, maxOccurs=unbounded-->
											<gsml:bodyMorphology>
												<!--Attribute attributeProperty is optional-->
												<!--'Sequence' block is optional-->
												<gsml:CGI_TermValue>
													<!--Element gsml:qualifier is optional-->
													<gsml:qualifier>nil:withheld</gsml:qualifier>
													<gsml:value codeSpace="URI">string</gsml:value>
												</gsml:CGI_TermValue>
											</gsml:bodyMorphology>
											<!--Element gsml:outcropCharacter, maxOccurs=unbounded-->
											<gsml:outcropCharacter>
												<!--Attribute attributeProperty is optional-->
												<!--'Sequence' block is optional-->
												<gsml:CGI_TermValue>
													<!--Element gsml:qualifier is optional-->
													<gsml:qualifier>nil:withheld</gsml:qualifier>
													<gsml:value codeSpace="URI">string</gsml:value>
												</gsml:CGI_TermValue>
											</gsml:outcropCharacter>
											<!--Element gsml:genesis, maxOccurs=unbounded-->
											<gsml:genesis>
												<!--Attribute attributeProperty is optional-->
												<!--'Sequence' block is optional-->
												<gsml:CGI_TermValue>
													<!--Element gsml:qualifier is optional-->
													<gsml:qualifier>nil:withheld</gsml:qualifier>
													<gsml:value codeSpace="URI">string</gsml:value>
												</gsml:CGI_TermValue>
											</gsml:genesis>
											<!--Element gsml:exposureColor, maxOccurs=unbounded-->
											<gsml:exposureColor>
												<!--Attribute attributeProperty is optional-->
												<!--'Sequence' block is optional-->
												<gsml:CGI_TermValue>
													<!--Element gsml:qualifier is optional-->
													<gsml:qualifier>nil:withheld</gsml:qualifier>
													<gsml:value codeSpace="URI">string</gsml:value>
												</gsml:CGI_TermValue>
											</gsml:exposureColor>
											<gsml:grossChemistry>unknown</gsml:grossChemistry>
											<!--Element gsml:composition is optional, maxOccurs=unbounded-->
											<gsml:composition>
												<!--Attribute attributeProperty is optional-->
												<!--'Sequence' block is optional-->
												<gsml:CompositionPart>
													<gsml:role codeSpace="URI">string</gsml:role>
													<gsml:proportion>
														<!--Attribute attributeProperty is optional-->
														<!--'Sequence' block is optional-->
													</gsml:proportion>
													<gsml:material>
														<!--Attribute attributeProperty is optional-->
														<!--'Sequence' block is optional-->
													</gsml:material>
												</gsml:CompositionPart>
											</gsml:composition>
										</gsml:GeologicUnit>
									</gsml:unit>
									<gsml:role codeSpace="URI">string</gsml:role>
									<gsml:proportion>
										<!--Attribute attributeProperty is optional-->
										<!--'Sequence' block is optional-->
									</gsml:proportion>
								</gsml:GeologicUnitPart>
							</gsml:partOf>
							<!--Element gsml:bodyMorphology, maxOccurs=unbounded-->
							<gsml:bodyMorphology>
								<!--Attribute attributeProperty is optional-->
								<!--'Sequence' block is optional-->
								<gsml:CGI_TermValue>
									<!--Element gsml:qualifier is optional-->
									<gsml:qualifier>nil:withheld</gsml:qualifier>
									<gsml:value codeSpace="URI">string</gsml:value>
								</gsml:CGI_TermValue>
							</gsml:bodyMorphology>
							<!--Element gsml:outcropCharacter, maxOccurs=unbounded-->
							<gsml:outcropCharacter>
								<!--Attribute attributeProperty is optional-->
								<!--'Sequence' block is optional-->
								<gsml:CGI_TermValue>
									<!--Element gsml:qualifier is optional-->
									<gsml:qualifier>nil:withheld</gsml:qualifier>
									<gsml:value codeSpace="URI">string</gsml:value>
								</gsml:CGI_TermValue>
							</gsml:outcropCharacter>
							<!--Element gsml:genesis, maxOccurs=unbounded-->
							<gsml:genesis>
								<!--Attribute attributeProperty is optional-->
								<!--'Sequence' block is optional-->
								<gsml:CGI_TermValue>
									<!--Element gsml:qualifier is optional-->
									<gsml:qualifier>nil:withheld</gsml:qualifier>
									<gsml:value codeSpace="URI">string</gsml:value>
								</gsml:CGI_TermValue>
							</gsml:genesis>
							<!--Element gsml:exposureColor, maxOccurs=unbounded-->
							<gsml:exposureColor>
								<!--Attribute attributeProperty is optional-->
								<!--'Sequence' block is optional-->
								<gsml:CGI_TermValue>
									<!--Element gsml:qualifier is optional-->
									<gsml:qualifier>nil:withheld</gsml:qualifier>
									<gsml:value codeSpace="URI">string</gsml:value>
								</gsml:CGI_TermValue>
							</gsml:exposureColor>
							<gsml:grossChemistry>unknown</gsml:grossChemistry>
							<!--Element gsml:composition is optional, maxOccurs=unbounded-->
							<gsml:composition>
								<!--Attribute attributeProperty is optional-->
								<!--'Sequence' block is optional-->
								<gsml:CompositionPart>
									<gsml:role codeSpace="URI">string</gsml:role>
									<gsml:proportion>
										<!--Attribute attributeProperty is optional-->
										<!--'Sequence' block is optional-->
									</gsml:proportion>
									<gsml:material>
										<!--Attribute attributeProperty is optional-->
										<!--'Sequence' block is optional-->
									</gsml:material>
								</gsml:CompositionPart>
							</gsml:composition>
						</gsml:GeologicUnit>
					</gsml:unit>
					<gsml:role codeSpace="URI">string</gsml:role>
					<gsml:proportion>
						<!--Attribute attributeProperty is optional-->
						<!--'Sequence' block is optional-->
					</gsml:proportion>
				</gsml:GeologicUnitPart>
			</gsml:partOf>
			<!--Element gsml:bodyMorphology, maxOccurs=unbounded-->
			<gsml:bodyMorphology>
				<!--Attribute attributeProperty is optional-->
				<!--'Sequence' block is optional-->
				<gsml:CGI_TermValue>
					<!--Element gsml:qualifier is optional-->
					<gsml:qualifier>nil:withheld</gsml:qualifier>
					<gsml:value codeSpace="URI">string</gsml:value>
				</gsml:CGI_TermValue>
			</gsml:bodyMorphology>
			<!--Element gsml:outcropCharacter, maxOccurs=unbounded-->
			<gsml:outcropCharacter>
				<!--Attribute attributeProperty is optional-->
				<!--'Sequence' block is optional-->
				<gsml:CGI_TermValue>
					<!--Element gsml:qualifier is optional-->
					<gsml:qualifier>nil:withheld</gsml:qualifier>
					<gsml:value codeSpace="URI">string</gsml:value>
				</gsml:CGI_TermValue>
			</gsml:outcropCharacter>
			<!--Element gsml:genesis, maxOccurs=unbounded-->
			<gsml:genesis>
				<!--Attribute attributeProperty is optional-->
				<!--'Sequence' block is optional-->
				<gsml:CGI_TermValue>
					<!--Element gsml:qualifier is optional-->
					<gsml:qualifier>nil:withheld</gsml:qualifier>
					<gsml:value codeSpace="URI">string</gsml:value>
				</gsml:CGI_TermValue>
			</gsml:genesis>
			<!--Element gsml:exposureColor, maxOccurs=unbounded-->
			<gsml:exposureColor>
				<!--Attribute attributeProperty is optional-->
				<!--'Sequence' block is optional-->
				<gsml:CGI_TermValue>
					<!--Element gsml:qualifier is optional-->
					<gsml:qualifier>nil:withheld</gsml:qualifier>
					<gsml:value codeSpace="URI">string</gsml:value>
				</gsml:CGI_TermValue>
			</gsml:exposureColor>
			<gsml:grossChemistry>unknown</gsml:grossChemistry>
			<!--Element gsml:composition is optional, maxOccurs=unbounded-->
			<gsml:composition>
				<!--Attribute attributeProperty is optional-->
				<!--'Sequence' block is optional-->
				<gsml:CompositionPart>
					<gsml:role codeSpace="URI">string</gsml:role>
					<gsml:proportion>
						<!--Attribute attributeProperty is optional-->
						<!--'Sequence' block is optional-->
					</gsml:proportion>
					<gsml:material>
						<!--Attribute attributeProperty is optional-->
						<!--'Sequence' block is optional-->
					</gsml:material>
				</gsml:CompositionPart>
			</gsml:composition>
			<gsml:rank codeSpace="URI">string</gsml:rank>
			<!--Element gsml:weatheringCharacter, maxOccurs=unbounded-->
			<gsml:weatheringCharacter>
				<!--Attribute attributeProperty is optional-->
				<!--'Sequence' block is optional-->
				<gsml:CGI_TermValue>
					<!--Element gsml:qualifier is optional-->
					<gsml:qualifier>nil:withheld</gsml:qualifier>
					<gsml:value codeSpace="URI">string</gsml:value>
				</gsml:CGI_TermValue>
			</gsml:weatheringCharacter>
			<!--Element gsml:structurePresent is optional, maxOccurs=unbounded-->
			<gsml:structurePresent>
				<!--Attribute attributeProperty is optional-->
				<!--'Sequence' block is optional-->
				<gsml:CGI_TermValue>
					<!--Element gsml:qualifier is optional-->
					<gsml:qualifier>nil:withheld</gsml:qualifier>
					<gsml:value codeSpace="URI">string</gsml:value>
				</gsml:CGI_TermValue>
			</gsml:structurePresent>
			<!--Element gsml:metamorphicGrade is optional, maxOccurs=unbounded-->
			<gsml:metamorphicGrade>
				<!--Attribute attributeProperty is optional-->
				<!--'Sequence' block is optional-->
				<gsml:CGI_TermValue>
					<!--Element gsml:qualifier is optional-->
					<gsml:qualifier>nil:withheld</gsml:qualifier>
					<gsml:value codeSpace="URI">string</gsml:value>
				</gsml:CGI_TermValue>
			</gsml:metamorphicGrade>
		</gsml:LithodemicUnit>
	</gml:featureMember> 
</wfs:FeatureCollection>
