<?xml version="1.0"?>
<p1:FeatureCollection xmlns:p2="http://www.opengis.net/gml" xmlns:p1="http://www.opengis.net/wfs" xmlns:p3="http://www.w3.org/1999/xlink" xmlns:xsi="http://www.w3.org/2001/XMLSchema-instance" xsi:schemaLocation="http://www.opengis.net/wfs file:///c:/aWorkspace/CGI_DataModel/LocalSchema/wfs/1.1.0/wfs.xsd">
    <!--Attribute numberOfFeatures is optional-->
    <!--Attribute timeStamp is optional-->
    <!--Attribute lockId is optional-->
    <!--Attribute p2:id is optional-->
    <p2:metaDataProperty>
        <!--Attribute about is optional-->
        <!--Attribute p2:remoteSchema is optional-->
        <!--Attribute p3:actuatex is optional-->
        <!--Attribute p3:show is optional-->
        <!--Attribute p3:title is optional-->
        <!--Attribute p3:arcrole is optional-->
        <!--Attribute p3:role is optional-->
        <!--Attribute p3:href is optional-->
        <!--Attribute p3:type is optional-->
        <!--'Sequence' block is optional-->
        <any_element/>
    </p2:metaDataProperty>
    <p2:description>
        <!--Attribute p2:remoteSchema is optional-->
        <!--Attribute p3:actuatex is optional-->
        <!--Attribute p3:show is optional-->
        <!--Attribute p3:title is optional-->
        <!--Attribute p3:arcrole is optional-->
        <!--Attribute p3:role is optional-->
        <!--Attribute p3:href is optional-->
        <!--Attribute p3:type is optional-->string</p2:description>
    <p2:name>
        <!--Attribute codeSpace is optional-->string</p2:name>
    <p2:boundedBy>
        <p2:Envelope>
            <!--Attribute uomLabels is optional-->
            <!--Attribute axisLabels is optional-->
            <!--Attribute srsDimension is optional-->
            <!--Attribute srsName is optional-->
            <p2:lowerCorner>
                <!--Attribute uomLabels is optional-->
                <!--Attribute axisLabels is optional-->
                <!--Attribute srsDimension is optional-->
                <!--Attribute srsName is optional-->
            </p2:lowerCorner>
            <p2:upperCorner>
                <!--Attribute uomLabels is optional-->
                <!--Attribute axisLabels is optional-->
                <!--Attribute srsDimension is optional-->
                <!--Attribute srsName is optional-->
            </p2:upperCorner>
        </p2:Envelope>
    </p2:boundedBy>
    <p2:location>
        <!--Attribute p2:remoteSchema is optional-->
        <!--Attribute p3:actuatex is optional-->
        <!--Attribute p3:show is optional-->
        <!--Attribute p3:title is optional-->
        <!--Attribute p3:arcrole is optional-->
        <!--Attribute p3:role is optional-->
        <!--Attribute p3:href is optional-->
        <!--Attribute p3:type is optional-->
        <!--'Sequence' block is optional-->
        <p2:Point>
            <!--Attribute uomLabels is optional-->
            <!--Attribute axisLabels is optional-->
            <!--Attribute srsDimension is optional-->
            <!--Attribute srsName is optional-->
            <!--Attribute gid is optional-->
            <!--Attribute p2:id is optional-->
            <p2:metaDataProperty>
                <!--Attribute about is optional-->
                <!--Attribute p2:remoteSchema is optional-->
                <!--Attribute p3:actuatex is optional-->
                <!--Attribute p3:show is optional-->
                <!--Attribute p3:title is optional-->
                <!--Attribute p3:arcrole is optional-->
                <!--Attribute p3:role is optional-->
                <!--Attribute p3:href is optional-->
                <!--Attribute p3:type is optional-->
                <!--'Sequence' block is optional-->
                <any_element/>
            </p2:metaDataProperty>
            <p2:description>
                <!--Attribute p2:remoteSchema is optional-->
                <!--Attribute p3:actuatex is optional-->
                <!--Attribute p3:show is optional-->
                <!--Attribute p3:title is optional-->
                <!--Attribute p3:arcrole is optional-->
                <!--Attribute p3:role is optional-->
                <!--Attribute p3:href is optional-->
                <!--Attribute p3:type is optional-->string</p2:description>
            <p2:name>
                <!--Attribute codeSpace is optional-->string</p2:name>
        </p2:Point>
    </p2:location>
    <p2:featureMember>
        <!--Attribute p2:remoteSchema is optional-->
        <!--Attribute p3:actuatex is optional-->
        <!--Attribute p3:show is optional-->
        <!--Attribute p3:title is optional-->
        <!--Attribute p3:arcrole is optional-->
        <!--Attribute p3:role is optional-->
        <!--Attribute p3:href is optional-->
        <!--Attribute p3:type is optional-->
        <!--'Sequence' block is optional-->
    </p2:featureMember>
    <p2:featureMembers/>
</p1:FeatureCollection>