<?xml version="1.0"?>
<wfs:FeatureCollection xmlns:gml="http://www.opengis.net/gml" 
xmlns:wfs="http://www.opengis.net/wfs" 
xmlns:xlink="http://www.w3.org/1999/xlink" 
xmlns:xsi="http://www.w3.org/2001/XMLSchema-instance" 
xsi:schemaLocation="http://www.opengis.net/wfs 
file:///c:/aWorkspace/CGI_DataModel/LocalSchema/wfs/1.0.0/WFS-basic.xsd">

    <!--Attribute lockId is optional-->
    <!--Attribute gml:id is optional-->
    <gml:metaDataProperty>
        <!--Attribute about is optional-->
        <!--Attribute gml:remoteSchema is optional-->
        <!--Attribute xlink:actuatex is optional-->
        <!--Attribute xlink:show is optional-->
        <!--Attribute xlink:title is optional-->
        <!--Attribute xlink:arcrole is optional-->
        <!--Attribute xlink:role is optional-->
        <!--Attribute xlink:href is optional-->
        <!--Attribute xlink:type is optional-->
        <!--'Sequence' block is optional-->
        <any_element/>
    </gml:metaDataProperty>
    <gml:description>
        <!--Attribute gml:remoteSchema is optional-->
        <!--Attribute xlink:actuatex is optional-->
        <!--Attribute xlink:show is optional-->
        <!--Attribute xlink:title is optional-->
        <!--Attribute xlink:arcrole is optional-->
        <!--Attribute xlink:role is optional-->
        <!--Attribute xlink:href is optional-->
        <!--Attribute xlink:type is optional-->string</gml:description>
    <gml:name>
        <!--Attribute codeSpace is optional-->string</gml:name>
    <gml:boundedBy>
        <gml:Envelope>
            <!--Attribute uomLabels is optional-->
            <!--Attribute axisLabels is optional-->
            <!--Attribute srsDimension is optional-->
            <!--Attribute srsName is optional-->
            <gml:lowerCorner>
                <!--Attribute uomLabels is optional-->
                <!--Attribute axisLabels is optional-->
                <!--Attribute srsDimension is optional-->
                <!--Attribute srsName is optional-->
            </gml:lowerCorner>
            <gml:upperCorner>
                <!--Attribute uomLabels is optional-->
                <!--Attribute axisLabels is optional-->
                <!--Attribute srsDimension is optional-->
                <!--Attribute srsName is optional-->
            </gml:upperCorner>
        </gml:Envelope>
    </gml:boundedBy>
    <gml:location>
        <!--Attribute gml:remoteSchema is optional-->
        <!--Attribute xlink:actuatex is optional-->
        <!--Attribute xlink:show is optional-->
        <!--Attribute xlink:title is optional-->
        <!--Attribute xlink:arcrole is optional-->
        <!--Attribute xlink:role is optional-->
        <!--Attribute xlink:href is optional-->
        <!--Attribute xlink:type is optional-->
        <!--'Sequence' block is optional-->
        <gml:Point>
            <!--Attribute uomLabels is optional-->
            <!--Attribute axisLabels is optional-->
            <!--Attribute srsDimension is optional-->
            <!--Attribute srsName is optional-->
            <!--Attribute gid is optional-->
            <!--Attribute gml:id is optional-->
            <gml:metaDataProperty>
                <!--Attribute about is optional-->
                <!--Attribute gml:remoteSchema is optional-->
                <!--Attribute xlink:actuatex is optional-->
                <!--Attribute xlink:show is optional-->
                <!--Attribute xlink:title is optional-->
                <!--Attribute xlink:arcrole is optional-->
                <!--Attribute xlink:role is optional-->
                <!--Attribute xlink:href is optional-->
                <!--Attribute xlink:type is optional-->
                <!--'Sequence' block is optional-->
                <any_element/>
            </gml:metaDataProperty>
            <gml:description>
                <!--Attribute gml:remoteSchema is optional-->
                <!--Attribute xlink:actuatex is optional-->
                <!--Attribute xlink:show is optional-->
                <!--Attribute xlink:title is optional-->
                <!--Attribute xlink:arcrole is optional-->
                <!--Attribute xlink:role is optional-->
                <!--Attribute xlink:href is optional-->
                <!--Attribute xlink:type is optional-->string</gml:description>
            <gml:name>
                <!--Attribute codeSpace is optional-->string</gml:name>
        </gml:Point>
    </gml:location>
    <gml:featureMember>
        <!--Attribute gml:remoteSchema is optional-->
        <!--Attribute xlink:actuatex is optional-->
        <!--Attribute xlink:show is optional-->
        <!--Attribute xlink:title is optional-->
        <!--Attribute xlink:arcrole is optional-->
        <!--Attribute xlink:role is optional-->
        <!--Attribute xlink:href is optional-->
        <!--Attribute xlink:type is optional-->
        <!--'Sequence' block is optional-->
    </gml:featureMember>
    <gml:featureMembers/>
</wfs:FeatureCollection>