<?xml version="1.0" encoding="UTF-8"?>
<!--Sample XML file generated by XMLSpy v2005 rel. 3 U (http://www.altova.com)-->
<FeatureCollection xmlns="http://www.opengis.net/wfs" xmlns:gsml="http://www.cgi-iugs.org/xml/GeoSciML/1" xmlns:gml="http://www.opengis.net/gml" xmlns:ogc="http://www.opengis.net/ogc" xmlns:xlink="http://www.w3.org/1999/xlink" xmlns:xsi="http://www.w3.org/2001/XMLSchema-instance" xsi:schemaLocation="http://www.opengis.net/wfs
C:\aWorkspace\CGI_DataModel\LocalSchema\1.1.0\schema\WFS-basic.xsd" lockId="String" gml:id="ID000009">
	<gml:metaDataProperty xlink:arcrole="http://www.altova.com" xlink:actuatex="onLoad" about="http://www.altova.com" xlink:title="String" gml:remoteSchema="http://www.altova.com" xlink:type="simple" xlink:href="http://www.altova.com" xlink:show="new" xlink:role="http://www.altova.com"/>
	<gml:description>String</gml:description>
	<gml:name>String</gml:name>
	<gml:boundedBy>
		<gml:Envelope srsDimension="2" uomLabels="" axisLabels="" srsName="http://www.altova.com">
			<gml:lowerCorner srsDimension="2" uomLabels="" axisLabels="" srsName="http://www.altova.com"/>
			<gml:upperCorner srsDimension="2" uomLabels="" axisLabels="" srsName="http://www.altova.com"/>
		</gml:Envelope>
	</gml:boundedBy>
	<gml:location>
		<gml:LinearRing srsDimension="2" gid="String" uomLabels="" axisLabels="" srsName="http://www.altova.com" gml:id="ID000010">
			<gml:metaDataProperty xlink:arcrole="http://www.altova.com" xlink:actuatex="onLoad" about="http://www.altova.com" xlink:title="String" gml:remoteSchema="http://www.altova.com" xlink:type="simple" xlink:href="http://www.altova.com" xlink:show="new" xlink:role="http://www.altova.com"/>
			<gml:description xlink:arcrole="http://www.altova.com" xlink:actuatex="onLoad" xlink:title="String" gml:remoteSchema="http://www.altova.com" xlink:type="simple" xlink:href="http://www.altova.com" xlink:show="new" xlink:role="http://www.altova.com">String</gml:description>
			<gml:name codeSpace="http://www.altova.com">String</gml:name>
			<gml:pos srsDimension="2" uomLabels="" axisLabels="" srsName="http://www.altova.com"/>
			<gml:pos srsDimension="2" uomLabels="" axisLabels="" srsName="http://www.altova.com"/>
			<gml:pos srsDimension="2" uomLabels="" axisLabels="" srsName="http://www.altova.com"/>
			<gml:pos srsDimension="2" uomLabels="" axisLabels="" srsName="http://www.altova.com"/>
		</gml:LinearRing>
	</gml:location>
	<gml:featureMember>
<gsml:LithodemicUnit>

</gsml:LithodemicUnit>	
	
	</gml:featureMember>
	</FeatureCollection>
