<?xml version="1.0"?>
<p1:FeatureCollection p2:id="ID0" xmlns:p2="http://www.opengis.net/gml" xmlns:p1="http://www.opengis.net/wfs" xmlns:p3="http://www.w3.org/1999/xlink" xmlns:xsi="http://www.w3.org/2001/XMLSchema-instance" xsi:schemaLocation="http://www.opengis.net/wfs file:///c:/aWorkspace/CGI_DataModel/LocalSchema/wfs/1.1.0/wfs.xsd">
    <!--Attribute p2:id is optional-->
    <p2:metaDataProperty p3:type="simple" p3:href="" p3:role="" p3:arcrole="" p3:title="" p3:show="none" p3:actuate="none" p2:remoteSchema="URI" about="URI">
        <!--Attribute about is optional-->
        <!--Attribute p2:remoteSchema is optional-->
        <!--Attribute p3:actuate is optional-->
        <!--Attribute p3:show is optional-->
        <!--Attribute p3:title is optional-->
        <!--Attribute p3:arcrole is optional-->
        <!--Attribute p3:role is optional-->
        <!--Attribute p3:href is optional-->
        <!--Attribute p3:type is optional-->
        <!--'Sequence' block is optional-->
        <any_element/>
    </p2:metaDataProperty>
    <p2:metaDataProperty p3:type="simple" p3:href="" p3:role="" p3:arcrole="" p3:title="" p3:show="none" p3:actuate="none" p2:remoteSchema="URI" about="URI">
        <!--Attribute about is optional-->
        <!--Attribute p2:remoteSchema is optional-->
        <!--Attribute p3:actuate is optional-->
        <!--Attribute p3:show is optional-->
        <!--Attribute p3:title is optional-->
        <!--Attribute p3:arcrole is optional-->
        <!--Attribute p3:role is optional-->
        <!--Attribute p3:href is optional-->
        <!--Attribute p3:type is optional-->
        <!--'Sequence' block is optional-->
        <any_element/>
    </p2:metaDataProperty>
    <p2:metaDataProperty p3:type="simple" p3:href="" p3:role="" p3:arcrole="" p3:title="" p3:show="none" p3:actuate="none" p2:remoteSchema="URI" about="URI">
        <!--Attribute about is optional-->
        <!--Attribute p2:remoteSchema is optional-->
        <!--Attribute p3:actuate is optional-->
        <!--Attribute p3:show is optional-->
        <!--Attribute p3:title is optional-->
        <!--Attribute p3:arcrole is optional-->
        <!--Attribute p3:role is optional-->
        <!--Attribute p3:href is optional-->
        <!--Attribute p3:type is optional-->
        <!--'Sequence' block is optional-->
        <any_element/>
    </p2:metaDataProperty>
    <p2:description p3:type="simple" p3:href="" p3:role="" p3:arcrole="" p3:title="" p3:show="none" p3:actuate="none" p2:remoteSchema="URI">
        <!--Attribute p2:remoteSchema is optional-->
        <!--Attribute p3:actuate is optional-->
        <!--Attribute p3:show is optional-->
        <!--Attribute p3:title is optional-->
        <!--Attribute p3:arcrole is optional-->
        <!--Attribute p3:role is optional-->
        <!--Attribute p3:href is optional-->
        <!--Attribute p3:type is optional-->string</p2:description>
    <p2:name codeSpace="URI">
        <!--Attribute codeSpace is optional-->string</p2:name>
    <p2:name codeSpace="URI">
        <!--Attribute codeSpace is optional-->string</p2:name>
    <p2:name codeSpace="URI">
        <!--Attribute codeSpace is optional-->string</p2:name>
    <p2:boundedBy>
        <p2:Envelope srsName="URI" srsDimension="635000" axisLabels="" uomLabels="">
            <!--Attribute uomLabels is optional-->
            <!--Attribute axisLabels is optional-->
            <!--Attribute srsDimension is optional-->
            <!--Attribute srsName is optional-->
            <p2:lowerCorner srsName="URI" srsDimension="635000" axisLabels="" uomLabels="">
                <!--Attribute uomLabels is optional-->
                <!--Attribute axisLabels is optional-->
                <!--Attribute srsDimension is optional-->
                <!--Attribute srsName is optional-->
            </p2:lowerCorner>
            <p2:upperCorner srsName="URI" srsDimension="635000" axisLabels="" uomLabels="">
                <!--Attribute uomLabels is optional-->
                <!--Attribute axisLabels is optional-->
                <!--Attribute srsDimension is optional-->
                <!--Attribute srsName is optional-->
            </p2:upperCorner><!--
            <p2:coord>
                <p2:X>1.23</p2:X>
                <!&#x2D;&#x2D;Element p2:Y is optional&#x2D;&#x2D;>
                <p2:Y>1.23</p2:Y>
                <!&#x2D;&#x2D;Element p2:Z is optional&#x2D;&#x2D;>
                <p2:Z>1.23</p2:Z>
            </p2:coord>
            <p2:coord>
                <p2:X>1.23</p2:X>
                <!&#x2D;&#x2D;Element p2:Y is optional&#x2D;&#x2D;>
                <p2:Y>1.23</p2:Y>
                <!&#x2D;&#x2D;Element p2:Z is optional&#x2D;&#x2D;>
                <p2:Z>1.23</p2:Z>
            </p2:coord>--><!--
            <p2:pos srsName="URI" srsDimension="635000" axisLabels="" uomLabels="">
                <!&#x2D;&#x2D;Attribute uomLabels is optional&#x2D;&#x2D;>
                <!&#x2D;&#x2D;Attribute axisLabels is optional&#x2D;&#x2D;>
                <!&#x2D;&#x2D;Attribute srsDimension is optional&#x2D;&#x2D;>
                <!&#x2D;&#x2D;Attribute srsName is optional&#x2D;&#x2D;>
            </p2:pos>
            <p2:pos srsName="URI" srsDimension="635000" axisLabels="" uomLabels="">
                <!&#x2D;&#x2D;Attribute uomLabels is optional&#x2D;&#x2D;>
                <!&#x2D;&#x2D;Attribute axisLabels is optional&#x2D;&#x2D;>
                <!&#x2D;&#x2D;Attribute srsDimension is optional&#x2D;&#x2D;>
                <!&#x2D;&#x2D;Attribute srsName is optional&#x2D;&#x2D;>
            </p2:pos>--><!--
            <p2:coordinates decimal="." cs="," ts=" ">
                <!&#x2D;&#x2D;Attribute ts is optional&#x2D;&#x2D;>
                <!&#x2D;&#x2D;Attribute cs is optional&#x2D;&#x2D;>
                <!&#x2D;&#x2D;Attribute decimal is optional&#x2D;&#x2D;>string</p2:coordinates>-->
        </p2:Envelope><!--
        <p2:Null>withheld</p2:Null>-->
    </p2:boundedBy>
    <p2:location p3:type="simple" p3:href="" p3:role="" p3:arcrole="" p3:title="" p3:show="none" p3:actuate="none" p2:remoteSchema="URI">
        <!--Attribute p2:remoteSchema is optional-->
        <!--Attribute p3:actuate is optional-->
        <!--Attribute p3:show is optional-->
        <!--Attribute p3:title is optional-->
        <!--Attribute p3:arcrole is optional-->
        <!--Attribute p3:role is optional-->
        <!--Attribute p3:href is optional-->
        <!--Attribute p3:type is optional-->
        <!--'Sequence' block is optional-->
        <p2:Point p2:id="ID1" gid="string" srsName="URI" srsDimension="635000" axisLabels="" uomLabels="">
            <!--Attribute uomLabels is optional-->
            <!--Attribute axisLabels is optional-->
            <!--Attribute srsDimension is optional-->
            <!--Attribute srsName is optional-->
            <!--Attribute gid is optional-->
            <!--Attribute p2:id is optional-->
            <p2:metaDataProperty p3:type="simple" p3:href="" p3:role="" p3:arcrole="" p3:title="" p3:show="none" p3:actuate="none" p2:remoteSchema="URI" about="URI">
                <!--Attribute about is optional-->
                <!--Attribute p2:remoteSchema is optional-->
                <!--Attribute p3:actuate is optional-->
                <!--Attribute p3:show is optional-->
                <!--Attribute p3:title is optional-->
                <!--Attribute p3:arcrole is optional-->
                <!--Attribute p3:role is optional-->
                <!--Attribute p3:href is optional-->
                <!--Attribute p3:type is optional-->
                <!--'Sequence' block is optional-->
                <any_element/>
            </p2:metaDataProperty>
            <p2:metaDataProperty p3:type="simple" p3:href="" p3:role="" p3:arcrole="" p3:title="" p3:show="none" p3:actuate="none" p2:remoteSchema="URI" about="URI">
                <!--Attribute about is optional-->
                <!--Attribute p2:remoteSchema is optional-->
                <!--Attribute p3:actuate is optional-->
                <!--Attribute p3:show is optional-->
                <!--Attribute p3:title is optional-->
                <!--Attribute p3:arcrole is optional-->
                <!--Attribute p3:role is optional-->
                <!--Attribute p3:href is optional-->
                <!--Attribute p3:type is optional-->
                <!--'Sequence' block is optional-->
                <any_element/>
            </p2:metaDataProperty>
            <p2:metaDataProperty p3:type="simple" p3:href="" p3:role="" p3:arcrole="" p3:title="" p3:show="none" p3:actuate="none" p2:remoteSchema="URI" about="URI">
                <!--Attribute about is optional-->
                <!--Attribute p2:remoteSchema is optional-->
                <!--Attribute p3:actuate is optional-->
                <!--Attribute p3:show is optional-->
                <!--Attribute p3:title is optional-->
                <!--Attribute p3:arcrole is optional-->
                <!--Attribute p3:role is optional-->
                <!--Attribute p3:href is optional-->
                <!--Attribute p3:type is optional-->
                <!--'Sequence' block is optional-->
                <any_element/>
            </p2:metaDataProperty>
            <p2:description p3:type="simple" p3:href="" p3:role="" p3:arcrole="" p3:title="" p3:show="none" p3:actuate="none" p2:remoteSchema="URI">
                <!--Attribute p2:remoteSchema is optional-->
                <!--Attribute p3:actuate is optional-->
                <!--Attribute p3:show is optional-->
                <!--Attribute p3:title is optional-->
                <!--Attribute p3:arcrole is optional-->
                <!--Attribute p3:role is optional-->
                <!--Attribute p3:href is optional-->
                <!--Attribute p3:type is optional-->string</p2:description>
            <p2:name codeSpace="URI">
                <!--Attribute codeSpace is optional-->string</p2:name>
            <p2:name codeSpace="URI">
                <!--Attribute codeSpace is optional-->string</p2:name>
            <p2:name codeSpace="URI">
                <!--Attribute codeSpace is optional-->string</p2:name><!--
            <p2:pos srsName="URI" srsDimension="635000" axisLabels="" uomLabels="">
                <!&#x2D;&#x2D;Attribute uomLabels is optional&#x2D;&#x2D;>
                <!&#x2D;&#x2D;Attribute axisLabels is optional&#x2D;&#x2D;>
                <!&#x2D;&#x2D;Attribute srsDimension is optional&#x2D;&#x2D;>
                <!&#x2D;&#x2D;Attribute srsName is optional&#x2D;&#x2D;>
            </p2:pos>--><!--
            <p2:coordinates decimal="." cs="," ts=" ">
                <!&#x2D;&#x2D;Attribute ts is optional&#x2D;&#x2D;>
                <!&#x2D;&#x2D;Attribute cs is optional&#x2D;&#x2D;>
                <!&#x2D;&#x2D;Attribute decimal is optional&#x2D;&#x2D;>string</p2:coordinates>--><!--
            <p2:coord>
                <p2:X>1.23</p2:X>
                <!&#x2D;&#x2D;Element p2:Y is optional&#x2D;&#x2D;>
                <p2:Y>1.23</p2:Y>
                <!&#x2D;&#x2D;Element p2:Z is optional&#x2D;&#x2D;>
                <p2:Z>1.23</p2:Z>
            </p2:coord>-->
        </p2:Point><!--
        <p2:LineString p2:id="ID2" gid="string" srsName="URI" srsDimension="635000" axisLabels="" uomLabels="">
            <!&#x2D;&#x2D;Attribute uomLabels is optional&#x2D;&#x2D;>
            <!&#x2D;&#x2D;Attribute axisLabels is optional&#x2D;&#x2D;>
            <!&#x2D;&#x2D;Attribute srsDimension is optional&#x2D;&#x2D;>
            <!&#x2D;&#x2D;Attribute srsName is optional&#x2D;&#x2D;>
            <!&#x2D;&#x2D;Attribute gid is optional&#x2D;&#x2D;>
            <!&#x2D;&#x2D;Attribute p2:id is optional&#x2D;&#x2D;>
            <p2:metaDataProperty p3:type="simple" p3:href="" p3:role="" p3:arcrole="" p3:title="" p3:show="none" p3:actuate="none" p2:remoteSchema="URI" about="URI">
                <!&#x2D;&#x2D;Attribute about is optional&#x2D;&#x2D;>
                <!&#x2D;&#x2D;Attribute p2:remoteSchema is optional&#x2D;&#x2D;>
                <!&#x2D;&#x2D;Attribute p3:actuate is optional&#x2D;&#x2D;>
                <!&#x2D;&#x2D;Attribute p3:show is optional&#x2D;&#x2D;>
                <!&#x2D;&#x2D;Attribute p3:title is optional&#x2D;&#x2D;>
                <!&#x2D;&#x2D;Attribute p3:arcrole is optional&#x2D;&#x2D;>
                <!&#x2D;&#x2D;Attribute p3:role is optional&#x2D;&#x2D;>
                <!&#x2D;&#x2D;Attribute p3:href is optional&#x2D;&#x2D;>
                <!&#x2D;&#x2D;Attribute p3:type is optional&#x2D;&#x2D;>
                <!&#x2D;&#x2D;'Sequence' block is optional&#x2D;&#x2D;>
                <any_element/>
            </p2:metaDataProperty>
            <p2:metaDataProperty p3:type="simple" p3:href="" p3:role="" p3:arcrole="" p3:title="" p3:show="none" p3:actuate="none" p2:remoteSchema="URI" about="URI">
                <!&#x2D;&#x2D;Attribute about is optional&#x2D;&#x2D;>
                <!&#x2D;&#x2D;Attribute p2:remoteSchema is optional&#x2D;&#x2D;>
                <!&#x2D;&#x2D;Attribute p3:actuate is optional&#x2D;&#x2D;>
                <!&#x2D;&#x2D;Attribute p3:show is optional&#x2D;&#x2D;>
                <!&#x2D;&#x2D;Attribute p3:title is optional&#x2D;&#x2D;>
                <!&#x2D;&#x2D;Attribute p3:arcrole is optional&#x2D;&#x2D;>
                <!&#x2D;&#x2D;Attribute p3:role is optional&#x2D;&#x2D;>
                <!&#x2D;&#x2D;Attribute p3:href is optional&#x2D;&#x2D;>
                <!&#x2D;&#x2D;Attribute p3:type is optional&#x2D;&#x2D;>
                <!&#x2D;&#x2D;'Sequence' block is optional&#x2D;&#x2D;>
                <any_element/>
            </p2:metaDataProperty>
            <p2:metaDataProperty p3:type="simple" p3:href="" p3:role="" p3:arcrole="" p3:title="" p3:show="none" p3:actuate="none" p2:remoteSchema="URI" about="URI">
                <!&#x2D;&#x2D;Attribute about is optional&#x2D;&#x2D;>
                <!&#x2D;&#x2D;Attribute p2:remoteSchema is optional&#x2D;&#x2D;>
                <!&#x2D;&#x2D;Attribute p3:actuate is optional&#x2D;&#x2D;>
                <!&#x2D;&#x2D;Attribute p3:show is optional&#x2D;&#x2D;>
                <!&#x2D;&#x2D;Attribute p3:title is optional&#x2D;&#x2D;>
                <!&#x2D;&#x2D;Attribute p3:arcrole is optional&#x2D;&#x2D;>
                <!&#x2D;&#x2D;Attribute p3:role is optional&#x2D;&#x2D;>
                <!&#x2D;&#x2D;Attribute p3:href is optional&#x2D;&#x2D;>
                <!&#x2D;&#x2D;Attribute p3:type is optional&#x2D;&#x2D;>
                <!&#x2D;&#x2D;'Sequence' block is optional&#x2D;&#x2D;>
                <any_element/>
            </p2:metaDataProperty>
            <p2:description p3:type="simple" p3:href="" p3:role="" p3:arcrole="" p3:title="" p3:show="none" p3:actuate="none" p2:remoteSchema="URI">
                <!&#x2D;&#x2D;Attribute p2:remoteSchema is optional&#x2D;&#x2D;>
                <!&#x2D;&#x2D;Attribute p3:actuate is optional&#x2D;&#x2D;>
                <!&#x2D;&#x2D;Attribute p3:show is optional&#x2D;&#x2D;>
                <!&#x2D;&#x2D;Attribute p3:title is optional&#x2D;&#x2D;>
                <!&#x2D;&#x2D;Attribute p3:arcrole is optional&#x2D;&#x2D;>
                <!&#x2D;&#x2D;Attribute p3:role is optional&#x2D;&#x2D;>
                <!&#x2D;&#x2D;Attribute p3:href is optional&#x2D;&#x2D;>
                <!&#x2D;&#x2D;Attribute p3:type is optional&#x2D;&#x2D;>string</p2:description>
            <p2:name codeSpace="URI">
                <!&#x2D;&#x2D;Attribute codeSpace is optional&#x2D;&#x2D;>string</p2:name>
            <p2:name codeSpace="URI">
                <!&#x2D;&#x2D;Attribute codeSpace is optional&#x2D;&#x2D;>string</p2:name>
            <p2:name codeSpace="URI">
                <!&#x2D;&#x2D;Attribute codeSpace is optional&#x2D;&#x2D;>string</p2:name><!&#x2D;&#x2D;
            <!&#x2D;&#x2D;'Choice' block, minOccurs=2 and maxOccurs=unbounded&#x2D;&#x2D;>
            <p2:pos srsName="URI" srsDimension="635000" axisLabels="" uomLabels="">
                <!&#x2D;&#x2D;Attribute uomLabels is optional&#x2D;&#x2D;>
                <!&#x2D;&#x2D;Attribute axisLabels is optional&#x2D;&#x2D;>
                <!&#x2D;&#x2D;Attribute srsDimension is optional&#x2D;&#x2D;>
                <!&#x2D;&#x2D;Attribute srsName is optional&#x2D;&#x2D;>
            </p2:pos><!&#x2D;&#x2D;
            <p2:pointProperty p3:type="simple" p3:href="" p3:role="" p3:arcrole="" p3:title="" p3:show="none" p3:actuate="none" p2:remoteSchema="URI">
                <!&#x2D;&#x2D;Attribute p2:remoteSchema is optional&#x2D;&#x2D;>
                <!&#x2D;&#x2D;Attribute p3:actuate is optional&#x2D;&#x2D;>
                <!&#x2D;&#x2D;Attribute p3:show is optional&#x2D;&#x2D;>
                <!&#x2D;&#x2D;Attribute p3:title is optional&#x2D;&#x2D;>
                <!&#x2D;&#x2D;Attribute p3:arcrole is optional&#x2D;&#x2D;>
                <!&#x2D;&#x2D;Attribute p3:role is optional&#x2D;&#x2D;>
                <!&#x2D;&#x2D;Attribute p3:href is optional&#x2D;&#x2D;>
                <!&#x2D;&#x2D;Attribute p3:type is optional&#x2D;&#x2D;>
                <!&#x2D;&#x2D;'Sequence' block is optional&#x2D;&#x2D;>
                <p2:Point p2:id="ID3" gid="string" srsName="URI" srsDimension="635000" axisLabels="" uomLabels="">
                    <!&#x2D;&#x2D;Attribute uomLabels is optional&#x2D;&#x2D;>
                    <!&#x2D;&#x2D;Attribute axisLabels is optional&#x2D;&#x2D;>
                    <!&#x2D;&#x2D;Attribute srsDimension is optional&#x2D;&#x2D;>
                    <!&#x2D;&#x2D;Attribute srsName is optional&#x2D;&#x2D;>
                    <!&#x2D;&#x2D;Attribute gid is optional&#x2D;&#x2D;>
                    <!&#x2D;&#x2D;Attribute p2:id is optional&#x2D;&#x2D;>
                    <p2:metaDataProperty p3:type="simple" p3:href="" p3:role="" p3:arcrole="" p3:title="" p3:show="none" p3:actuate="none" p2:remoteSchema="URI" about="URI">
                        <!&#x2D;&#x2D;Attribute about is optional&#x2D;&#x2D;>
                        <!&#x2D;&#x2D;Attribute p2:remoteSchema is optional&#x2D;&#x2D;>
                        <!&#x2D;&#x2D;Attribute p3:actuate is optional&#x2D;&#x2D;>
                        <!&#x2D;&#x2D;Attribute p3:show is optional&#x2D;&#x2D;>
                        <!&#x2D;&#x2D;Attribute p3:title is optional&#x2D;&#x2D;>
                        <!&#x2D;&#x2D;Attribute p3:arcrole is optional&#x2D;&#x2D;>
                        <!&#x2D;&#x2D;Attribute p3:role is optional&#x2D;&#x2D;>
                        <!&#x2D;&#x2D;Attribute p3:href is optional&#x2D;&#x2D;>
                        <!&#x2D;&#x2D;Attribute p3:type is optional&#x2D;&#x2D;>
                        <!&#x2D;&#x2D;'Sequence' block is optional&#x2D;&#x2D;>
                        <any_element/>
                    </p2:metaDataProperty>
                    <p2:metaDataProperty p3:type="simple" p3:href="" p3:role="" p3:arcrole="" p3:title="" p3:show="none" p3:actuate="none" p2:remoteSchema="URI" about="URI">
                        <!&#x2D;&#x2D;Attribute about is optional&#x2D;&#x2D;>
                        <!&#x2D;&#x2D;Attribute p2:remoteSchema is optional&#x2D;&#x2D;>
                        <!&#x2D;&#x2D;Attribute p3:actuate is optional&#x2D;&#x2D;>
                        <!&#x2D;&#x2D;Attribute p3:show is optional&#x2D;&#x2D;>
                        <!&#x2D;&#x2D;Attribute p3:title is optional&#x2D;&#x2D;>
                        <!&#x2D;&#x2D;Attribute p3:arcrole is optional&#x2D;&#x2D;>
                        <!&#x2D;&#x2D;Attribute p3:role is optional&#x2D;&#x2D;>
                        <!&#x2D;&#x2D;Attribute p3:href is optional&#x2D;&#x2D;>
                        <!&#x2D;&#x2D;Attribute p3:type is optional&#x2D;&#x2D;>
                        <!&#x2D;&#x2D;'Sequence' block is optional&#x2D;&#x2D;>
                        <any_element/>
                    </p2:metaDataProperty>
                    <p2:metaDataProperty p3:type="simple" p3:href="" p3:role="" p3:arcrole="" p3:title="" p3:show="none" p3:actuate="none" p2:remoteSchema="URI" about="URI">
                        <!&#x2D;&#x2D;Attribute about is optional&#x2D;&#x2D;>
                        <!&#x2D;&#x2D;Attribute p2:remoteSchema is optional&#x2D;&#x2D;>
                        <!&#x2D;&#x2D;Attribute p3:actuate is optional&#x2D;&#x2D;>
                        <!&#x2D;&#x2D;Attribute p3:show is optional&#x2D;&#x2D;>
                        <!&#x2D;&#x2D;Attribute p3:title is optional&#x2D;&#x2D;>
                        <!&#x2D;&#x2D;Attribute p3:arcrole is optional&#x2D;&#x2D;>
                        <!&#x2D;&#x2D;Attribute p3:role is optional&#x2D;&#x2D;>
                        <!&#x2D;&#x2D;Attribute p3:href is optional&#x2D;&#x2D;>
                        <!&#x2D;&#x2D;Attribute p3:type is optional&#x2D;&#x2D;>
                        <!&#x2D;&#x2D;'Sequence' block is optional&#x2D;&#x2D;>
                        <any_element/>
                    </p2:metaDataProperty>
                    <p2:description p3:type="simple" p3:href="" p3:role="" p3:arcrole="" p3:title="" p3:show="none" p3:actuate="none" p2:remoteSchema="URI">
                        <!&#x2D;&#x2D;Attribute p2:remoteSchema is optional&#x2D;&#x2D;>
                        <!&#x2D;&#x2D;Attribute p3:actuate is optional&#x2D;&#x2D;>
                        <!&#x2D;&#x2D;Attribute p3:show is optional&#x2D;&#x2D;>
                        <!&#x2D;&#x2D;Attribute p3:title is optional&#x2D;&#x2D;>
                        <!&#x2D;&#x2D;Attribute p3:arcrole is optional&#x2D;&#x2D;>
                        <!&#x2D;&#x2D;Attribute p3:role is optional&#x2D;&#x2D;>
                        <!&#x2D;&#x2D;Attribute p3:href is optional&#x2D;&#x2D;>
                        <!&#x2D;&#x2D;Attribute p3:type is optional&#x2D;&#x2D;>string</p2:description>
                    <p2:name codeSpace="URI">
                        <!&#x2D;&#x2D;Attribute codeSpace is optional&#x2D;&#x2D;>string</p2:name>
                    <p2:name codeSpace="URI">
                        <!&#x2D;&#x2D;Attribute codeSpace is optional&#x2D;&#x2D;>string</p2:name>
                    <p2:name codeSpace="URI">
                        <!&#x2D;&#x2D;Attribute codeSpace is optional&#x2D;&#x2D;>string</p2:name><!&#x2D;&#x2D;
                    <p2:pos srsName="URI" srsDimension="635000" axisLabels="" uomLabels="">
                        <!&#x2D;&#x2D;Attribute uomLabels is optional&#x2D;&#x2D;>
                        <!&#x2D;&#x2D;Attribute axisLabels is optional&#x2D;&#x2D;>
                        <!&#x2D;&#x2D;Attribute srsDimension is optional&#x2D;&#x2D;>
                        <!&#x2D;&#x2D;Attribute srsName is optional&#x2D;&#x2D;>
                    </p2:pos>&#x2D;&#x2D;><!&#x2D;&#x2D;
                    <p2:coordinates decimal="." cs="," ts=" ">
                        <!&#x2D;&#x2D;Attribute ts is optional&#x2D;&#x2D;>
                        <!&#x2D;&#x2D;Attribute cs is optional&#x2D;&#x2D;>
                        <!&#x2D;&#x2D;Attribute decimal is optional&#x2D;&#x2D;>string</p2:coordinates>&#x2D;&#x2D;><!&#x2D;&#x2D;
                    <p2:coord>
                        <p2:X>1.23</p2:X>
                        <!&#x2D;&#x2D;Element p2:Y is optional&#x2D;&#x2D;>
                        <p2:Y>1.23</p2:Y>
                        <!&#x2D;&#x2D;Element p2:Z is optional&#x2D;&#x2D;>
                        <p2:Z>1.23</p2:Z>
                    </p2:coord>&#x2D;&#x2D;>
                </p2:Point>
            </p2:pointProperty>&#x2D;&#x2D;><!&#x2D;&#x2D;
            <p2:pointRep p3:type="simple" p3:href="" p3:role="" p3:arcrole="" p3:title="" p3:show="none" p3:actuate="none" p2:remoteSchema="URI">
                <!&#x2D;&#x2D;Attribute p2:remoteSchema is optional&#x2D;&#x2D;>
                <!&#x2D;&#x2D;Attribute p3:actuate is optional&#x2D;&#x2D;>
                <!&#x2D;&#x2D;Attribute p3:show is optional&#x2D;&#x2D;>
                <!&#x2D;&#x2D;Attribute p3:title is optional&#x2D;&#x2D;>
                <!&#x2D;&#x2D;Attribute p3:arcrole is optional&#x2D;&#x2D;>
                <!&#x2D;&#x2D;Attribute p3:role is optional&#x2D;&#x2D;>
                <!&#x2D;&#x2D;Attribute p3:href is optional&#x2D;&#x2D;>
                <!&#x2D;&#x2D;Attribute p3:type is optional&#x2D;&#x2D;>
                <!&#x2D;&#x2D;'Sequence' block is optional&#x2D;&#x2D;>
                <p2:Point p2:id="ID4" gid="string" srsName="URI" srsDimension="635000" axisLabels="" uomLabels="">
                    <!&#x2D;&#x2D;Attribute uomLabels is optional&#x2D;&#x2D;>
                    <!&#x2D;&#x2D;Attribute axisLabels is optional&#x2D;&#x2D;>
                    <!&#x2D;&#x2D;Attribute srsDimension is optional&#x2D;&#x2D;>
                    <!&#x2D;&#x2D;Attribute srsName is optional&#x2D;&#x2D;>
                    <!&#x2D;&#x2D;Attribute gid is optional&#x2D;&#x2D;>
                    <!&#x2D;&#x2D;Attribute p2:id is optional&#x2D;&#x2D;>
                    <p2:metaDataProperty p3:type="simple" p3:href="" p3:role="" p3:arcrole="" p3:title="" p3:show="none" p3:actuate="none" p2:remoteSchema="URI" about="URI">
                        <!&#x2D;&#x2D;Attribute about is optional&#x2D;&#x2D;>
                        <!&#x2D;&#x2D;Attribute p2:remoteSchema is optional&#x2D;&#x2D;>
                        <!&#x2D;&#x2D;Attribute p3:actuate is optional&#x2D;&#x2D;>
                        <!&#x2D;&#x2D;Attribute p3:show is optional&#x2D;&#x2D;>
                        <!&#x2D;&#x2D;Attribute p3:title is optional&#x2D;&#x2D;>
                        <!&#x2D;&#x2D;Attribute p3:arcrole is optional&#x2D;&#x2D;>
                        <!&#x2D;&#x2D;Attribute p3:role is optional&#x2D;&#x2D;>
                        <!&#x2D;&#x2D;Attribute p3:href is optional&#x2D;&#x2D;>
                        <!&#x2D;&#x2D;Attribute p3:type is optional&#x2D;&#x2D;>
                        <!&#x2D;&#x2D;'Sequence' block is optional&#x2D;&#x2D;>
                        <any_element/>
                    </p2:metaDataProperty>
                    <p2:metaDataProperty p3:type="simple" p3:href="" p3:role="" p3:arcrole="" p3:title="" p3:show="none" p3:actuate="none" p2:remoteSchema="URI" about="URI">
                        <!&#x2D;&#x2D;Attribute about is optional&#x2D;&#x2D;>
                        <!&#x2D;&#x2D;Attribute p2:remoteSchema is optional&#x2D;&#x2D;>
                        <!&#x2D;&#x2D;Attribute p3:actuate is optional&#x2D;&#x2D;>
                        <!&#x2D;&#x2D;Attribute p3:show is optional&#x2D;&#x2D;>
                        <!&#x2D;&#x2D;Attribute p3:title is optional&#x2D;&#x2D;>
                        <!&#x2D;&#x2D;Attribute p3:arcrole is optional&#x2D;&#x2D;>
                        <!&#x2D;&#x2D;Attribute p3:role is optional&#x2D;&#x2D;>
                        <!&#x2D;&#x2D;Attribute p3:href is optional&#x2D;&#x2D;>
                        <!&#x2D;&#x2D;Attribute p3:type is optional&#x2D;&#x2D;>
                        <!&#x2D;&#x2D;'Sequence' block is optional&#x2D;&#x2D;>
                        <any_element/>
                    </p2:metaDataProperty>
                    <p2:metaDataProperty p3:type="simple" p3:href="" p3:role="" p3:arcrole="" p3:title="" p3:show="none" p3:actuate="none" p2:remoteSchema="URI" about="URI">
                        <!&#x2D;&#x2D;Attribute about is optional&#x2D;&#x2D;>
                        <!&#x2D;&#x2D;Attribute p2:remoteSchema is optional&#x2D;&#x2D;>
                        <!&#x2D;&#x2D;Attribute p3:actuate is optional&#x2D;&#x2D;>
                        <!&#x2D;&#x2D;Attribute p3:show is optional&#x2D;&#x2D;>
                        <!&#x2D;&#x2D;Attribute p3:title is optional&#x2D;&#x2D;>
                        <!&#x2D;&#x2D;Attribute p3:arcrole is optional&#x2D;&#x2D;>
                        <!&#x2D;&#x2D;Attribute p3:role is optional&#x2D;&#x2D;>
                        <!&#x2D;&#x2D;Attribute p3:href is optional&#x2D;&#x2D;>
                        <!&#x2D;&#x2D;Attribute p3:type is optional&#x2D;&#x2D;>
                        <!&#x2D;&#x2D;'Sequence' block is optional&#x2D;&#x2D;>
                        <any_element/>
                    </p2:metaDataProperty>
                    <p2:description p3:type="simple" p3:href="" p3:role="" p3:arcrole="" p3:title="" p3:show="none" p3:actuate="none" p2:remoteSchema="URI">
                        <!&#x2D;&#x2D;Attribute p2:remoteSchema is optional&#x2D;&#x2D;>
                        <!&#x2D;&#x2D;Attribute p3:actuate is optional&#x2D;&#x2D;>
                        <!&#x2D;&#x2D;Attribute p3:show is optional&#x2D;&#x2D;>
                        <!&#x2D;&#x2D;Attribute p3:title is optional&#x2D;&#x2D;>
                        <!&#x2D;&#x2D;Attribute p3:arcrole is optional&#x2D;&#x2D;>
                        <!&#x2D;&#x2D;Attribute p3:role is optional&#x2D;&#x2D;>
                        <!&#x2D;&#x2D;Attribute p3:href is optional&#x2D;&#x2D;>
                        <!&#x2D;&#x2D;Attribute p3:type is optional&#x2D;&#x2D;>string</p2:description>
                    <p2:name codeSpace="URI">
                        <!&#x2D;&#x2D;Attribute codeSpace is optional&#x2D;&#x2D;>string</p2:name>
                    <p2:name codeSpace="URI">
                        <!&#x2D;&#x2D;Attribute codeSpace is optional&#x2D;&#x2D;>string</p2:name>
                    <p2:name codeSpace="URI">
                        <!&#x2D;&#x2D;Attribute codeSpace is optional&#x2D;&#x2D;>string</p2:name><!&#x2D;&#x2D;
                    <p2:pos srsName="URI" srsDimension="635000" axisLabels="" uomLabels="">
                        <!&#x2D;&#x2D;Attribute uomLabels is optional&#x2D;&#x2D;>
                        <!&#x2D;&#x2D;Attribute axisLabels is optional&#x2D;&#x2D;>
                        <!&#x2D;&#x2D;Attribute srsDimension is optional&#x2D;&#x2D;>
                        <!&#x2D;&#x2D;Attribute srsName is optional&#x2D;&#x2D;>
                    </p2:pos>&#x2D;&#x2D;><!&#x2D;&#x2D;
                    <p2:coordinates decimal="." cs="," ts=" ">
                        <!&#x2D;&#x2D;Attribute ts is optional&#x2D;&#x2D;>
                        <!&#x2D;&#x2D;Attribute cs is optional&#x2D;&#x2D;>
                        <!&#x2D;&#x2D;Attribute decimal is optional&#x2D;&#x2D;>string</p2:coordinates>&#x2D;&#x2D;><!&#x2D;&#x2D;
                    <p2:coord>
                        <p2:X>1.23</p2:X>
                        <!&#x2D;&#x2D;Element p2:Y is optional&#x2D;&#x2D;>
                        <p2:Y>1.23</p2:Y>
                        <!&#x2D;&#x2D;Element p2:Z is optional&#x2D;&#x2D;>
                        <p2:Z>1.23</p2:Z>
                    </p2:coord>&#x2D;&#x2D;>
                </p2:Point>
            </p2:pointRep>&#x2D;&#x2D;><!&#x2D;&#x2D;
            <p2:coord>
                <p2:X>1.23</p2:X>
                <!&#x2D;&#x2D;Element p2:Y is optional&#x2D;&#x2D;>
                <p2:Y>1.23</p2:Y>
                <!&#x2D;&#x2D;Element p2:Z is optional&#x2D;&#x2D;>
                <p2:Z>1.23</p2:Z>
            </p2:coord>&#x2D;&#x2D;>
            <p2:pos srsName="URI" srsDimension="635000" axisLabels="" uomLabels="">
                <!&#x2D;&#x2D;Attribute uomLabels is optional&#x2D;&#x2D;>
                <!&#x2D;&#x2D;Attribute axisLabels is optional&#x2D;&#x2D;>
                <!&#x2D;&#x2D;Attribute srsDimension is optional&#x2D;&#x2D;>
                <!&#x2D;&#x2D;Attribute srsName is optional&#x2D;&#x2D;>
            </p2:pos><!&#x2D;&#x2D;
            <p2:pointProperty p3:type="simple" p3:href="" p3:role="" p3:arcrole="" p3:title="" p3:show="none" p3:actuate="none" p2:remoteSchema="URI">
                <!&#x2D;&#x2D;Attribute p2:remoteSchema is optional&#x2D;&#x2D;>
                <!&#x2D;&#x2D;Attribute p3:actuate is optional&#x2D;&#x2D;>
                <!&#x2D;&#x2D;Attribute p3:show is optional&#x2D;&#x2D;>
                <!&#x2D;&#x2D;Attribute p3:title is optional&#x2D;&#x2D;>
                <!&#x2D;&#x2D;Attribute p3:arcrole is optional&#x2D;&#x2D;>
                <!&#x2D;&#x2D;Attribute p3:role is optional&#x2D;&#x2D;>
                <!&#x2D;&#x2D;Attribute p3:href is optional&#x2D;&#x2D;>
                <!&#x2D;&#x2D;Attribute p3:type is optional&#x2D;&#x2D;>
                <!&#x2D;&#x2D;'Sequence' block is optional&#x2D;&#x2D;>
                <p2:Point p2:id="ID5" gid="string" srsName="URI" srsDimension="635000" axisLabels="" uomLabels="">
                    <!&#x2D;&#x2D;Attribute uomLabels is optional&#x2D;&#x2D;>
                    <!&#x2D;&#x2D;Attribute axisLabels is optional&#x2D;&#x2D;>
                    <!&#x2D;&#x2D;Attribute srsDimension is optional&#x2D;&#x2D;>
                    <!&#x2D;&#x2D;Attribute srsName is optional&#x2D;&#x2D;>
                    <!&#x2D;&#x2D;Attribute gid is optional&#x2D;&#x2D;>
                    <!&#x2D;&#x2D;Attribute p2:id is optional&#x2D;&#x2D;>
                    <p2:metaDataProperty p3:type="simple" p3:href="" p3:role="" p3:arcrole="" p3:title="" p3:show="none" p3:actuate="none" p2:remoteSchema="URI" about="URI">
                        <!&#x2D;&#x2D;Attribute about is optional&#x2D;&#x2D;>
                        <!&#x2D;&#x2D;Attribute p2:remoteSchema is optional&#x2D;&#x2D;>
                        <!&#x2D;&#x2D;Attribute p3:actuate is optional&#x2D;&#x2D;>
                        <!&#x2D;&#x2D;Attribute p3:show is optional&#x2D;&#x2D;>
                        <!&#x2D;&#x2D;Attribute p3:title is optional&#x2D;&#x2D;>
                        <!&#x2D;&#x2D;Attribute p3:arcrole is optional&#x2D;&#x2D;>
                        <!&#x2D;&#x2D;Attribute p3:role is optional&#x2D;&#x2D;>
                        <!&#x2D;&#x2D;Attribute p3:href is optional&#x2D;&#x2D;>
                        <!&#x2D;&#x2D;Attribute p3:type is optional&#x2D;&#x2D;>
                        <!&#x2D;&#x2D;'Sequence' block is optional&#x2D;&#x2D;>
                        <any_element/>
                    </p2:metaDataProperty>
                    <p2:metaDataProperty p3:type="simple" p3:href="" p3:role="" p3:arcrole="" p3:title="" p3:show="none" p3:actuate="none" p2:remoteSchema="URI" about="URI">
                        <!&#x2D;&#x2D;Attribute about is optional&#x2D;&#x2D;>
                        <!&#x2D;&#x2D;Attribute p2:remoteSchema is optional&#x2D;&#x2D;>
                        <!&#x2D;&#x2D;Attribute p3:actuate is optional&#x2D;&#x2D;>
                        <!&#x2D;&#x2D;Attribute p3:show is optional&#x2D;&#x2D;>
                        <!&#x2D;&#x2D;Attribute p3:title is optional&#x2D;&#x2D;>
                        <!&#x2D;&#x2D;Attribute p3:arcrole is optional&#x2D;&#x2D;>
                        <!&#x2D;&#x2D;Attribute p3:role is optional&#x2D;&#x2D;>
                        <!&#x2D;&#x2D;Attribute p3:href is optional&#x2D;&#x2D;>
                        <!&#x2D;&#x2D;Attribute p3:type is optional&#x2D;&#x2D;>
                        <!&#x2D;&#x2D;'Sequence' block is optional&#x2D;&#x2D;>
                        <any_element/>
                    </p2:metaDataProperty>
                    <p2:metaDataProperty p3:type="simple" p3:href="" p3:role="" p3:arcrole="" p3:title="" p3:show="none" p3:actuate="none" p2:remoteSchema="URI" about="URI">
                        <!&#x2D;&#x2D;Attribute about is optional&#x2D;&#x2D;>
                        <!&#x2D;&#x2D;Attribute p2:remoteSchema is optional&#x2D;&#x2D;>
                        <!&#x2D;&#x2D;Attribute p3:actuate is optional&#x2D;&#x2D;>
                        <!&#x2D;&#x2D;Attribute p3:show is optional&#x2D;&#x2D;>
                        <!&#x2D;&#x2D;Attribute p3:title is optional&#x2D;&#x2D;>
                        <!&#x2D;&#x2D;Attribute p3:arcrole is optional&#x2D;&#x2D;>
                        <!&#x2D;&#x2D;Attribute p3:role is optional&#x2D;&#x2D;>
                        <!&#x2D;&#x2D;Attribute p3:href is optional&#x2D;&#x2D;>
                        <!&#x2D;&#x2D;Attribute p3:type is optional&#x2D;&#x2D;>
                        <!&#x2D;&#x2D;'Sequence' block is optional&#x2D;&#x2D;>
                        <any_element/>
                    </p2:metaDataProperty>
                    <p2:description p3:type="simple" p3:href="" p3:role="" p3:arcrole="" p3:title="" p3:show="none" p3:actuate="none" p2:remoteSchema="URI">
                        <!&#x2D;&#x2D;Attribute p2:remoteSchema is optional&#x2D;&#x2D;>
                        <!&#x2D;&#x2D;Attribute p3:actuate is optional&#x2D;&#x2D;>
                        <!&#x2D;&#x2D;Attribute p3:show is optional&#x2D;&#x2D;>
                        <!&#x2D;&#x2D;Attribute p3:title is optional&#x2D;&#x2D;>
                        <!&#x2D;&#x2D;Attribute p3:arcrole is optional&#x2D;&#x2D;>
                        <!&#x2D;&#x2D;Attribute p3:role is optional&#x2D;&#x2D;>
                        <!&#x2D;&#x2D;Attribute p3:href is optional&#x2D;&#x2D;>
                        <!&#x2D;&#x2D;Attribute p3:type is optional&#x2D;&#x2D;>string</p2:description>
                    <p2:name codeSpace="URI">
                        <!&#x2D;&#x2D;Attribute codeSpace is optional&#x2D;&#x2D;>string</p2:name>
                    <p2:name codeSpace="URI">
                        <!&#x2D;&#x2D;Attribute codeSpace is optional&#x2D;&#x2D;>string</p2:name>
                    <p2:name codeSpace="URI">
                        <!&#x2D;&#x2D;Attribute codeSpace is optional&#x2D;&#x2D;>string</p2:name><!&#x2D;&#x2D;
                    <p2:pos srsName="URI" srsDimension="635000" axisLabels="" uomLabels="">
                        <!&#x2D;&#x2D;Attribute uomLabels is optional&#x2D;&#x2D;>
                        <!&#x2D;&#x2D;Attribute axisLabels is optional&#x2D;&#x2D;>
                        <!&#x2D;&#x2D;Attribute srsDimension is optional&#x2D;&#x2D;>
                        <!&#x2D;&#x2D;Attribute srsName is optional&#x2D;&#x2D;>
                    </p2:pos>&#x2D;&#x2D;><!&#x2D;&#x2D;
                    <p2:coordinates decimal="." cs="," ts=" ">
                        <!&#x2D;&#x2D;Attribute ts is optional&#x2D;&#x2D;>
                        <!&#x2D;&#x2D;Attribute cs is optional&#x2D;&#x2D;>
                        <!&#x2D;&#x2D;Attribute decimal is optional&#x2D;&#x2D;>string</p2:coordinates>&#x2D;&#x2D;><!&#x2D;&#x2D;
                    <p2:coord>
                        <p2:X>1.23</p2:X>
                        <!&#x2D;&#x2D;Element p2:Y is optional&#x2D;&#x2D;>
                        <p2:Y>1.23</p2:Y>
                        <!&#x2D;&#x2D;Element p2:Z is optional&#x2D;&#x2D;>
                        <p2:Z>1.23</p2:Z>
                    </p2:coord>&#x2D;&#x2D;>
                </p2:Point>
            </p2:pointProperty>&#x2D;&#x2D;><!&#x2D;&#x2D;
            <p2:pointRep p3:type="simple" p3:href="" p3:role="" p3:arcrole="" p3:title="" p3:show="none" p3:actuate="none" p2:remoteSchema="URI">
                <!&#x2D;&#x2D;Attribute p2:remoteSchema is optional&#x2D;&#x2D;>
                <!&#x2D;&#x2D;Attribute p3:actuate is optional&#x2D;&#x2D;>
                <!&#x2D;&#x2D;Attribute p3:show is optional&#x2D;&#x2D;>
                <!&#x2D;&#x2D;Attribute p3:title is optional&#x2D;&#x2D;>
                <!&#x2D;&#x2D;Attribute p3:arcrole is optional&#x2D;&#x2D;>
                <!&#x2D;&#x2D;Attribute p3:role is optional&#x2D;&#x2D;>
                <!&#x2D;&#x2D;Attribute p3:href is optional&#x2D;&#x2D;>
                <!&#x2D;&#x2D;Attribute p3:type is optional&#x2D;&#x2D;>
                <!&#x2D;&#x2D;'Sequence' block is optional&#x2D;&#x2D;>
                <p2:Point p2:id="ID6" gid="string" srsName="URI" srsDimension="635000" axisLabels="" uomLabels="">
                    <!&#x2D;&#x2D;Attribute uomLabels is optional&#x2D;&#x2D;>
                    <!&#x2D;&#x2D;Attribute axisLabels is optional&#x2D;&#x2D;>
                    <!&#x2D;&#x2D;Attribute srsDimension is optional&#x2D;&#x2D;>
                    <!&#x2D;&#x2D;Attribute srsName is optional&#x2D;&#x2D;>
                    <!&#x2D;&#x2D;Attribute gid is optional&#x2D;&#x2D;>
                    <!&#x2D;&#x2D;Attribute p2:id is optional&#x2D;&#x2D;>
                    <p2:metaDataProperty p3:type="simple" p3:href="" p3:role="" p3:arcrole="" p3:title="" p3:show="none" p3:actuate="none" p2:remoteSchema="URI" about="URI">
                        <!&#x2D;&#x2D;Attribute about is optional&#x2D;&#x2D;>
                        <!&#x2D;&#x2D;Attribute p2:remoteSchema is optional&#x2D;&#x2D;>
                        <!&#x2D;&#x2D;Attribute p3:actuate is optional&#x2D;&#x2D;>
                        <!&#x2D;&#x2D;Attribute p3:show is optional&#x2D;&#x2D;>
                        <!&#x2D;&#x2D;Attribute p3:title is optional&#x2D;&#x2D;>
                        <!&#x2D;&#x2D;Attribute p3:arcrole is optional&#x2D;&#x2D;>
                        <!&#x2D;&#x2D;Attribute p3:role is optional&#x2D;&#x2D;>
                        <!&#x2D;&#x2D;Attribute p3:href is optional&#x2D;&#x2D;>
                        <!&#x2D;&#x2D;Attribute p3:type is optional&#x2D;&#x2D;>
                        <!&#x2D;&#x2D;'Sequence' block is optional&#x2D;&#x2D;>
                        <any_element/>
                    </p2:metaDataProperty>
                    <p2:metaDataProperty p3:type="simple" p3:href="" p3:role="" p3:arcrole="" p3:title="" p3:show="none" p3:actuate="none" p2:remoteSchema="URI" about="URI">
                        <!&#x2D;&#x2D;Attribute about is optional&#x2D;&#x2D;>
                        <!&#x2D;&#x2D;Attribute p2:remoteSchema is optional&#x2D;&#x2D;>
                        <!&#x2D;&#x2D;Attribute p3:actuate is optional&#x2D;&#x2D;>
                        <!&#x2D;&#x2D;Attribute p3:show is optional&#x2D;&#x2D;>
                        <!&#x2D;&#x2D;Attribute p3:title is optional&#x2D;&#x2D;>
                        <!&#x2D;&#x2D;Attribute p3:arcrole is optional&#x2D;&#x2D;>
                        <!&#x2D;&#x2D;Attribute p3:role is optional&#x2D;&#x2D;>
                        <!&#x2D;&#x2D;Attribute p3:href is optional&#x2D;&#x2D;>
                        <!&#x2D;&#x2D;Attribute p3:type is optional&#x2D;&#x2D;>
                        <!&#x2D;&#x2D;'Sequence' block is optional&#x2D;&#x2D;>
                        <any_element/>
                    </p2:metaDataProperty>
                    <p2:metaDataProperty p3:type="simple" p3:href="" p3:role="" p3:arcrole="" p3:title="" p3:show="none" p3:actuate="none" p2:remoteSchema="URI" about="URI">
                        <!&#x2D;&#x2D;Attribute about is optional&#x2D;&#x2D;>
                        <!&#x2D;&#x2D;Attribute p2:remoteSchema is optional&#x2D;&#x2D;>
                        <!&#x2D;&#x2D;Attribute p3:actuate is optional&#x2D;&#x2D;>
                        <!&#x2D;&#x2D;Attribute p3:show is optional&#x2D;&#x2D;>
                        <!&#x2D;&#x2D;Attribute p3:title is optional&#x2D;&#x2D;>
                        <!&#x2D;&#x2D;Attribute p3:arcrole is optional&#x2D;&#x2D;>
                        <!&#x2D;&#x2D;Attribute p3:role is optional&#x2D;&#x2D;>
                        <!&#x2D;&#x2D;Attribute p3:href is optional&#x2D;&#x2D;>
                        <!&#x2D;&#x2D;Attribute p3:type is optional&#x2D;&#x2D;>
                        <!&#x2D;&#x2D;'Sequence' block is optional&#x2D;&#x2D;>
                        <any_element/>
                    </p2:metaDataProperty>
                    <p2:description p3:type="simple" p3:href="" p3:role="" p3:arcrole="" p3:title="" p3:show="none" p3:actuate="none" p2:remoteSchema="URI">
                        <!&#x2D;&#x2D;Attribute p2:remoteSchema is optional&#x2D;&#x2D;>
                        <!&#x2D;&#x2D;Attribute p3:actuate is optional&#x2D;&#x2D;>
                        <!&#x2D;&#x2D;Attribute p3:show is optional&#x2D;&#x2D;>
                        <!&#x2D;&#x2D;Attribute p3:title is optional&#x2D;&#x2D;>
                        <!&#x2D;&#x2D;Attribute p3:arcrole is optional&#x2D;&#x2D;>
                        <!&#x2D;&#x2D;Attribute p3:role is optional&#x2D;&#x2D;>
                        <!&#x2D;&#x2D;Attribute p3:href is optional&#x2D;&#x2D;>
                        <!&#x2D;&#x2D;Attribute p3:type is optional&#x2D;&#x2D;>string</p2:description>
                    <p2:name codeSpace="URI">
                        <!&#x2D;&#x2D;Attribute codeSpace is optional&#x2D;&#x2D;>string</p2:name>
                    <p2:name codeSpace="URI">
                        <!&#x2D;&#x2D;Attribute codeSpace is optional&#x2D;&#x2D;>string</p2:name>
                    <p2:name codeSpace="URI">
                        <!&#x2D;&#x2D;Attribute codeSpace is optional&#x2D;&#x2D;>string</p2:name><!&#x2D;&#x2D;
                    <p2:pos srsName="URI" srsDimension="635000" axisLabels="" uomLabels="">
                        <!&#x2D;&#x2D;Attribute uomLabels is optional&#x2D;&#x2D;>
                        <!&#x2D;&#x2D;Attribute axisLabels is optional&#x2D;&#x2D;>
                        <!&#x2D;&#x2D;Attribute srsDimension is optional&#x2D;&#x2D;>
                        <!&#x2D;&#x2D;Attribute srsName is optional&#x2D;&#x2D;>
                    </p2:pos>&#x2D;&#x2D;><!&#x2D;&#x2D;
                    <p2:coordinates decimal="." cs="," ts=" ">
                        <!&#x2D;&#x2D;Attribute ts is optional&#x2D;&#x2D;>
                        <!&#x2D;&#x2D;Attribute cs is optional&#x2D;&#x2D;>
                        <!&#x2D;&#x2D;Attribute decimal is optional&#x2D;&#x2D;>string</p2:coordinates>&#x2D;&#x2D;><!&#x2D;&#x2D;
                    <p2:coord>
                        <p2:X>1.23</p2:X>
                        <!&#x2D;&#x2D;Element p2:Y is optional&#x2D;&#x2D;>
                        <p2:Y>1.23</p2:Y>
                        <!&#x2D;&#x2D;Element p2:Z is optional&#x2D;&#x2D;>
                        <p2:Z>1.23</p2:Z>
                    </p2:coord>&#x2D;&#x2D;>
                </p2:Point>
            </p2:pointRep>&#x2D;&#x2D;><!&#x2D;&#x2D;
            <p2:coord>
                <p2:X>1.23</p2:X>
                <!&#x2D;&#x2D;Element p2:Y is optional&#x2D;&#x2D;>
                <p2:Y>1.23</p2:Y>
                <!&#x2D;&#x2D;Element p2:Z is optional&#x2D;&#x2D;>
                <p2:Z>1.23</p2:Z>
            </p2:coord>&#x2D;&#x2D;>
            <p2:pos srsName="URI" srsDimension="635000" axisLabels="" uomLabels="">
                <!&#x2D;&#x2D;Attribute uomLabels is optional&#x2D;&#x2D;>
                <!&#x2D;&#x2D;Attribute axisLabels is optional&#x2D;&#x2D;>
                <!&#x2D;&#x2D;Attribute srsDimension is optional&#x2D;&#x2D;>
                <!&#x2D;&#x2D;Attribute srsName is optional&#x2D;&#x2D;>
            </p2:pos><!&#x2D;&#x2D;
            <p2:pointProperty p3:type="simple" p3:href="" p3:role="" p3:arcrole="" p3:title="" p3:show="none" p3:actuate="none" p2:remoteSchema="URI">
                <!&#x2D;&#x2D;Attribute p2:remoteSchema is optional&#x2D;&#x2D;>
                <!&#x2D;&#x2D;Attribute p3:actuate is optional&#x2D;&#x2D;>
                <!&#x2D;&#x2D;Attribute p3:show is optional&#x2D;&#x2D;>
                <!&#x2D;&#x2D;Attribute p3:title is optional&#x2D;&#x2D;>
                <!&#x2D;&#x2D;Attribute p3:arcrole is optional&#x2D;&#x2D;>
                <!&#x2D;&#x2D;Attribute p3:role is optional&#x2D;&#x2D;>
                <!&#x2D;&#x2D;Attribute p3:href is optional&#x2D;&#x2D;>
                <!&#x2D;&#x2D;Attribute p3:type is optional&#x2D;&#x2D;>
                <!&#x2D;&#x2D;'Sequence' block is optional&#x2D;&#x2D;>
                <p2:Point p2:id="ID7" gid="string" srsName="URI" srsDimension="635000" axisLabels="" uomLabels="">
                    <!&#x2D;&#x2D;Attribute uomLabels is optional&#x2D;&#x2D;>
                    <!&#x2D;&#x2D;Attribute axisLabels is optional&#x2D;&#x2D;>
                    <!&#x2D;&#x2D;Attribute srsDimension is optional&#x2D;&#x2D;>
                    <!&#x2D;&#x2D;Attribute srsName is optional&#x2D;&#x2D;>
                    <!&#x2D;&#x2D;Attribute gid is optional&#x2D;&#x2D;>
                    <!&#x2D;&#x2D;Attribute p2:id is optional&#x2D;&#x2D;>
                    <p2:metaDataProperty p3:type="simple" p3:href="" p3:role="" p3:arcrole="" p3:title="" p3:show="none" p3:actuate="none" p2:remoteSchema="URI" about="URI">
                        <!&#x2D;&#x2D;Attribute about is optional&#x2D;&#x2D;>
                        <!&#x2D;&#x2D;Attribute p2:remoteSchema is optional&#x2D;&#x2D;>
                        <!&#x2D;&#x2D;Attribute p3:actuate is optional&#x2D;&#x2D;>
                        <!&#x2D;&#x2D;Attribute p3:show is optional&#x2D;&#x2D;>
                        <!&#x2D;&#x2D;Attribute p3:title is optional&#x2D;&#x2D;>
                        <!&#x2D;&#x2D;Attribute p3:arcrole is optional&#x2D;&#x2D;>
                        <!&#x2D;&#x2D;Attribute p3:role is optional&#x2D;&#x2D;>
                        <!&#x2D;&#x2D;Attribute p3:href is optional&#x2D;&#x2D;>
                        <!&#x2D;&#x2D;Attribute p3:type is optional&#x2D;&#x2D;>
                        <!&#x2D;&#x2D;'Sequence' block is optional&#x2D;&#x2D;>
                        <any_element/>
                    </p2:metaDataProperty>
                    <p2:metaDataProperty p3:type="simple" p3:href="" p3:role="" p3:arcrole="" p3:title="" p3:show="none" p3:actuate="none" p2:remoteSchema="URI" about="URI">
                        <!&#x2D;&#x2D;Attribute about is optional&#x2D;&#x2D;>
                        <!&#x2D;&#x2D;Attribute p2:remoteSchema is optional&#x2D;&#x2D;>
                        <!&#x2D;&#x2D;Attribute p3:actuate is optional&#x2D;&#x2D;>
                        <!&#x2D;&#x2D;Attribute p3:show is optional&#x2D;&#x2D;>
                        <!&#x2D;&#x2D;Attribute p3:title is optional&#x2D;&#x2D;>
                        <!&#x2D;&#x2D;Attribute p3:arcrole is optional&#x2D;&#x2D;>
                        <!&#x2D;&#x2D;Attribute p3:role is optional&#x2D;&#x2D;>
                        <!&#x2D;&#x2D;Attribute p3:href is optional&#x2D;&#x2D;>
                        <!&#x2D;&#x2D;Attribute p3:type is optional&#x2D;&#x2D;>
                        <!&#x2D;&#x2D;'Sequence' block is optional&#x2D;&#x2D;>
                        <any_element/>
                    </p2:metaDataProperty>
                    <p2:metaDataProperty p3:type="simple" p3:href="" p3:role="" p3:arcrole="" p3:title="" p3:show="none" p3:actuate="none" p2:remoteSchema="URI" about="URI">
                        <!&#x2D;&#x2D;Attribute about is optional&#x2D;&#x2D;>
                        <!&#x2D;&#x2D;Attribute p2:remoteSchema is optional&#x2D;&#x2D;>
                        <!&#x2D;&#x2D;Attribute p3:actuate is optional&#x2D;&#x2D;>
                        <!&#x2D;&#x2D;Attribute p3:show is optional&#x2D;&#x2D;>
                        <!&#x2D;&#x2D;Attribute p3:title is optional&#x2D;&#x2D;>
                        <!&#x2D;&#x2D;Attribute p3:arcrole is optional&#x2D;&#x2D;>
                        <!&#x2D;&#x2D;Attribute p3:role is optional&#x2D;&#x2D;>
                        <!&#x2D;&#x2D;Attribute p3:href is optional&#x2D;&#x2D;>
                        <!&#x2D;&#x2D;Attribute p3:type is optional&#x2D;&#x2D;>
                        <!&#x2D;&#x2D;'Sequence' block is optional&#x2D;&#x2D;>
                        <any_element/>
                    </p2:metaDataProperty>
                    <p2:description p3:type="simple" p3:href="" p3:role="" p3:arcrole="" p3:title="" p3:show="none" p3:actuate="none" p2:remoteSchema="URI">
                        <!&#x2D;&#x2D;Attribute p2:remoteSchema is optional&#x2D;&#x2D;>
                        <!&#x2D;&#x2D;Attribute p3:actuate is optional&#x2D;&#x2D;>
                        <!&#x2D;&#x2D;Attribute p3:show is optional&#x2D;&#x2D;>
                        <!&#x2D;&#x2D;Attribute p3:title is optional&#x2D;&#x2D;>
                        <!&#x2D;&#x2D;Attribute p3:arcrole is optional&#x2D;&#x2D;>
                        <!&#x2D;&#x2D;Attribute p3:role is optional&#x2D;&#x2D;>
                        <!&#x2D;&#x2D;Attribute p3:href is optional&#x2D;&#x2D;>
                        <!&#x2D;&#x2D;Attribute p3:type is optional&#x2D;&#x2D;>string</p2:description>
                    <p2:name codeSpace="URI">
                        <!&#x2D;&#x2D;Attribute codeSpace is optional&#x2D;&#x2D;>string</p2:name>
                    <p2:name codeSpace="URI">
                        <!&#x2D;&#x2D;Attribute codeSpace is optional&#x2D;&#x2D;>string</p2:name>
                    <p2:name codeSpace="URI">
                        <!&#x2D;&#x2D;Attribute codeSpace is optional&#x2D;&#x2D;>string</p2:name><!&#x2D;&#x2D;
                    <p2:pos srsName="URI" srsDimension="635000" axisLabels="" uomLabels="">
                        <!&#x2D;&#x2D;Attribute uomLabels is optional&#x2D;&#x2D;>
                        <!&#x2D;&#x2D;Attribute axisLabels is optional&#x2D;&#x2D;>
                        <!&#x2D;&#x2D;Attribute srsDimension is optional&#x2D;&#x2D;>
                        <!&#x2D;&#x2D;Attribute srsName is optional&#x2D;&#x2D;>
                    </p2:pos>&#x2D;&#x2D;><!&#x2D;&#x2D;
                    <p2:coordinates decimal="." cs="," ts=" ">
                        <!&#x2D;&#x2D;Attribute ts is optional&#x2D;&#x2D;>
                        <!&#x2D;&#x2D;Attribute cs is optional&#x2D;&#x2D;>
                        <!&#x2D;&#x2D;Attribute decimal is optional&#x2D;&#x2D;>string</p2:coordinates>&#x2D;&#x2D;><!&#x2D;&#x2D;
                    <p2:coord>
                        <p2:X>1.23</p2:X>
                        <!&#x2D;&#x2D;Element p2:Y is optional&#x2D;&#x2D;>
                        <p2:Y>1.23</p2:Y>
                        <!&#x2D;&#x2D;Element p2:Z is optional&#x2D;&#x2D;>
                        <p2:Z>1.23</p2:Z>
                    </p2:coord>&#x2D;&#x2D;>
                </p2:Point>
            </p2:pointProperty>&#x2D;&#x2D;><!&#x2D;&#x2D;
            <p2:pointRep p3:type="simple" p3:href="" p3:role="" p3:arcrole="" p3:title="" p3:show="none" p3:actuate="none" p2:remoteSchema="URI">
                <!&#x2D;&#x2D;Attribute p2:remoteSchema is optional&#x2D;&#x2D;>
                <!&#x2D;&#x2D;Attribute p3:actuate is optional&#x2D;&#x2D;>
                <!&#x2D;&#x2D;Attribute p3:show is optional&#x2D;&#x2D;>
                <!&#x2D;&#x2D;Attribute p3:title is optional&#x2D;&#x2D;>
                <!&#x2D;&#x2D;Attribute p3:arcrole is optional&#x2D;&#x2D;>
                <!&#x2D;&#x2D;Attribute p3:role is optional&#x2D;&#x2D;>
                <!&#x2D;&#x2D;Attribute p3:href is optional&#x2D;&#x2D;>
                <!&#x2D;&#x2D;Attribute p3:type is optional&#x2D;&#x2D;>
                <!&#x2D;&#x2D;'Sequence' block is optional&#x2D;&#x2D;>
                <p2:Point p2:id="ID8" gid="string" srsName="URI" srsDimension="635000" axisLabels="" uomLabels="">
                    <!&#x2D;&#x2D;Attribute uomLabels is optional&#x2D;&#x2D;>
                    <!&#x2D;&#x2D;Attribute axisLabels is optional&#x2D;&#x2D;>
                    <!&#x2D;&#x2D;Attribute srsDimension is optional&#x2D;&#x2D;>
                    <!&#x2D;&#x2D;Attribute srsName is optional&#x2D;&#x2D;>
                    <!&#x2D;&#x2D;Attribute gid is optional&#x2D;&#x2D;>
                    <!&#x2D;&#x2D;Attribute p2:id is optional&#x2D;&#x2D;>
                    <p2:metaDataProperty p3:type="simple" p3:href="" p3:role="" p3:arcrole="" p3:title="" p3:show="none" p3:actuate="none" p2:remoteSchema="URI" about="URI">
                        <!&#x2D;&#x2D;Attribute about is optional&#x2D;&#x2D;>
                        <!&#x2D;&#x2D;Attribute p2:remoteSchema is optional&#x2D;&#x2D;>
                        <!&#x2D;&#x2D;Attribute p3:actuate is optional&#x2D;&#x2D;>
                        <!&#x2D;&#x2D;Attribute p3:show is optional&#x2D;&#x2D;>
                        <!&#x2D;&#x2D;Attribute p3:title is optional&#x2D;&#x2D;>
                        <!&#x2D;&#x2D;Attribute p3:arcrole is optional&#x2D;&#x2D;>
                        <!&#x2D;&#x2D;Attribute p3:role is optional&#x2D;&#x2D;>
                        <!&#x2D;&#x2D;Attribute p3:href is optional&#x2D;&#x2D;>
                        <!&#x2D;&#x2D;Attribute p3:type is optional&#x2D;&#x2D;>
                        <!&#x2D;&#x2D;'Sequence' block is optional&#x2D;&#x2D;>
                        <any_element/>
                    </p2:metaDataProperty>
                    <p2:metaDataProperty p3:type="simple" p3:href="" p3:role="" p3:arcrole="" p3:title="" p3:show="none" p3:actuate="none" p2:remoteSchema="URI" about="URI">
                        <!&#x2D;&#x2D;Attribute about is optional&#x2D;&#x2D;>
                        <!&#x2D;&#x2D;Attribute p2:remoteSchema is optional&#x2D;&#x2D;>
                        <!&#x2D;&#x2D;Attribute p3:actuate is optional&#x2D;&#x2D;>
                        <!&#x2D;&#x2D;Attribute p3:show is optional&#x2D;&#x2D;>
                        <!&#x2D;&#x2D;Attribute p3:title is optional&#x2D;&#x2D;>
                        <!&#x2D;&#x2D;Attribute p3:arcrole is optional&#x2D;&#x2D;>
                        <!&#x2D;&#x2D;Attribute p3:role is optional&#x2D;&#x2D;>
                        <!&#x2D;&#x2D;Attribute p3:href is optional&#x2D;&#x2D;>
                        <!&#x2D;&#x2D;Attribute p3:type is optional&#x2D;&#x2D;>
                        <!&#x2D;&#x2D;'Sequence' block is optional&#x2D;&#x2D;>
                        <any_element/>
                    </p2:metaDataProperty>
                    <p2:metaDataProperty p3:type="simple" p3:href="" p3:role="" p3:arcrole="" p3:title="" p3:show="none" p3:actuate="none" p2:remoteSchema="URI" about="URI">
                        <!&#x2D;&#x2D;Attribute about is optional&#x2D;&#x2D;>
                        <!&#x2D;&#x2D;Attribute p2:remoteSchema is optional&#x2D;&#x2D;>
                        <!&#x2D;&#x2D;Attribute p3:actuate is optional&#x2D;&#x2D;>
                        <!&#x2D;&#x2D;Attribute p3:show is optional&#x2D;&#x2D;>
                        <!&#x2D;&#x2D;Attribute p3:title is optional&#x2D;&#x2D;>
                        <!&#x2D;&#x2D;Attribute p3:arcrole is optional&#x2D;&#x2D;>
                        <!&#x2D;&#x2D;Attribute p3:role is optional&#x2D;&#x2D;>
                        <!&#x2D;&#x2D;Attribute p3:href is optional&#x2D;&#x2D;>
                        <!&#x2D;&#x2D;Attribute p3:type is optional&#x2D;&#x2D;>
                        <!&#x2D;&#x2D;'Sequence' block is optional&#x2D;&#x2D;>
                        <any_element/>
                    </p2:metaDataProperty>
                    <p2:description p3:type="simple" p3:href="" p3:role="" p3:arcrole="" p3:title="" p3:show="none" p3:actuate="none" p2:remoteSchema="URI">
                        <!&#x2D;&#x2D;Attribute p2:remoteSchema is optional&#x2D;&#x2D;>
                        <!&#x2D;&#x2D;Attribute p3:actuate is optional&#x2D;&#x2D;>
                        <!&#x2D;&#x2D;Attribute p3:show is optional&#x2D;&#x2D;>
                        <!&#x2D;&#x2D;Attribute p3:title is optional&#x2D;&#x2D;>
                        <!&#x2D;&#x2D;Attribute p3:arcrole is optional&#x2D;&#x2D;>
                        <!&#x2D;&#x2D;Attribute p3:role is optional&#x2D;&#x2D;>
                        <!&#x2D;&#x2D;Attribute p3:href is optional&#x2D;&#x2D;>
                        <!&#x2D;&#x2D;Attribute p3:type is optional&#x2D;&#x2D;>string</p2:description>
                    <p2:name codeSpace="URI">
                        <!&#x2D;&#x2D;Attribute codeSpace is optional&#x2D;&#x2D;>string</p2:name>
                    <p2:name codeSpace="URI">
                        <!&#x2D;&#x2D;Attribute codeSpace is optional&#x2D;&#x2D;>string</p2:name>
                    <p2:name codeSpace="URI">
                        <!&#x2D;&#x2D;Attribute codeSpace is optional&#x2D;&#x2D;>string</p2:name><!&#x2D;&#x2D;
                    <p2:pos srsName="URI" srsDimension="635000" axisLabels="" uomLabels="">
                        <!&#x2D;&#x2D;Attribute uomLabels is optional&#x2D;&#x2D;>
                        <!&#x2D;&#x2D;Attribute axisLabels is optional&#x2D;&#x2D;>
                        <!&#x2D;&#x2D;Attribute srsDimension is optional&#x2D;&#x2D;>
                        <!&#x2D;&#x2D;Attribute srsName is optional&#x2D;&#x2D;>
                    </p2:pos>&#x2D;&#x2D;><!&#x2D;&#x2D;
                    <p2:coordinates decimal="." cs="," ts=" ">
                        <!&#x2D;&#x2D;Attribute ts is optional&#x2D;&#x2D;>
                        <!&#x2D;&#x2D;Attribute cs is optional&#x2D;&#x2D;>
                        <!&#x2D;&#x2D;Attribute decimal is optional&#x2D;&#x2D;>string</p2:coordinates>&#x2D;&#x2D;><!&#x2D;&#x2D;
                    <p2:coord>
                        <p2:X>1.23</p2:X>
                        <!&#x2D;&#x2D;Element p2:Y is optional&#x2D;&#x2D;>
                        <p2:Y>1.23</p2:Y>
                        <!&#x2D;&#x2D;Element p2:Z is optional&#x2D;&#x2D;>
                        <p2:Z>1.23</p2:Z>
                    </p2:coord>&#x2D;&#x2D;>
                </p2:Point>
            </p2:pointRep>&#x2D;&#x2D;><!&#x2D;&#x2D;
            <p2:coord>
                <p2:X>1.23</p2:X>
                <!&#x2D;&#x2D;Element p2:Y is optional&#x2D;&#x2D;>
                <p2:Y>1.23</p2:Y>
                <!&#x2D;&#x2D;Element p2:Z is optional&#x2D;&#x2D;>
                <p2:Z>1.23</p2:Z>
            </p2:coord>&#x2D;&#x2D;>&#x2D;&#x2D;><!&#x2D;&#x2D;
            <p2:posList srsName="URI" srsDimension="635000" axisLabels="" uomLabels="" count="635000">
                <!&#x2D;&#x2D;Attribute count is optional&#x2D;&#x2D;>
                <!&#x2D;&#x2D;Attribute uomLabels is optional&#x2D;&#x2D;>
                <!&#x2D;&#x2D;Attribute axisLabels is optional&#x2D;&#x2D;>
                <!&#x2D;&#x2D;Attribute srsDimension is optional&#x2D;&#x2D;>
                <!&#x2D;&#x2D;Attribute srsName is optional&#x2D;&#x2D;>
            </p2:posList>&#x2D;&#x2D;><!&#x2D;&#x2D;
            <p2:coordinates decimal="." cs="," ts=" ">
                <!&#x2D;&#x2D;Attribute ts is optional&#x2D;&#x2D;>
                <!&#x2D;&#x2D;Attribute cs is optional&#x2D;&#x2D;>
                <!&#x2D;&#x2D;Attribute decimal is optional&#x2D;&#x2D;>string</p2:coordinates>&#x2D;&#x2D;>
        </p2:LineString>--><!--
        <p2:LocationKeyWord codeSpace="URI">
            <!&#x2D;&#x2D;Attribute codeSpace is optional&#x2D;&#x2D;>string</p2:LocationKeyWord>--><!--
        <p2:LocationString p3:type="simple" p3:href="" p3:role="" p3:arcrole="" p3:title="" p3:show="none" p3:actuate="none" p2:remoteSchema="URI">
            <!&#x2D;&#x2D;Attribute p2:remoteSchema is optional&#x2D;&#x2D;>
            <!&#x2D;&#x2D;Attribute p3:actuate is optional&#x2D;&#x2D;>
            <!&#x2D;&#x2D;Attribute p3:show is optional&#x2D;&#x2D;>
            <!&#x2D;&#x2D;Attribute p3:title is optional&#x2D;&#x2D;>
            <!&#x2D;&#x2D;Attribute p3:arcrole is optional&#x2D;&#x2D;>
            <!&#x2D;&#x2D;Attribute p3:role is optional&#x2D;&#x2D;>
            <!&#x2D;&#x2D;Attribute p3:href is optional&#x2D;&#x2D;>
            <!&#x2D;&#x2D;Attribute p3:type is optional&#x2D;&#x2D;>string</p2:LocationString>--><!--
        <p2:Null>withheld</p2:Null>-->
    </p2:location>
    
    </p2:featureMember>
</p1:FeatureCollection>