<?xml version="1.0" encoding="UTF-8"?>
<om:CategoryObservation gml:id="obsTest2c" 
xmlns:om="http://www.opengis.net/om/1.0" 
xmlns:xsi="http://www.w3.org/2001/XMLSchema-instance" 
xmlns:xlink="http://www.w3.org/1999/xlink"
xmlns:gml="http://www.opengis.net/gml" 
xsi:schemaLocation="http://www.opengis.net/om/1.0 ../observationSpecialization_override.xsd">
	<gml:description>Observation test instance: fruit identification</gml:description>
	<gml:name>Observation test 2c</gml:name>
	<om:samplingTime>
		<gml:TimeInstant gml:id="ot2t">
			<gml:timePosition>2005-01-11T17:22:25.00</gml:timePosition>
		</gml:TimeInstant>
	</om:samplingTime>
    <om:procedure xlink:href="http://www.flakey.org/register/party/abc99"/>
	<om:observedProperty xlink:href="urn:x-ogc:def:phenomenon:OGC:Species"/>
    <om:featureOfInterest xlink:href="http://wfs.flakey.org?request=getFeature&#38;featureid=fruit37f "/>
	<om:result codeSpace="http://en.wikipedia.org/wiki/List_of_fruits">Banana</om:result>
</om:CategoryObservation>