<?xml version="1.0"?>
<swe:CompositePhenomenon 
xmlns:swe="http://www.opengis.net/swe/1.0" 
xmlns:gml="http://www.opengis.net/gml" 
xmlns:xsi="http://www.w3.org/2001/XMLSchema-instance" 
xmlns:xlink="http://www.w3.org/1999/xlink" 
xsi:schemaLocation="http://www.opengis.net/swe/1.0 http://schemas.opengis.net/swe/1.0.0/swe.xsd" 
gml:id="weather1" dimension="6">
	<gml:name codeSpace="urn:x-ogc:tc:arch:doc-rp(05-010)"
                                     >urn:x-ogc:def:phenomenon:SEEGrid:weather1</gml:name>
	<swe:base xlink:href="urn:x-ogc:def:phenomenon:OGC:Weather"/>
	<swe:component xlink:href="urn:x-ogc:def:phenomenon:OGC:AirTemperature"/>
	<swe:component xlink:href="urn:x-ogc:def:phenomenon:OGC:WindSpeed"/>
	<swe:component xlink:href="urn:x-ogc:def:phenomenon:OGC:WindDirection"/>
    <swe:component xlink:href="http://sweet.jpl.nasa.gov/ontology/property.owl#AtmosphericPressure"/>
    <swe:component xlink:href="http://sweet.jpl.nasa.gov/ontology/property.owl#RelativeHumidity"/>
    <swe:component xlink:href="http://sweet.jpl.nasa.gov/ontology/property.owl#Visibility"/>
</swe:CompositePhenomenon>