<featureType>
    <id>gsmlga_GeologicHistory</id>
    <name>GeologicHistory</name>
    <nativeName>GeologicHistory</nativeName>
    <namespace>
        <id>gsmlga_namespace</id>
    </namespace>
    <title>Geologic History</title>
    <abstract>Class to represent general age assignment using numeric measurement results. All attributes have cardinality 1; report with nilReason="missing" if a value is absent.</abstract>
    <srs>EPSG:4283</srs>
    <latLonBoundingBox>
		<minx>140</minx><maxx>150</maxx>
		<miny>-40</miny><maxy>-33</maxy>
        <crs>EPSG:4283</crs>
    </latLonBoundingBox>
    <projectionPolicy>FORCE_DECLARED</projectionPolicy>
    <enabled>true</enabled>
    <metadata>
        <entry key="kml.regionateFeatureLimit">10</entry>
        <entry key="indexingEnabled">false</entry>
        <entry key="cachingEnabled">false</entry>
    </metadata>
    <store class="dataStore">
        <id>gsmlga_GeologicHistory_datastore</id>
    </store>
    <maxFeatures>0</maxFeatures>
    <numDecimals>0</numDecimals>
</featureType>