<?xml version="1.0" encoding="UTF-8"?>
<!DOCTYPE catalog PUBLIC "-//OASIS//DTD Entity Resolution XML Catalog V1.0//EN" "http://www.oasis-open.org/committees/entity/release/1.0/catalog.dtd">
<catalog xmlns="urn:oasis:names:tc:entity:xmlns:xml:catalog">
	<!-- ===================== OGC Resources ========================== -->
	<rewriteSystem systemIdStartString="http://schemas.opengis.net/swe/"
		rewritePrefix="schemas.opengis.net/swe/sweCommon/"/>
	<rewriteSystem systemIdStartString="http://schemas.opengis.net/sensorML/"
		rewritePrefix="schemas.opengis.net/swe/sensorML/"/>
	<rewriteSystem systemIdStartString="http://schemas.opengis.net/cv/" rewritePrefix="schemas.opengis.net/swe/cv/"/>
	<rewriteSystem systemIdStartString="http://schemas.opengis.net/ic/" rewritePrefix="schemas.opengis.net/swe/ic/"/>
	<rewriteSystem systemIdStartString="http://schemas.opengis.net/sampling/"
		rewritePrefix="schemas.opengis.net/swe/sampling/"/>
	<rewriteSystem systemIdStartString="http://schemas.opengis.net/om/" rewritePrefix="schemas.opengis.net/swe/om/"/>
	<rewriteSystem systemIdStartString="http://schemas.opengis.net/" rewritePrefix="schemas.opengis.net/"/>
	<!-- ===================== ISO Resources ========================== -->
	<rewriteSystem systemIdStartString="http://www.isotc211.org/" rewritePrefix="isotc211.org/"/>
	<!-- ===================== GeoSciML Resources ===================== -->
	<rewriteSystem systemIdStartString="urn:cgi:xmlns:CGI:GeoSciML:2.0:" rewritePrefix="cgi-iugs.org/GeoSciML/2.0.0/"/>
	<rewriteSystem systemIdStartString="urn:cgi:xmlns:CGI:Utilities:1.0:" rewritePrefix="cgi-iugs.org/Utilities/1.0/"/>
	<!-- ===================== MineralOccurence Resources ===================== -->
	<rewriteSystem systemIdStartString="urn:cgi:xmlns:GGIC:MineralOccurrence:1.0:"
		rewritePrefix="ggipac.gov.au/MineralOccurrence/1.0.0/"/>
	<!-- ===================== OASIS XML Catalog Resources ================= -->
	<nextCatalog catalog="oasis/entity/release/1.0/catalog.xml"/>
</catalog>
