<?xml version="1.0" encoding="UTF-8"?>
<cv:CV_DiscreteCoverage gml:id="dc2" xmlns:cv="http://www.opengis.net/cv/0.0" xmlns:xsi="http://www.w3.org/2001/XMLSchema-instance" xmlns:xlink="http://www.w3.org/1999/xlink" xmlns:gml="http://www.opengis.net/gml"
                        xsi:schemaLocation="http://www.opengis.net/cv/0.0 ../cv.xsd">
	<cv:domainExtent>
		<gml:Envelope>
			<gml:lowerCorner>0 0</gml:lowerCorner>
			<gml:upperCorner>2 2</gml:upperCorner>
		</gml:Envelope>
	</cv:domainExtent>
	<cv:rangeType xsi:type="gml:ReferenceType" xlink:href="http://www.flakey.org/properties/potential"/>
	<cv:element>
		<cv:CV_GeometryValuePair>
			<cv:geometry xlink:href="http://www.bogus.org/wfs?pixel1"/>
			<cv:value>
				<cv:Record>
					<cv:field>
						<cv:Item xsi:type="gml:MeasureType" uom="uV">10.1</cv:Item>
					</cv:field>
					<cv:field>
						<cv:Item xsi:type="gml:CodeType" codeSpace="http://wikipedia.org/species/fruit">banana</cv:Item>
					</cv:field>
				</cv:Record>
			</cv:value>
		</cv:CV_GeometryValuePair>
	</cv:element>
	<cv:element>
		<cv:CV_GeometryValuePair>
			<cv:geometry xlink:href="http://www.bogus.org/wfs?pixel2"/>
			<cv:value>
				<cv:Record>
					<cv:field>
						<cv:Item xsi:type="gml:MeasureType" uom="uV">15.7</cv:Item>
					</cv:field>
					<cv:field>
						<cv:Item xsi:type="gml:CodeType" codeSpace="http://wikipedia.org/species/fruit">cumquat</cv:Item>
					</cv:field>
				</cv:Record>
			</cv:value>
		</cv:CV_GeometryValuePair>
	</cv:element>
	<cv:element>
		<cv:CV_GeometryValuePair>
			<cv:geometry xlink:href="http://www.bogus.org/wfs?pixel3"/>
			<cv:value>
				<cv:Record>
					<cv:field>
						<cv:Item xsi:type="gml:MeasureType" uom="uV">20.2</cv:Item>
					</cv:field>
					<cv:field>
						<cv:Item xsi:type="gml:CodeType" codeSpace="http://wikipedia.org/species/fruit">mangosteen</cv:Item>
					</cv:field>
				</cv:Record>
			</cv:value>
		</cv:CV_GeometryValuePair>
	</cv:element>
	<cv:element>
		<cv:CV_GeometryValuePair>
			<cv:geometry xlink:href="http://www.bogus.org/wfs?pixel4"/>
			<cv:value>
				<cv:Record>
					<cv:field>
						<cv:Item xsi:type="gml:MeasureType" uom="uV">27.5</cv:Item>
					</cv:field>
					<cv:field>
						<cv:Item xsi:type="gml:CodeType" codeSpace="http://wikipedia.org/species/fruit">guava</cv:Item>
					</cv:field>
				</cv:Record>
			</cv:value>
		</cv:CV_GeometryValuePair>
	</cv:element>
</cv:CV_DiscreteCoverage>