<?xml version="1.0" encoding="ISO-8859-1"?>
<Gsml xmlns="http://www.cgi-iugs.org/xml/GeoSciML/1" xmlns:gml="http://www.opengis.net/gml" xmlns:xlink="http://www.w3.org/1999/xlink" xmlns:xsi="http://www.w3.org/2001/XMLSchema-instance"
      xsi:schemaLocation="http://www.cgi-iugs.org/xml/GeoSciML/1 ../GeoSciML/1.1.0/schema/GeoSciML.xsd">
	<member>
	<LithoStratigraphicUnit 
		 gml:id="ca.gc.nrcan.gdr.geologicUnit.2062">
			<gml:name>EOo</gml:name> 
			<purpose>definingNorm</purpose>
			<age>
				<GeologicAge>
					<value>
						<CGI_TermValue>
						<qualifier>approximate</qualifier>
							<value  codeSpace="http://www.iugs-cgi.org/geologicAgeVocabulary">Cambrian-Ordovician</value>
						</CGI_TermValue>
					</value>
					<event xlink:href="http://www.iugs-cgi.org/default#urn:x-ogc:def:nil:OGC:unknown"/>
				</GeologicAge>
			</age>
			<metadata xlink:href="http://www.iugs-cgi.org/default#urn:x-ogc:def:nil:OGC:unknown"/>
			<occurrence>
				<MappedFeature>
					<shape xlink:href="http://www.iugs-cgi.org/default#urn:x-ogc:def:nil:OGC:unknown"/>
					<specification></specification>
						<samplingFrame/>
						<metadata xlink:href="http://www.iugs-cgi.org/default#urn:x-ogc:def:nil:OGC:unknown"/>
				</MappedFeature>
			</occurrence>
			<classifier xlink:href="http://www.iugs-cgi.org/default#urn:x-ogc:def:nil:OGC:unknown"/>
			<bodyMorphology xlink:href="http://www.iugs-cgi.org/default#urn:x-ogc:def:nil:OGC:unknown"/>
			<outcropCharacter xlink:href="http://www.iugs-cgi.org/default#urn:x-ogc:def:nil:OGC:unknown"/>
			<genesis xlink:href="http://www.iugs-cgi.org/default#urn:x-ogc:def:nil:OGC:unknown"/>
			<exposureColor xlink:href="http://www.iugs-cgi.org/default#urn:x-ogc:def:nil:OGC:unknown"/>
			<grossChemistry>carbonate</grossChemistry>
			<composition>
				<CompositionPart>
					<role codeSpace=""></role>
					<proportion></proportion>
					<material></material>
				</CompositionPart>
			</composition>
			<rank codeSpace=""></rank>
			<weatheringCharacter xlink:href="http://www.iugs-cgi.org/default#urn:x-ogc:def:nil:OGC:unknown"/>
			<unitThickness xlink:href="http://www.iugs-cgi.org/default#urn:x-ogc:def:nil:OGC:unknown"/>
			<beddingStyle xlink:href="http://www.iugs-cgi.org/default#urn:x-ogc:def:nil:OGC:unknown"/>
			<beddingPattern xlink:href="http://www.iugs-cgi.org/default#urn:x-ogc:def:nil:OGC:unknown"/>
			<beddingThickness xlink:href="http://www.iugs-cgi.org/default#urn:x-ogc:def:nil:OGC:unknown"/>
		</LithoStratigraphicUnit>
	</member>
</Gsml>
