<?xml version="1.0" encoding="UTF-8"?>
<Gsml xmlns="http://www.cgi-iugs.org/xml/GeoSciML/1" xmlns:gml="http://www.opengis.net/gml" xmlns:xlink="http://www.w3.org/1999/xlink" xmlns:xsi="http://www.w3.org/2001/XMLSchema-instance" xsi:schemaLocation="http://www.cgi-iugs.org/xml/GeoSciML/1 ../1.1.0/schema/GeoSciML.xsd">
  <!-- GSV Mount Leinster CompoundMaterials  -->
  <member>
    <CompoundMaterial gml:id="GSV1">
      <gml:description>grey, equigranular to strongly porphyritic in quartz and feldspar, miarolitic cavities often lined with smoky quartz</gml:description>
      <gml:name>Biotite Granite</gml:name>
	  <purpose>instance</purpose>
	  <classifier xlink:href="urn:x-cgi:def:material:GSV:2005:matLex1:BiotiteGranite"/>
      <color>
        <CGI_TermValue>
          <value codeSpace="http://www.iugs-cgi.org/colorVocabulary">grey</value>
        </CGI_TermValue>
      </color>
      <consolidationDegree>
        <CGI_TermValue>
          <value codeSpace="http://www.iugs-cgi.org/consolidationDegreeList">well indurated</value>
        </CGI_TermValue>
      </consolidationDegree>
      <metamorphicGrade>
        <CGI_TermValue>
          <value codeSpace="http://www.iugs-cgi.org/metamorphicGradeVocabulary">Not metamorphosed</value>
        </CGI_TermValue>
      </metamorphicGrade>
      <particleGeometry>
        <CGI_PhysicalDescription>
          <property codeSpace="http://www.iugs-cgi.org/physicalPropertyList">Grain size</property>
          <value>
            <CGI_TermValue>
              <value codeSpace="http://www.iugs-cgi.org/grainSizeVocabulary">coarse</value>
            </CGI_TermValue>
          </value>
        </CGI_PhysicalDescription>
      </particleGeometry>
      <fabric>
        <CGI_TermValue>
          <value codeSpace="http://www.iugs-cgi.org/fabricVocabulary">equigranular</value>
        </CGI_TermValue>
      </fabric>
      <grossChemistry>silicate-felsic</grossChemistry>
      <genesis>
        <CGI_TermValue>
          <value codeSpace="http://www.iugs-cgi.org/genesisVocabulary">Intrusive igneous</value>
        </CGI_TermValue>
      </genesis>
    </CompoundMaterial>
  </member>
  <!--   -->
  <member>
    <CompoundMaterial gml:id="GSV2">
      <gml:description>grey to pale grey, medium to coarse grained, equigranular, porphyritic to coarsely porphyritic; orthoclase phenocrysts</gml:description>
      <gml:name>Hornblende-biotite syenite</gml:name>
	  <purpose>instance</purpose>
	  <classifier xlink:href="urn:x-cgi:def:material:GSV:2005:matLex1:HornblendeBiotiteSyenite"/>
      <color>
        <CGI_TermValue>
          <value codeSpace="http://www.iugs-cgi.org/colorVocabulary">grey</value>
        </CGI_TermValue>
      </color>
      <color>
        <CGI_TermValue>
          <value codeSpace="http://www.iugs-cgi.org/colorVocabulary">pale grey</value>
        </CGI_TermValue>
      </color>
      <consolidationDegree>
        <CGI_TermValue>
          <value codeSpace="http://www.iugs-cgi.org/consolidationDegreeList">well indurated</value>
        </CGI_TermValue>
      </consolidationDegree>
      <metamorphicGrade>
        <CGI_TermValue>
          <value codeSpace="http://www.iugs-cgi.org/metamorphicGradeVocabulary">Not metamorphosed</value>
        </CGI_TermValue>
      </metamorphicGrade>
      <particleGeometry>
        <CGI_PhysicalDescription>
          <property codeSpace="http://www.iugs-cgi.org/physicalPropertyList">Grain size</property>
          <value>
            <CGI_TermRange>
              <lower>
                <CGI_TermValue>
                  <value codeSpace="http://www.iugs-cgi.org/grainSizeVocabulary">medium</value>
                </CGI_TermValue>
              </lower>
              <upper>
                <CGI_TermValue>
                  <value codeSpace="http://www.iugs-cgi.org/grainSizeVocabulary">coarse</value>
                </CGI_TermValue>
              </upper>
            </CGI_TermRange>
          </value>
        </CGI_PhysicalDescription>
      </particleGeometry>
      <fabric>
        <CGI_TermValue>
          <value codeSpace="http://www.iugs-cgi.org/fabricVocabulary">equigranular</value>
        </CGI_TermValue>
      </fabric>
      <fabric>
        <CGI_TermValue>
          <value codeSpace="http://www.iugs-cgi.org/fabricVocabulary">porphyritic</value>
        </CGI_TermValue>
      </fabric>
      <fabric>
        <CGI_TermValue>
          <value codeSpace="http://www.iugs-cgi.org/fabricVocabulary">coarsely porphyritic</value>
        </CGI_TermValue>
      </fabric>
      <grossChemistry>silicate-felsic</grossChemistry>
      <genesis>
        <CGI_TermValue>
          <value codeSpace="http://www.iugs-cgi.org/genesisVocabulary">Intrusive igneous</value>
        </CGI_TermValue>
      </genesis>
    </CompoundMaterial>
  </member>
  <!--   -->
  <member>
    <CompoundMaterial gml:id="GSV3">
      <gml:description>grey to pale orange, medium to coarse grained, equigranular</gml:description>
      <gml:name>Hornblende-biotite-pyroxene syenite</gml:name>
	  <purpose>instance</purpose>
	  <classifier xlink:href="urn:x-cgi:def:material:GSV:2005:matLex1:HornblendeBiotitePyroxeneSyenite"/>
      <color>
        <CGI_TermValue>
          <value codeSpace="http://www.iugs-cgi.org/colorVocabulary">grey</value>
        </CGI_TermValue>
      </color>
      <color>
        <CGI_TermValue>
          <value codeSpace="http://www.iugs-cgi.org/colorVocabulary">pale orange</value>
        </CGI_TermValue>
      </color>
      <consolidationDegree>
        <CGI_TermValue>
          <value codeSpace="http://www.iugs-cgi.org/consolidationDegreeList">well indurated</value>
        </CGI_TermValue>
      </consolidationDegree>
      <metamorphicGrade>
        <CGI_TermValue>
          <value codeSpace="http://www.iugs-cgi.org/metamorphicGradeVocabulary">Not metamorphosed</value>
        </CGI_TermValue>
      </metamorphicGrade>
      <particleGeometry>
        <CGI_PhysicalDescription>
          <property codeSpace="http://www.iugs-cgi.org/physicalPropertyList">Grain size</property>
          <value>
            <CGI_TermRange>
              <lower>
                <CGI_TermValue>
                  <value codeSpace="http://www.iugs-cgi.org/grainSizeVocabulary">medium</value>
                </CGI_TermValue>
              </lower>
              <upper>
                <CGI_TermValue>
                  <value codeSpace="http://www.iugs-cgi.org/grainSizeVocabulary">coarse</value>
                </CGI_TermValue>
              </upper>
            </CGI_TermRange>
          </value>
        </CGI_PhysicalDescription>
      </particleGeometry>
      <fabric>
        <CGI_TermValue>
          <value codeSpace="http://www.iugs-cgi.org/fabricVocabulary">equigranular</value>
        </CGI_TermValue>
      </fabric>
      <grossChemistry>silicate-felsic</grossChemistry>
      <genesis>
        <CGI_TermValue>
          <value codeSpace="http://www.iugs-cgi.org/genesisVocabulary">Intrusive igneous</value>
        </CGI_TermValue>
      </genesis>
    </CompoundMaterial>
  </member>
  <!--   -->
  <member>
    <CompoundMaterial gml:id="GSV4">
      <gml:description>grey to red, strongly porphyritic in quartz and feldspar, groundmass ranges from glassy to equigranular</gml:description>
      <gml:name>Granite</gml:name>
	  <purpose>instance</purpose>
	  <classifier xlink:href="urn:x-cgi:def:material:GSV:2005:matLex1:Granite"/>
      <color>
        <CGI_TermValue>
          <value codeSpace="http://www.iugs-cgi.org/colorVocabulary">grey</value>
        </CGI_TermValue>
      </color>
      <color>
        <CGI_TermValue>
          <value codeSpace="http://www.iugs-cgi.org/colorVocabulary">red</value>
        </CGI_TermValue>
      </color>
      <consolidationDegree>
        <CGI_TermValue>
          <value codeSpace="http://www.iugs-cgi.org/consolidationDegreeList">well indurated</value>
        </CGI_TermValue>
      </consolidationDegree>
      <metamorphicGrade>
        <CGI_TermValue>
          <value codeSpace="http://www.iugs-cgi.org/metamorphicGradeVocabulary">Not metamorphosed</value>
        </CGI_TermValue>
      </metamorphicGrade>
      <particleGeometry>
        <CGI_PhysicalDescription>
          <property codeSpace="http://www.iugs-cgi.org/physicalPropertyList">Grain size</property>
          <value>
            <CGI_TermRange>
              <lower>
                <CGI_TermValue>
                  <value codeSpace="http://www.iugs-cgi.org/grainSizeVocabulary">glassy</value>
                </CGI_TermValue>
              </lower>
              <upper>
                <CGI_TermValue>
                  <value codeSpace="http://www.iugs-cgi.org/grainSizeVocabulary">very fine</value>
                </CGI_TermValue>
              </upper>
            </CGI_TermRange>
          </value>
        </CGI_PhysicalDescription>
      </particleGeometry>
      <fabric>
        <CGI_TermValue>
          <value codeSpace="http://www.iugs-cgi.org/fabricVocabulary">coarsely porphyritic</value>
        </CGI_TermValue>
      </fabric>
      <grossChemistry>silicate-felsic</grossChemistry>
      <genesis>
        <CGI_TermValue>
          <value codeSpace="http://www.iugs-cgi.org/genesisVocabulary">Intrusive igneous</value>
        </CGI_TermValue>
      </genesis>
    </CompoundMaterial>
  </member>
  <!--   -->
  <member>
    <CompoundMaterial gml:id="GSV6">
      <gml:description>grey to dark grey, coarse grained, porphyritic in orthoclase</gml:description>
      <gml:name>Biotite-hornblende syenite</gml:name>
 	  <purpose>instance</purpose>
	  <classifier xlink:href="urn:x-cgi:def:material:GSV:2005:matLex1:BiotiteHornblendeSyenite"/>
     <color>
        <CGI_TermValue>
          <value codeSpace="http://www.iugs-cgi.org/colorVocabulary">grey</value>
        </CGI_TermValue>
      </color>
      <color>
        <CGI_TermValue>
          <value codeSpace="http://www.iugs-cgi.org/colorVocabulary">dark grey</value>
        </CGI_TermValue>
      </color>
      <consolidationDegree>
        <CGI_TermValue>
          <value codeSpace="http://www.iugs-cgi.org/consolidationDegreeList">well indurated</value>
        </CGI_TermValue>
      </consolidationDegree>
      <metamorphicGrade>
        <CGI_TermValue>
          <value codeSpace="http://www.iugs-cgi.org/metamorphicGradeVocabulary">Not metamorphosed</value>
        </CGI_TermValue>
      </metamorphicGrade>
      <particleGeometry>
        <CGI_PhysicalDescription>
          <property codeSpace="http://www.iugs-cgi.org/physicalPropertyList">Grain size</property>
          <value>
            <CGI_TermValue>
              <value codeSpace="http://www.iugs-cgi.org/grainSizeVocabulary">coarse</value>
            </CGI_TermValue>
          </value>
        </CGI_PhysicalDescription>
      </particleGeometry>
      <fabric>
        <CGI_TermValue>
          <value codeSpace="http://www.iugs-cgi.org/fabricVocabulary">porphyritic</value>
        </CGI_TermValue>
      </fabric>
      <grossChemistry>silicate-intermediate</grossChemistry>
      <genesis>
        <CGI_TermValue>
          <value codeSpace="http://www.iugs-cgi.org/genesisVocabulary">Intrusive igneous</value>
        </CGI_TermValue>
      </genesis>
    </CompoundMaterial>
  </member>
  <!--   -->
  <member>
    <CompoundMaterial gml:id="GSV7">
      <gml:description>Fine to medium grained, poorly sorted volcanoclastic sandstone with hornfels textures</gml:description>
      <gml:name>Volcanogenic sandstone</gml:name>
  	  <purpose>instance</purpose>
	  <classifier xlink:href="urn:x-cgi:def:material:GSV:2005:matLex1:Sandstone"/>
     <color/>
      <consolidationDegree>
        <CGI_TermValue>
          <value codeSpace="http://www.iugs-cgi.org/consolidationDegreeList">moderately indurated</value>
        </CGI_TermValue>
      </consolidationDegree>
      <metamorphicGrade>
        <CGI_TermValue>
          <value codeSpace="http://www.iugs-cgi.org/metamorphicGradeVocabulary">medium</value>
        </CGI_TermValue>
      </metamorphicGrade>
      <particleGeometry>
        <CGI_PhysicalDescription>
          <property codeSpace="http://www.iugs-cgi.org/physicalPropertyList">Grain size</property>
          <value>
            <CGI_TermRange>
              <lower>
                <CGI_TermValue>
                  <value codeSpace="http://www.iugs-cgi.org/grainSizeVocabulary">fine</value>
                </CGI_TermValue>
              </lower>
              <upper>
                <CGI_TermValue>
                  <value codeSpace="http://www.iugs-cgi.org/grainSizeVocabulary">medium</value>
                </CGI_TermValue>
              </upper>
            </CGI_TermRange>
          </value>
        </CGI_PhysicalDescription>
      </particleGeometry>
      <particleGeometry>
        <CGI_PhysicalDescription>
          <property codeSpace="http://www.iugs-cgi.org/physicalPropertyList">Grain shape</property>
          <value>
            <CGI_TermRange>
              <lower>
                <CGI_TermValue>
                  <value codeSpace="http://www.iugs-cgi.org/grainShapeVocabulary">angular</value>
                </CGI_TermValue>
              </lower>
              <upper>
                <CGI_TermValue>
                  <value codeSpace="http://www.iugs-cgi.org/grainShapeVocabulary">sub-rounded</value>
                </CGI_TermValue>
              </upper>
            </CGI_TermRange>
          </value>
        </CGI_PhysicalDescription>
      </particleGeometry>
      <particleGeometry>
        <CGI_PhysicalDescription>
          <property codeSpace="http://www.iugs-cgi.org/physicalPropertyList">Sorting</property>
          <value>
            <CGI_TermValue>
              <value codeSpace="http://www.iugs-cgi.org/grainSortingVocabulary">poorly</value>
            </CGI_TermValue>
          </value>
        </CGI_PhysicalDescription>
      </particleGeometry>
      <fabric/>
      <grossChemistry>silicate</grossChemistry>
      <genesis>
        <CGI_TermValue>
          <value codeSpace="http://www.iugs-cgi.org/genesisVocabulary">sedimentary</value>
        </CGI_TermValue>
      </genesis>
      <genesis>
        <CGI_TermValue>
          <value codeSpace="http://www.iugs-cgi.org/genesisVocabulary">contact metamorphic</value>
        </CGI_TermValue>
      </genesis>
    </CompoundMaterial>
  </member>
  <!--   -->
  <member>
    <CompoundMaterial gml:id="GSV8">
      <gml:description>Clast supported volcanoclastic conglomerate</gml:description>
      <gml:name>conglomerate</gml:name>
 	  <purpose>instance</purpose>
	  <classifier xlink:href="urn:x-cgi:def:material:GSV:2005:matLex1:Conglomerate"/>
      <color/>
      <consolidationDegree>
        <CGI_TermValue>
          <value codeSpace="http://www.iugs-cgi.org/consolidationDegreeList">moderately indurated</value>
        </CGI_TermValue>
      </consolidationDegree>
      <metamorphicGrade>
        <CGI_TermValue>
          <value codeSpace="http://www.iugs-cgi.org/metamorphicGradeVocabulary">medium</value>
        </CGI_TermValue>
      </metamorphicGrade>
      <particleGeometry>
        <CGI_PhysicalDescription>
          <property codeSpace="http://www.iugs-cgi.org/physicalPropertyList">Grain size</property>
          <value>
            <CGI_TermValue>
              <value codeSpace="http://www.iugs-cgi.org/grainSizeVocabulary">cobble</value>
            </CGI_TermValue>
          </value>
        </CGI_PhysicalDescription>
      </particleGeometry>
      <fabric>
        <CGI_TermValue>
          <value codeSpace="http://www.iugs-cgi.org/fabricVocabulary">clast supported</value>
        </CGI_TermValue>
      </fabric>
      <grossChemistry>silicate</grossChemistry>
      <genesis>
        <CGI_TermValue>
          <value codeSpace="http://www.iugs-cgi.org/genesisVocabulary">sedimentary</value>
        </CGI_TermValue>
      </genesis>
      <genesis>
        <CGI_TermValue>
          <value codeSpace="http://www.iugs-cgi.org/genesisVocabulary">contact metamorphic</value>
        </CGI_TermValue>
      </genesis>
    </CompoundMaterial>
  </member>
  <!--   -->
  <member>
    <CompoundMaterial gml:id="GSV9">
      <gml:description>dense, black, strongly porphyritic with feldspar phenocrysts in a dark groundmass</gml:description>
      <gml:name>Trachyte lava</gml:name>
 	  <purpose>instance</purpose>
	  <classifier xlink:href="urn:x-cgi:def:material:GSV:2005:matLex1:TrachyteLava"/>
      <color>
        <CGI_TermValue>
          <value codeSpace="http://www.iugs-cgi.org/colorVocabulary">black</value>
        </CGI_TermValue>
      </color>
      <consolidationDegree>
        <CGI_TermValue>
          <value codeSpace="http://www.iugs-cgi.org/consolidationDegreeList">well indurated</value>
        </CGI_TermValue>
      </consolidationDegree>
      <metamorphicGrade>
        <CGI_TermValue>
          <value codeSpace="http://www.iugs-cgi.org/metamorphicGradeVocabulary">Not specified</value>
        </CGI_TermValue>
      </metamorphicGrade>
      <particleGeometry/>
      <fabric>
        <CGI_TermValue>
          <value codeSpace="http://www.iugs-cgi.org/fabricVocabulary">porphyritic</value>
        </CGI_TermValue>
      </fabric>
      <grossChemistry>silicate-intermediate</grossChemistry>
      <genesis>
        <CGI_TermValue>
          <value codeSpace="http://www.iugs-cgi.org/genesisVocabulary">Extrusive igneous</value>
        </CGI_TermValue>
      </genesis>
    </CompoundMaterial>
  </member>
</Gsml>
