<?xml version="1.0" encoding="UTF-8"?>
<Gsml xmlns="http://www.cgi-iugs.org/xml/GeoSciML/1" xmlns:gml="http://www.opengis.net/gml" xmlns:xlink="http://www.w3.org/1999/xlink" xmlns:xsi="http://www.w3.org/2001/XMLSchema-instance"
      xsi:schemaLocation="http://www.cgi-iugs.org/xml/GeoSciML/1 ../1.1.0/schema/GeoSciML.xsd">
	<!-- Concepts  -->
	<member>
		<GeologicVocabulary gml:id="gsv1.0">
			<gml:description>A description of the form of a Geological Unit or Geological Structure.</gml:description>
			<gml:name>urn:x-cgi:lex:morphology:GSV:2005:morphology</gml:name>
			<gml:name>Morphology</gml:name>
			<member>
				<ControlledConcept gml:id="Morphology-1">
					<gml:description>the body of igneous rock formed by the process of emplacement of magma in pre-existing rock</gml:description>
					<gml:name>urn:x-cgi:def:morphology:GSV:2005:morphology:intrusion</gml:name>
					<preferredName>intrusion</preferredName>
					<prototype xlink:href="urn:x-ogc:def:nil:OGC:unknown"/>
					<vocabulary xlink:href="urn:x-cgi:lex:morphology:GSV:2005:morphology"/>
				</ControlledConcept>
			</member>
			<member>
				<ControlledConcept gml:id="Morphology-2">
					<gml:description>a deep-seated igneous intrusion</gml:description>
					<gml:name>urn:x-cgi:def:morphology:GSV:2005:morphology:pluton</gml:name>
					<preferredName>pluton</preferredName>
					<prototype xlink:href="urn:x-ogc:def:nil:OGC:unknown"/>
					<vocabulary xlink:href="urn:x-cgi:lex:morphology:GSV:2005:morphology"/>
				</ControlledConcept>
			</member>
			<member>
				<ControlledConcept gml:id="Morphology-3">
					<gml:description>concordant, flat-based, convex-up intrusion; shaped like a mushroom</gml:description>
					<gml:name>urn:x-cgi:def:morphology:GSV:2005:morphology:laccolith</gml:name>
					<preferredName>laccolith</preferredName>
					<prototype xlink:href="urn:x-ogc:def:nil:OGC:unknown"/>
					<vocabulary xlink:href="urn:x-cgi:lex:morphology:GSV:2005:morphology"/>
				</ControlledConcept>
			</member>
			<member>
				<ControlledConcept gml:id="Morphology-4">
					<gml:description>concordant, lenticular, emplaced along a fold axis</gml:description>
					<gml:name>urn:x-cgi:def:morphology:GSV:2005:morphology:phacolith</gml:name>
					<preferredName>phacolith</preferredName>
					<prototype xlink:href="urn:x-ogc:def:nil:OGC:unknown"/>
					<vocabulary xlink:href="urn:x-cgi:lex:morphology:GSV:2005:morphology"/>
				</ControlledConcept>
			</member>
			<member>
				<ControlledConcept gml:id="Morphology-5">
					<gml:description>phacolith with a vertical axis; indicates multiple deformations</gml:description>
					<gml:name>urn:x-cgi:def:morphology:GSV:2005:morphology:harpolith</gml:name>
					<preferredName>harpolith</preferredName>
					<prototype xlink:href="urn:x-ogc:def:nil:OGC:unknown"/>
					<vocabulary xlink:href="urn:x-cgi:lex:morphology:GSV:2005:morphology"/>
				</ControlledConcept>
			</member>
			<member>
				<ControlledConcept gml:id="Morphology-6">
					<gml:description>pluton so irregular as to defy description</gml:description>
					<gml:name>urn:x-cgi:def:morphology:GSV:2005:morphology:chonolith</gml:name>
					<preferredName>chonolith</preferredName>
					<prototype xlink:href="urn:x-ogc:def:nil:OGC:unknown"/>
					<vocabulary xlink:href="urn:x-cgi:lex:morphology:GSV:2005:morphology"/>
				</ControlledConcept>
			</member>
			<member>
				<ControlledConcept gml:id="Morphology-7">
					<gml:description>concordant, teardrop-shaped pluton in cross section</gml:description>
					<gml:name>urn:x-cgi:def:morphology:GSV:2005:morphology:ductolith</gml:name>
					<preferredName>ductolith</preferredName>
					<prototype xlink:href="urn:x-ogc:def:nil:OGC:unknown"/>
					<vocabulary xlink:href="urn:x-cgi:lex:morphology:GSV:2005:morphology"/>
				</ControlledConcept>
			</member>
			<member>
				<ControlledConcept gml:id="Morphology-8">
					<gml:description>wedge-like pluton, partly concordant, partly discordant</gml:description>
					<gml:name>urn:x-cgi:def:morphology:GSV:2005:morphology:sphenolith</gml:name>
					<preferredName>sphenolith</preferredName>
					<prototype xlink:href="urn:x-ogc:def:nil:OGC:unknown"/>
					<vocabulary xlink:href="urn:x-cgi:lex:morphology:GSV:2005:morphology"/>
				</ControlledConcept>
			</member>
			<member>
				<ControlledConcept gml:id="Morphology-9">
					<gml:description>obscurely cactus-shaped pluton -  A cactolith is a quasi-horizontal chonolith composed of anastamosing ductoliths whose distal ends curl like a harpolith, thin like a sphenolith, or bulge discordantly like an akmolith or ethmolith.
C.B. Hunt, Geology and geography of the Henry Mountains region, Utah, 1953</gml:description>
					<gml:name>urn:x-cgi:def:morphology:GSV:2005:morphology:cactolith</gml:name>
					<preferredName>cactolith</preferredName>
					<prototype xlink:href="urn:x-ogc:def:nil:OGC:unknown"/>
					<vocabulary xlink:href="urn:x-cgi:lex:morphology:GSV:2005:morphology"/>
				</ControlledConcept>
			</member>
			<member>
				<ControlledConcept gml:id="Morphology-10">
					<gml:description>intrusion along a decollement zone, with or without tonguelike extensions into the surrounding rock</gml:description>
					<gml:name>urn:x-cgi:def:morphology:GSV:2005:morphology:akmolith</gml:name>
					<preferredName>akmolith</preferredName>
					<prototype xlink:href="urn:x-ogc:def:nil:OGC:unknown"/>
					<vocabulary xlink:href="urn:x-cgi:lex:morphology:GSV:2005:morphology"/>
				</ControlledConcept>
			</member>
			<member>
				<ControlledConcept gml:id="Morphology-11">
					<gml:description>discordant, funnel-shaped pluton that tapers downward</gml:description>
					<gml:name>urn:x-cgi:def:morphology:GSV:2005:morphology:ethmolith</gml:name>
					<preferredName>ethmolith</preferredName>
					<prototype xlink:href="urn:x-ogc:def:nil:OGC:unknown"/>
					<vocabulary xlink:href="urn:x-cgi:lex:morphology:GSV:2005:morphology"/>
				</ControlledConcept>
			</member>
			<member>
				<ControlledConcept gml:id="Morphology-12">
					<gml:description>a large, concordant, typically layered igneous intrusion whose floor is convex-down and whose roof may be convex-down or flat; spoon-like shape</gml:description>
					<gml:name>urn:x-cgi:def:morphology:GSV:2005:morphology:lopolith</gml:name>
					<preferredName>lopolith</preferredName>
					<prototype xlink:href="urn:x-ogc:def:nil:OGC:unknown"/>
					<vocabulary xlink:href="urn:x-cgi:lex:morphology:GSV:2005:morphology"/>
				</ControlledConcept>
			</member>
			<member>
				<ControlledConcept gml:id="Morphology-13">
					<gml:description>a concentration of dykes</gml:description>
					<gml:name>urn:x-cgi:def:morphology:GSV:2005:morphology:dykeSwarm</gml:name>
					<gml:name>dike swarm</gml:name>
					<preferredName>dyke swarm</preferredName>
					<prototype xlink:href="urn:x-ogc:def:nil:OGC:unknown"/>
					<vocabulary xlink:href="urn:x-cgi:lex:morphology:GSV:2005:morphology"/>
				</ControlledConcept>
			</member>
			<member>
				<ControlledConcept gml:id="Morphology-14">
					<gml:description>discordant, vertical or steeply dipping tabular igneous intrusion; produced when magma is injected along fractures in host rock</gml:description>
					<gml:name>urn:x-cgi:def:morphology:GSV:2005:morphology:dyke</gml:name>
					<gml:name>dike</gml:name>
					<preferredName>dyke</preferredName>
					<prototype xlink:href="urn:x-ogc:def:nil:OGC:unknown"/>
					<vocabulary xlink:href="urn:x-cgi:lex:morphology:GSV:2005:morphology"/>
				</ControlledConcept>
			</member>
			<member>
				<ControlledConcept gml:id="Morphology-15">
					<gml:description>an association of ring dykes and cone sheets</gml:description>
					<gml:name>urn:x-cgi:def:morphology:GSV:2005:morphology:ringComplex</gml:name>
					<preferredName>ring complex</preferredName>
					<prototype xlink:href="urn:x-ogc:def:nil:OGC:unknown"/>
					<vocabulary xlink:href="urn:x-cgi:lex:morphology:GSV:2005:morphology"/>
				</ControlledConcept>
			</member>
			<member>
				<ControlledConcept gml:id="Morphology-16">
					<gml:description>an arcuate or subcircular dyke, generally associated with a volcanic centre</gml:description>
					<gml:name>urn:x-cgi:def:morphology:GSV:2005:morphology:ringDyke</gml:name>
					<preferredName>ring dyke</preferredName>
					<prototype xlink:href="urn:x-ogc:def:nil:OGC:unknown"/>
					<vocabulary xlink:href="urn:x-cgi:lex:morphology:GSV:2005:morphology"/>
				</ControlledConcept>
			</member>
			<member>
				<ControlledConcept gml:id="Morphology-17">
					<gml:description>an arcuate dyke that dips 30-45 degrees towards the centre of the arc; occur in concentric sets, presumably converging at a magmatic centre</gml:description>
					<gml:name>urn:x-cgi:def:morphology:GSV:2005:morphology:coneSheet</gml:name>
					<preferredName>cone sheet</preferredName>
					<prototype xlink:href="urn:x-ogc:def:nil:OGC:unknown"/>
					<vocabulary xlink:href="urn:x-cgi:lex:morphology:GSV:2005:morphology"/>
				</ControlledConcept>
			</member>
			<member>
				<ControlledConcept gml:id="Morphology-18">
					<gml:description>a volcanic conduit having the form of a crack or fissure</gml:description>
					<gml:name>urn:x-cgi:def:morphology:GSV:2005:morphology:igneousFissure</gml:name>
					<preferredName>igneous fissure</preferredName>
					<prototype xlink:href="urn:x-ogc:def:nil:OGC:unknown"/>
					<vocabulary xlink:href="urn:x-cgi:lex:morphology:GSV:2005:morphology"/>
				</ControlledConcept>
			</member>
			<member>
				<ControlledConcept gml:id="Morphology-19">
					<gml:description>a vertical conduit through the Earth's crust below a volcano, through which magmatic materials have passed; represents the upper part of the conduit connecting the volcanic vent with the underlying magma source</gml:description>
					<gml:name>urn:x-cgi:def:morphology:GSV:2005:morphology:pipe</gml:name>
					<preferredName>pipe</preferredName>
					<prototype xlink:href="urn:x-ogc:def:nil:OGC:unknown"/>
					<vocabulary xlink:href="urn:x-cgi:lex:morphology:GSV:2005:morphology"/>
				</ControlledConcept>
			</member>
			<member>
				<ControlledConcept gml:id="Morphology-20">
					<gml:description>a tabular igneous intrusion that parallels the bedding or foliation of the country rock</gml:description>
					<gml:name>urn:x-cgi:def:morphology:GSV:2005:morphology:sill</gml:name>
					<preferredName>sill</preferredName>
					<prototype xlink:href="urn:x-ogc:def:nil:OGC:unknown"/>
					<vocabulary xlink:href="urn:x-cgi:lex:morphology:GSV:2005:morphology"/>
				</ControlledConcept>
			</member>
			<member>
				<ControlledConcept gml:id="Morphology-21">
					<gml:description>A small, roughly equidimensional, discordant magma body with exposed surface area of less than 2km square</gml:description>
					<gml:name>urn:x-cgi:def:morphology:GSV:2005:morphology:stock</gml:name>
					<preferredName>stock</preferredName>
					<prototype xlink:href="urn:x-ogc:def:nil:OGC:unknown"/>
					<vocabulary xlink:href="urn:x-cgi:lex:morphology:GSV:2005:morphology"/>
				</ControlledConcept>
			</member>
			<member>
				<ControlledConcept gml:id="Morphology-22">
					<gml:description>tabular intrusion, concordant or slightly discordant</gml:description>
					<gml:name>urn:x-cgi:def:morphology:GSV:2005:morphology:sheet</gml:name>
					<preferredName>sheet</preferredName>
					<prototype xlink:href="urn:x-ogc:def:nil:OGC:unknown"/>
					<vocabulary xlink:href="urn:x-cgi:lex:morphology:GSV:2005:morphology"/>
				</ControlledConcept>
			</member>
			<member>
				<ControlledConcept gml:id="Morphology-23">
					<gml:description>a large upward projection of the roof of an igneous intrusion into the country rock above</gml:description>
					<gml:name>urn:x-cgi:def:morphology:GSV:2005:morphology:cupola</gml:name>
					<preferredName>cupola</preferredName>
					<prototype xlink:href="urn:x-ogc:def:nil:OGC:unknown"/>
					<vocabulary xlink:href="urn:x-cgi:lex:morphology:GSV:2005:morphology"/>
				</ControlledConcept>
			</member>
			<member>
				<ControlledConcept gml:id="Morphology-24">
					<gml:description>an offshoot from a larger intrusive body</gml:description>
					<gml:name>urn:x-cgi:def:morphology:GSV:2005:morphology:apophysis</gml:name>
					<preferredName>apophysis</preferredName>
					<prototype xlink:href="urn:x-ogc:def:nil:OGC:unknown"/>
					<vocabulary xlink:href="urn:x-cgi:lex:morphology:GSV:2005:morphology"/>
				</ControlledConcept>
			</member>
			<member>
				<ControlledConcept gml:id="Morphology-25">
					<gml:description>a downward projection of country rock into an igneous intrusion</gml:description>
					<gml:name>urn:x-cgi:def:morphology:GSV:2005:morphology:roofPendant</gml:name>
					<preferredName>roof pendant</preferredName>
					<prototype xlink:href="urn:x-ogc:def:nil:OGC:unknown"/>
					<vocabulary xlink:href="urn:x-cgi:lex:morphology:GSV:2005:morphology"/>
				</ControlledConcept>
			</member>
			<member>
				<ControlledConcept gml:id="Morphology-26">
					<gml:description>an upward projection of country rock into an igneous intrusion</gml:description>
					<gml:name>urn:x-cgi:def:morphology:GSV:2005:morphology:floorAscendant</gml:name>
					<preferredName>floor ascendant</preferredName>
					<prototype xlink:href="urn:x-ogc:def:nil:OGC:unknown"/>
					<vocabulary xlink:href="urn:x-cgi:lex:morphology:GSV:2005:morphology"/>
				</ControlledConcept>
			</member>
			<member>
				<ControlledConcept gml:id="Morphology-27">
					<gml:description>a vertically extensive body of country rock separating two intrusions or phases of an intrusion</gml:description>
					<gml:name>urn:x-cgi:def:morphology:GSV:2005:morphology:screen</gml:name>
					<preferredName>screen</preferredName>
					<prototype xlink:href="urn:x-ogc:def:nil:OGC:unknown"/>
					<vocabulary xlink:href="urn:x-cgi:lex:morphology:GSV:2005:morphology"/>
				</ControlledConcept>
			</member>
			<member>
				<ControlledConcept gml:id="Morphology-28">
					<gml:description>tabular body formed by lateral surficial outpouring of molten lava from a vent or fissure</gml:description>
					<gml:name>urn:x-cgi:def:morphology:GSV:2005:morphology:lavaFlow</gml:name>
					<preferredName>lava flow</preferredName>
					<prototype xlink:href="urn:x-ogc:def:nil:OGC:unknown"/>
					<vocabulary xlink:href="urn:x-cgi:lex:morphology:GSV:2005:morphology"/>
				</ControlledConcept>
			</member>
			<member>
				<ControlledConcept gml:id="Morphology-29">
					<gml:description>column of rock formed by the intersection of columnar joint sets during cooling of an igneous rock</gml:description>
					<gml:name>urn:x-cgi:def:morphology:GSV:2005:morphology:coolingColumn</gml:name>
					<preferredName>cooling column</preferredName>
					<prototype xlink:href="urn:x-ogc:def:nil:OGC:unknown"/>
					<vocabulary xlink:href="urn:x-cgi:lex:morphology:GSV:2005:morphology"/>
				</ControlledConcept>
			</member>
			<member>
				<ControlledConcept gml:id="Morphology-30">
					<gml:description>a low area in the Earth's crust in which sediments have accumulated</gml:description>
					<gml:name>urn:x-cgi:def:morphology:GSV:2005:morphology:basin</gml:name>
					<preferredName>basin</preferredName>
					<prototype xlink:href="urn:x-ogc:def:nil:OGC:unknown"/>
					<vocabulary xlink:href="urn:x-cgi:lex:morphology:GSV:2005:morphology"/>
				</ControlledConcept>
			</member>
			<member>
				<ControlledConcept gml:id="Morphology-31">
					<gml:description>elongate trough or basin bounded on both sides by normal faults that dip toward the interior of the trough</gml:description>
					<gml:name>urn:x-cgi:def:morphology:GSV:2005:morphology:graben</gml:name>
					<preferredName>graben</preferredName>
					<prototype xlink:href="urn:x-ogc:def:nil:OGC:unknown"/>
					<vocabulary xlink:href="urn:x-cgi:lex:morphology:GSV:2005:morphology"/>
				</ControlledConcept>
			</member>
			<member>
				<ControlledConcept gml:id="Morphology-32">
					<gml:description>elongate trough or basin bounded on one side by a normal fault</gml:description>
					<gml:name>urn:x-cgi:def:morphology:GSV:2005:morphology:halfGraben</gml:name>
					<preferredName>half-graben</preferredName>
					<prototype xlink:href="urn:x-ogc:def:nil:OGC:unknown"/>
					<vocabulary xlink:href="urn:x-cgi:lex:morphology:GSV:2005:morphology"/>
				</ControlledConcept>
			</member>
			<member>
				<ControlledConcept gml:id="Morphology-33">
					<gml:description>a long, narrow continental trough bounded by normal faults (a graben of regional extent); marks a zone along which the entire lithosphere has ruptured under extension</gml:description>
					<gml:name>urn:x-cgi:def:morphology:GSV:2005:morphology:rift</gml:name>
					<preferredName>rift</preferredName>
					<prototype xlink:href="urn:x-ogc:def:nil:OGC:unknown"/>
					<vocabulary xlink:href="urn:x-cgi:lex:morphology:GSV:2005:morphology"/>
				</ControlledConcept>
			</member>
			<member>
				<ControlledConcept gml:id="Morphology-34">
					<gml:description>topographic depression centred over an extensional bend or extensional step-over in strike slip fault</gml:description>
					<gml:name>urn:x-cgi:def:morphology:GSV:2005:morphology:pullApartBasin</gml:name>
					<preferredName>pull-apart basin</preferredName>
					<prototype xlink:href="urn:x-ogc:def:nil:OGC:unknown"/>
					<vocabulary xlink:href="urn:x-cgi:lex:morphology:GSV:2005:morphology"/>
				</ControlledConcept>
			</member>
			<member>
				<ControlledConcept gml:id="Morphology-35">
					<gml:description>a broad, shallow structural basin with gently sloping sides</gml:description>
					<gml:name>urn:x-cgi:def:morphology:GSV:2005:morphology:sag</gml:name>
					<preferredName>sag</preferredName>
					<prototype xlink:href="urn:x-ogc:def:nil:OGC:unknown"/>
					<vocabulary xlink:href="urn:x-cgi:lex:morphology:GSV:2005:morphology"/>
				</ControlledConcept>
			</member>
			<member>
				<ControlledConcept gml:id="Morphology-36">
					<gml:description>elongate block bounded on both sides by normal faults that dip away from the interior of the horst</gml:description>
					<gml:name>urn:x-cgi:def:morphology:GSV:2005:morphology:horst</gml:name>
					<preferredName>horst</preferredName>
					<prototype xlink:href="urn:x-ogc:def:nil:OGC:unknown"/>
					<vocabulary xlink:href="urn:x-cgi:lex:morphology:GSV:2005:morphology"/>
				</ControlledConcept>
			</member>
			<member>
				<ControlledConcept gml:id="Morphology-37">
					<gml:description>an epigenetic mineral filling of a fault or fracture in a host rock, in tabular or sheetlike form, often with associated host rock replacement</gml:description>
					<gml:name>urn:x-cgi:def:morphology:GSV:2005:morphology:vein</gml:name>
					<preferredName>vein</preferredName>
					<prototype xlink:href="urn:x-ogc:def:nil:OGC:unknown"/>
					<vocabulary xlink:href="urn:x-cgi:lex:morphology:GSV:2005:morphology"/>
				</ControlledConcept>
			</member>
			<member>
				<ControlledConcept gml:id="Morphology-38">
					<gml:description>layer of sediment or sedimentary rock bounded above and below by more or less well-defined bedding surfaces</gml:description>
					<gml:name>urn:x-cgi:def:morphology:GSV:2005:morphology:bed</gml:name>
					<preferredName>bed</preferredName>
					<prototype xlink:href="urn:x-ogc:def:nil:OGC:unknown"/>
					<vocabulary xlink:href="urn:x-cgi:lex:morphology:GSV:2005:morphology"/>
				</ControlledConcept>
			</member>
			<member>
				<ControlledConcept gml:id="Morphology-39">
					<gml:description>bounded by converging surfaces, at least one of which is curved, thick in the middle and thinning towards the edges</gml:description>
					<gml:name>urn:x-cgi:def:morphology:GSV:2005:morphology:lens</gml:name>
					<preferredName>lens</preferredName>
					<prototype xlink:href="urn:x-ogc:def:nil:OGC:unknown"/>
					<vocabulary xlink:href="urn:x-cgi:lex:morphology:GSV:2005:morphology"/>
				</ControlledConcept>
			</member>
			<member>
				<ControlledConcept gml:id="Morphology-40">
					<gml:description>sedimentary body in the shape of a wedge</gml:description>
					<gml:name>urn:x-cgi:def:morphology:GSV:2005:morphology:wedge</gml:name>
					<gml:name>clastic wedge</gml:name>
					<preferredName>wedge</preferredName>
					<prototype xlink:href="urn:x-ogc:def:nil:OGC:unknown"/>
					<vocabulary xlink:href="urn:x-cgi:lex:morphology:GSV:2005:morphology"/>
				</ControlledConcept>
			</member>
			<member>
				<ControlledConcept gml:id="Morphology-41">
					<gml:description>elongate lenticular or rodlike shaped body</gml:description>
					<gml:name>urn:x-cgi:def:morphology:GSV:2005:morphology:pod</gml:name>
					<preferredName>pod</preferredName>
					<prototype xlink:href="urn:x-ogc:def:nil:OGC:unknown"/>
					<vocabulary xlink:href="urn:x-cgi:lex:morphology:GSV:2005:morphology"/>
				</ControlledConcept>
			</member>
			<member>
				<ControlledConcept gml:id="Morphology-42">
					<gml:description>a gently sloping, fan-shaped mass forming a section of a very low cone</gml:description>
					<gml:name>urn:x-cgi:def:morphology:GSV:2005:morphology:fan</gml:name>
					<preferredName>fan</preferredName>
					<prototype xlink:href="urn:x-ogc:def:nil:OGC:unknown"/>
					<vocabulary xlink:href="urn:x-cgi:lex:morphology:GSV:2005:morphology"/>
				</ControlledConcept>
			</member>
			<member>
				<ControlledConcept gml:id="Morphology-43">
					<gml:description>an uplift or anticlinal structures in which the rocks dip gently away in all directions</gml:description>
					<gml:name>urn:x-cgi:def:morphology:GSV:2005:morphology:dome</gml:name>
					<preferredName>dome</preferredName>
					<prototype xlink:href="urn:x-ogc:def:nil:OGC:unknown"/>
					<vocabulary xlink:href="urn:x-cgi:lex:morphology:GSV:2005:morphology"/>
				</ControlledConcept>
			</member>
			<!-- hierarchical relations -->
			<member>
				<VocabRelation gml:id="gsv-1">
					<role codeSpace="http://www.iugs-cgi.org/vocabRelationList">child</role>
					<target xlink:href="Morphology-2"/>
					<source xlink:href="Morphology-1"/>
					<vocabulary xlink:href="urn:x-cgi:lex:morphology:GSV:2005:morphology"/>
				</VocabRelation>
			</member>
			<member>
				<VocabRelation gml:id="gsv-2">
					<role codeSpace="http://www.iugs-cgi.org/vocabRelationList">child</role>
					<target xlink:href="Morphology-3"/>
					<source xlink:href="Morphology-1"/>
					<vocabulary xlink:href="urn:x-cgi:lex:morphology:GSV:2005:morphology"/>
				</VocabRelation>
			</member>
			<member>
				<VocabRelation gml:id="gsv-3">
					<role codeSpace="http://www.iugs-cgi.org/vocabRelationList">child</role>
					<target xlink:href="Morphology-3"/>
					<source xlink:href="Morphology-2"/>
					<vocabulary xlink:href="urn:x-cgi:lex:morphology:GSV:2005:morphology"/>
				</VocabRelation>
			</member>
			<member>
				<VocabRelation gml:id="gsv-4">
					<role codeSpace="http://www.iugs-cgi.org/vocabRelationList">child</role>
					<target xlink:href="Morphology-4"/>
					<source xlink:href="Morphology-1"/>
					<vocabulary xlink:href="urn:x-cgi:lex:morphology:GSV:2005:morphology"/>
				</VocabRelation>
			</member>
			<member>
				<VocabRelation gml:id="gsv-5">
					<role codeSpace="http://www.iugs-cgi.org/vocabRelationList">child</role>
					<target xlink:href="Morphology-4"/>
					<source xlink:href="Morphology-2"/>
					<vocabulary xlink:href="urn:x-cgi:lex:morphology:GSV:2005:morphology"/>
				</VocabRelation>
			</member>
			<member>
				<VocabRelation gml:id="gsv-6">
					<role codeSpace="http://www.iugs-cgi.org/vocabRelationList">child</role>
					<target xlink:href="Morphology-5"/>
					<source xlink:href="Morphology-1"/>
					<vocabulary xlink:href="urn:x-cgi:lex:morphology:GSV:2005:morphology"/>
				</VocabRelation>
			</member>
			<member>
				<VocabRelation gml:id="gsv-7">
					<role codeSpace="http://www.iugs-cgi.org/vocabRelationList">child</role>
					<target xlink:href="Morphology-5"/>
					<source xlink:href="Morphology-2"/>
					<vocabulary xlink:href="urn:x-cgi:lex:morphology:GSV:2005:morphology"/>
				</VocabRelation>
			</member>
			<member>
				<VocabRelation gml:id="gsv-8">
					<role codeSpace="http://www.iugs-cgi.org/vocabRelationList">child</role>
					<target xlink:href="Morphology-5"/>
					<source xlink:href="Morphology-4"/>
					<vocabulary xlink:href="urn:x-cgi:lex:morphology:GSV:2005:morphology"/>
				</VocabRelation>
			</member>
			<member>
				<VocabRelation gml:id="gsv-9">
					<role codeSpace="http://www.iugs-cgi.org/vocabRelationList">child</role>
					<target xlink:href="Morphology-6"/>
					<source xlink:href="Morphology-1"/>
					<vocabulary xlink:href="urn:x-cgi:lex:morphology:GSV:2005:morphology"/>
				</VocabRelation>
			</member>
			<member>
				<VocabRelation gml:id="gsv-10">
					<role codeSpace="http://www.iugs-cgi.org/vocabRelationList">child</role>
					<target xlink:href="Morphology-6"/>
					<source xlink:href="Morphology-2"/>
					<vocabulary xlink:href="urn:x-cgi:lex:morphology:GSV:2005:morphology"/>
				</VocabRelation>
			</member>
			<member>
				<VocabRelation gml:id="gsv-11">
					<role codeSpace="http://www.iugs-cgi.org/vocabRelationList">child</role>
					<target xlink:href="Morphology-7"/>
					<source xlink:href="Morphology-1"/>
					<vocabulary xlink:href="urn:x-cgi:lex:morphology:GSV:2005:morphology"/>
				</VocabRelation>
			</member>
			<member>
				<VocabRelation gml:id="gsv-12">
					<role codeSpace="http://www.iugs-cgi.org/vocabRelationList">child</role>
					<target xlink:href="Morphology-7"/>
					<source xlink:href="Morphology-2"/>
					<vocabulary xlink:href="urn:x-cgi:lex:morphology:GSV:2005:morphology"/>
				</VocabRelation>
			</member>
			<member>
				<VocabRelation gml:id="gsv-13">
					<role codeSpace="http://www.iugs-cgi.org/vocabRelationList">child</role>
					<target xlink:href="Morphology-8"/>
					<source xlink:href="Morphology-1"/>
					<vocabulary xlink:href="urn:x-cgi:lex:morphology:GSV:2005:morphology"/>
				</VocabRelation>
			</member>
			<member>
				<VocabRelation gml:id="gsv-14">
					<role codeSpace="http://www.iugs-cgi.org/vocabRelationList">child</role>
					<target xlink:href="Morphology-8"/>
					<source xlink:href="Morphology-2"/>
					<vocabulary xlink:href="urn:x-cgi:lex:morphology:GSV:2005:morphology"/>
				</VocabRelation>
			</member>
			<member>
				<VocabRelation gml:id="gsv-15">
					<role codeSpace="http://www.iugs-cgi.org/vocabRelationList">child</role>
					<target xlink:href="Morphology-9"/>
					<source xlink:href="Morphology-1"/>
					<vocabulary xlink:href="urn:x-cgi:lex:morphology:GSV:2005:morphology"/>
				</VocabRelation>
			</member>
			<member>
				<VocabRelation gml:id="gsv-16">
					<role codeSpace="http://www.iugs-cgi.org/vocabRelationList">child</role>
					<target xlink:href="Morphology-9"/>
					<source xlink:href="Morphology-2"/>
					<vocabulary xlink:href="urn:x-cgi:lex:morphology:GSV:2005:morphology"/>
				</VocabRelation>
			</member>
			<member>
				<VocabRelation gml:id="gsv-17">
					<role codeSpace="http://www.iugs-cgi.org/vocabRelationList">child</role>
					<target xlink:href="Morphology-10"/>
					<source xlink:href="Morphology-1"/>
					<vocabulary xlink:href="urn:x-cgi:lex:morphology:GSV:2005:morphology"/>
				</VocabRelation>
			</member>
			<member>
				<VocabRelation gml:id="gsv-18">
					<role codeSpace="http://www.iugs-cgi.org/vocabRelationList">child</role>
					<target xlink:href="Morphology-10"/>
					<source xlink:href="Morphology-2"/>
					<vocabulary xlink:href="urn:x-cgi:lex:morphology:GSV:2005:morphology"/>
				</VocabRelation>
			</member>
			<member>
				<VocabRelation gml:id="gsv-19">
					<role codeSpace="http://www.iugs-cgi.org/vocabRelationList">child</role>
					<target xlink:href="Morphology-11"/>
					<source xlink:href="Morphology-1"/>
					<vocabulary xlink:href="urn:x-cgi:lex:morphology:GSV:2005:morphology"/>
				</VocabRelation>
			</member>
			<member>
				<VocabRelation gml:id="gsv-20">
					<role codeSpace="http://www.iugs-cgi.org/vocabRelationList">child</role>
					<target xlink:href="Morphology-11"/>
					<source xlink:href="Morphology-2"/>
					<vocabulary xlink:href="urn:x-cgi:lex:morphology:GSV:2005:morphology"/>
				</VocabRelation>
			</member>
			<member>
				<VocabRelation gml:id="gsv-21">
					<role codeSpace="http://www.iugs-cgi.org/vocabRelationList">child</role>
					<target xlink:href="Morphology-12"/>
					<source xlink:href="Morphology-1"/>
					<vocabulary xlink:href="urn:x-cgi:lex:morphology:GSV:2005:morphology"/>
				</VocabRelation>
			</member>
			<member>
				<VocabRelation gml:id="gsv-22">
					<role codeSpace="http://www.iugs-cgi.org/vocabRelationList">child</role>
					<target xlink:href="Morphology-12"/>
					<source xlink:href="Morphology-2"/>
					<vocabulary xlink:href="urn:x-cgi:lex:morphology:GSV:2005:morphology"/>
				</VocabRelation>
			</member>
			<member>
				<VocabRelation gml:id="gsv-23">
					<role codeSpace="http://www.iugs-cgi.org/vocabRelationList">child</role>
					<target xlink:href="Morphology-13"/>
					<source xlink:href="Morphology-1"/>
					<vocabulary xlink:href="urn:x-cgi:lex:morphology:GSV:2005:morphology"/>
				</VocabRelation>
			</member>
			<member>
				<VocabRelation gml:id="gsv-24">
					<role codeSpace="http://www.iugs-cgi.org/vocabRelationList">child</role>
					<target xlink:href="Morphology-14"/>
					<source xlink:href="Morphology-1"/>
					<vocabulary xlink:href="urn:x-cgi:lex:morphology:GSV:2005:morphology"/>
				</VocabRelation>
			</member>
			<member>
				<VocabRelation gml:id="gsv-25">
					<role codeSpace="http://www.iugs-cgi.org/vocabRelationList">child</role>
					<target xlink:href="Morphology-15"/>
					<source xlink:href="Morphology-1"/>
					<vocabulary xlink:href="urn:x-cgi:lex:morphology:GSV:2005:morphology"/>
				</VocabRelation>
			</member>
			<member>
				<VocabRelation gml:id="gsv-26">
					<role codeSpace="http://www.iugs-cgi.org/vocabRelationList">child</role>
					<target xlink:href="Morphology-16"/>
					<source xlink:href="Morphology-1"/>
					<vocabulary xlink:href="urn:x-cgi:lex:morphology:GSV:2005:morphology"/>
				</VocabRelation>
			</member>
			<member>
				<VocabRelation gml:id="gsv-27">
					<role codeSpace="http://www.iugs-cgi.org/vocabRelationList">child</role>
					<target xlink:href="Morphology-17"/>
					<source xlink:href="Morphology-1"/>
					<vocabulary xlink:href="urn:x-cgi:lex:morphology:GSV:2005:morphology"/>
				</VocabRelation>
			</member>
			<member>
				<VocabRelation gml:id="gsv-28">
					<role codeSpace="http://www.iugs-cgi.org/vocabRelationList">child</role>
					<target xlink:href="Morphology-18"/>
					<source xlink:href="Morphology-1"/>
					<vocabulary xlink:href="urn:x-cgi:lex:morphology:GSV:2005:morphology"/>
				</VocabRelation>
			</member>
			<member>
				<VocabRelation gml:id="gsv-29">
					<role codeSpace="http://www.iugs-cgi.org/vocabRelationList">child</role>
					<target xlink:href="Morphology-19"/>
					<source xlink:href="Morphology-1"/>
					<vocabulary xlink:href="urn:x-cgi:lex:morphology:GSV:2005:morphology"/>
				</VocabRelation>
			</member>
			<member>
				<VocabRelation gml:id="gsv-30">
					<role codeSpace="http://www.iugs-cgi.org/vocabRelationList">child</role>
					<target xlink:href="Morphology-20"/>
					<source xlink:href="Morphology-1"/>
					<vocabulary xlink:href="urn:x-cgi:lex:morphology:GSV:2005:morphology"/>
				</VocabRelation>
			</member>
			<member>
				<VocabRelation gml:id="gsv-31">
					<role codeSpace="http://www.iugs-cgi.org/vocabRelationList">child</role>
					<target xlink:href="Morphology-21"/>
					<source xlink:href="Morphology-1"/>
					<vocabulary xlink:href="urn:x-cgi:lex:morphology:GSV:2005:morphology"/>
				</VocabRelation>
			</member>
			<member>
				<VocabRelation gml:id="gsv-32">
					<role codeSpace="http://www.iugs-cgi.org/vocabRelationList">child</role>
					<target xlink:href="Morphology-22"/>
					<source xlink:href="Morphology-1"/>
					<vocabulary xlink:href="urn:x-cgi:lex:morphology:GSV:2005:morphology"/>
				</VocabRelation>
			</member>
			<member>
				<VocabRelation gml:id="gsv-33">
					<role codeSpace="http://www.iugs-cgi.org/vocabRelationList">child</role>
					<target xlink:href="Morphology-23"/>
					<source xlink:href="Morphology-1"/>
					<vocabulary xlink:href="urn:x-cgi:lex:morphology:GSV:2005:morphology"/>
				</VocabRelation>
			</member>
			<member>
				<VocabRelation gml:id="gsv-34">
					<role codeSpace="http://www.iugs-cgi.org/vocabRelationList">child</role>
					<target xlink:href="Morphology-24"/>
					<source xlink:href="Morphology-1"/>
					<vocabulary xlink:href="urn:x-cgi:lex:morphology:GSV:2005:morphology"/>
				</VocabRelation>
			</member>
			<member>
				<VocabRelation gml:id="gsv-35">
					<role codeSpace="http://www.iugs-cgi.org/vocabRelationList">child</role>
					<target xlink:href="Morphology-29"/>
					<source xlink:href="Morphology-28"/>
					<vocabulary xlink:href="urn:x-cgi:lex:morphology:GSV:2005:morphology"/>
				</VocabRelation>
			</member>
			<member>
				<VocabRelation gml:id="gsv-36">
					<role codeSpace="http://www.iugs-cgi.org/vocabRelationList">child</role>
					<target xlink:href="Morphology-31"/>
					<source xlink:href="Morphology-30"/>
					<vocabulary xlink:href="urn:x-cgi:lex:morphology:GSV:2005:morphology"/>
				</VocabRelation>
			</member>
			<member>
				<VocabRelation gml:id="gsv-37">
					<role codeSpace="http://www.iugs-cgi.org/vocabRelationList">child</role>
					<target xlink:href="Morphology-32"/>
					<source xlink:href="Morphology-30"/>
					<vocabulary xlink:href="urn:x-cgi:lex:morphology:GSV:2005:morphology"/>
				</VocabRelation>
			</member>
			<member>
				<VocabRelation gml:id="gsv-38">
					<role codeSpace="http://www.iugs-cgi.org/vocabRelationList">child</role>
					<target xlink:href="Morphology-32"/>
					<source xlink:href="Morphology-31"/>
					<vocabulary xlink:href="urn:x-cgi:lex:morphology:GSV:2005:morphology"/>
				</VocabRelation>
			</member>
			<member>
				<VocabRelation gml:id="gsv-39">
					<role codeSpace="http://www.iugs-cgi.org/vocabRelationList">child</role>
					<target xlink:href="Morphology-33"/>
					<source xlink:href="Morphology-30"/>
					<vocabulary xlink:href="urn:x-cgi:lex:morphology:GSV:2005:morphology"/>
				</VocabRelation>
			</member>
			<member>
				<VocabRelation gml:id="gsv-40">
					<role codeSpace="http://www.iugs-cgi.org/vocabRelationList">child</role>
					<target xlink:href="Morphology-33"/>
					<source xlink:href="Morphology-31"/>
					<vocabulary xlink:href="urn:x-cgi:lex:morphology:GSV:2005:morphology"/>
				</VocabRelation>
			</member>
			<member>
				<VocabRelation gml:id="gsv-41">
					<role codeSpace="http://www.iugs-cgi.org/vocabRelationList">child</role>
					<target xlink:href="Morphology-34"/>
					<source xlink:href="Morphology-30"/>
					<vocabulary xlink:href="urn:x-cgi:lex:morphology:GSV:2005:morphology"/>
				</VocabRelation>
			</member>
			<member>
				<VocabRelation gml:id="gsv-42">
					<role codeSpace="http://www.iugs-cgi.org/vocabRelationList">child</role>
					<target xlink:href="Morphology-35"/>
					<source xlink:href="Morphology-30"/>
					<vocabulary xlink:href="urn:x-cgi:lex:morphology:GSV:2005:morphology"/>
				</VocabRelation>
			</member>
			<member>
				<VocabRelation gml:id="gsv-43">
					<role codeSpace="http://www.iugs-cgi.org/vocabRelationList">child</role>
					<target xlink:href="Morphology-39"/>
					<source xlink:href="Morphology-38"/>
					<vocabulary xlink:href="urn:x-cgi:lex:morphology:GSV:2005:morphology"/>
				</VocabRelation>
			</member>
			<member>
				<VocabRelation gml:id="gsv-44">
					<role codeSpace="http://www.iugs-cgi.org/vocabRelationList">child</role>
					<target xlink:href="Morphology-40"/>
					<source xlink:href="Morphology-38"/>
					<vocabulary xlink:href="urn:x-cgi:lex:morphology:GSV:2005:morphology"/>
				</VocabRelation>
			</member>
		</GeologicVocabulary>
	</member>
</Gsml>