<?xml version="1.0" encoding="UTF-8"?>
<Gsml xmlns="http://www.cgi-iugs.org/xml/GeoSciML/1" xmlns:gml="http://www.opengis.net/gml" xmlns:xlink="http://www.w3.org/1999/xlink" xmlns:xsi="http://www.w3.org/2001/XMLSchema-instance" xsi:schemaLocation="http://www.cgi-iugs.org/xml/GeoSciML/1 ../1.1.0/schema/GeoSciML.xsd">
  <!-- Concepts  -->
  <member>
    <GeologicVocabulary gml:id="gsv1.0">
      <gml:description>Describes the nature of outcrops formed by a Geological Unit.</gml:description>
      <gml:name>urn:x-cgi:lex:outcrop:GSV:2005:outcropChar</gml:name>
      <gml:name>OutcropCharacter</gml:name>
      <member>
        <ControlledConcept gml:id="OutcropCharacter-1">
          <!-- simple in-line definition -->
          <gml:description>geological unit forms bouldery outcrops</gml:description>
          <gml:name>urn:x-cgi:def:outcrop:GSV:2005:outcropChar:bouldery</gml:name>
          <preferredName>bouldery</preferredName>
          <prototype xlink:href="urn:x-ogc:def:nil:OGC:unknown"/>
		  <vocabulary xlink:href="urn:x-cgi:lex:outcrop:GSV:2005:outcropChar"/>
        </ControlledConcept>
      </member>
      <member>
        <ControlledConcept gml:id="OutcropCharacter-2">
          <gml:description>outcrops of geological unit form cliffs</gml:description>
          <gml:name>urn:x-cgi:def:outcrop:GSV:2005:outcropChar:cliffForming</gml:name>
          <preferredName>cliff-forming</preferredName>
          <prototype xlink:href="urn:x-ogc:def:nil:OGC:unknown"/>
		  <vocabulary xlink:href="urn:x-cgi:lex:outcrop:GSV:2005:outcropChar"/>
        </ControlledConcept>
      </member>
      <member>
        <ControlledConcept gml:id="OutcropCharacter-3">
          <gml:description>outcrops of geological unit form ledges</gml:description>
          <gml:name>urn:x-cgi:def:outcrop:GSV:2005:outcropChar:ledgeForming</gml:name>
          <preferredName>ledge-forming</preferredName>
          <prototype xlink:href="urn:x-ogc:def:nil:OGC:unknown"/>
		  <vocabulary xlink:href="urn:x-cgi:lex:outcrop:GSV:2005:outcropChar"/>
        </ControlledConcept>
      </member>
      <member>
        <ControlledConcept gml:id="OutcropCharacter-4">
          <gml:description>outcrops of geological unit form slopes</gml:description>
          <gml:name>urn:x-cgi:def:outcrop:GSV:2005:outcropChar:slopeForming</gml:name>
          <preferredName>slope-forming</preferredName>
          <prototype xlink:href="urn:x-ogc:def:nil:OGC:unknown"/>
		  <vocabulary xlink:href="urn:x-cgi:lex:outcrop:GSV:2005:outcropChar"/>
        </ControlledConcept>
      </member>
      <member>
        <ControlledConcept gml:id="OutcropCharacter-5">
          <gml:description>outcrops of geological unit are recessive relative to adjacent units</gml:description>
          <gml:name>urn:x-cgi:def:outcrop:GSV:2005:outcropChar:recessive</gml:name>
          <preferredName>recessive</preferredName>
          <prototype xlink:href="urn:x-ogc:def:nil:OGC:unknown"/>
		  <vocabulary xlink:href="urn:x-cgi:lex:outcrop:GSV:2005:outcropChar"/>
        </ControlledConcept>
      </member>
      <member>
        <ControlledConcept gml:id="OutcropCharacter-6">
          <gml:description>applied to lava flows that have a surface of angular blocks; fragments more regular, smoother and less vesicular than aa</gml:description>
          <gml:name>urn:x-cgi:def:outcrop:GSV:2005:outcropChar:blocky</gml:name>
          <preferredName>blocky</preferredName>
          <prototype xlink:href="urn:x-ogc:def:nil:OGC:unknown"/>
		  <vocabulary xlink:href="urn:x-cgi:lex:outcrop:GSV:2005:outcropChar"/>
        </ControlledConcept>
      </member>
      <member>
        <ControlledConcept gml:id="OutcropCharacter-7">
          <gml:description>geological unit is poorly exposed</gml:description>
          <gml:name>urn:x-cgi:def:outcrop:GSV:2005:outcropChar:poorlyExposed</gml:name>
          <preferredName>poorly exposed</preferredName>
          <prototype xlink:href="urn:x-ogc:def:nil:OGC:unknown"/>
		  <vocabulary xlink:href="urn:x-cgi:lex:outcrop:GSV:2005:outcropChar"/>
        </ControlledConcept>
      </member>
    </GeologicVocabulary>
  </member>
</Gsml>
