<?xml version="1.0"?>
<SensorML xmlns="http://www.opengis.net/sensorML/1.0" xmlns:xsi="http://www.w3.org/2001/XMLSchema-instance" xmlns:swe="http://www.opengis.net/swe/1.0" xmlns:gml="http://www.opengis.net/gml" xmlns:xlink="http://www.w3.org/1999/xlink" xsi:schemaLocation="http://www.opengis.net/sensorML/1.0 ../../base/sensorML.xsd" version="1.0">
    <member xlink:role="detector">
        <Component>
            <gml:name>Cam 211</gml:name>
            <position name="webCamPosition">
                <swe:Position>
                    <swe:location>
                        <swe:Vector referenceFrame="wgs84">
                            <swe:coordinate name="latitude">
                                <swe:Quantity>
                                    <swe:uom code="deg"/>
                                    <swe:value></swe:value>
                                </swe:Quantity>
                            </swe:coordinate>
                            <swe:coordinate name="longitude">
                                <swe:Quantity>
                                    <swe:uom code="deg"/>
                                    <swe:value></swe:value>
                                </swe:Quantity>
                            </swe:coordinate>
                        </swe:Vector>
                    </swe:location>
                </swe:Position>
            </position>
        </Component>
    </member>
</SensorML>            
            