<?xml version="1.0" encoding="UTF-8"?>
<gsmlb:ShearDisplacementStructure xmlns:xlink="http://www.w3.org/1999/xlink"
 xmlns:gsr="http://www.isotc211.org/2005/gsr"
 xmlns:gco="http://www.isotc211.org/2005/gco"
 xmlns:gts="http://www.isotc211.org/2005/gts"
 xmlns:gss="http://www.isotc211.org/2005/gss"
 xmlns:gmd="http://www.isotc211.org/2005/gmd"
 xmlns:gml="http://www.opengis.net/gml/3.2"
 xmlns:om="http://www.opengis.net/om/2.0"
 xmlns:swe="http://www.opengis.net/swe/2.0"
 xmlns:gmlexr="http://www.opengis.net/gml/3.3/exr"
 xmlns:sam="http://www.opengis.net/sampling/2.0"
 xmlns:gsmlb="http://xmlns.geosciml.org/GeoSciML-Basic/4.1"
 xmlns:xsi="http://www.w3.org/2001/XMLSchema-instance"
 xsi:schemaLocation="http://xmlns.geosciml.org/GeoSciML-Basic/4.1 ../schemas/geoSciMLBasic.xsd"
 gml:id="FAULT_ID_1">
 <gml:identifier codeSpace="http://data.bgs.ac.uk/">http://data.bgs.ac.uk/ref/625KGeologyMap/Fault/bgsn_digmap20111213000010000_625k</gml:identifier>
 <gml:name>UNNAMED FAULT</gml:name>
 <gsmlb:purpose>typicalNorm</gsmlb:purpose>
 <!--  -->
 <!-- The GeologicAge is provided by a relationship to a GeologicEvent -->
 <!--  -->
 <gsmlb:geologicHistory>
  <gsmlb:GeologicEvent gml:id="EVENT_2">
   <gml:name>UNNAMED EVENT</gml:name>
   <gsmlb:eventProcess
    xlink:href="http://inspire.ec.europa.eu/codelist/EventProcessValue/faulting"
    xlink:title="faulting"/>
   <gsmlb:olderNamedAge
    xlink:href="http://inspire.ec.europa.eu/codelist/GeochronologicEraValue/tournaisian"
    xlink:title="Tournaisian"/>
   <gsmlb:youngerNamedAge
    xlink:href="http://inspire.ec.europa.eu/codelist/GeochronologicEraValue/tournaisian"
    xlink:title="Tournaisian"/>
   <gsmlb:eventEnvironment>
    <swe:Category
     definition="http://inspire.ec.europa.eu/codelist/EventEnvironmentValue">
     <swe:extension>
      <swe:Category
       definition="http://resource.geosciml.org/classifierscheme/cgi/201211/valuequalifier">
       <swe:identifier>http://resource.geosciml.org/classifier/cgi/valuequalifier/always</swe:identifier>
       <swe:label>always</swe:label>
       <swe:codeSpace
        xlink:href="http://resource.geosciml.org/classifierscheme/cgi/201211/valuequalifier"
       />
      </swe:Category>
     </swe:extension>
     <swe:identifier>http://inspire.ec.europa.eu/codelist/EventEnvironmentValue/crustalSetting</swe:identifier>
     <swe:label>crustal setting</swe:label>
     <swe:codeSpace
      xlink:href="http://inspire.ec.europa.eu/codelist/EventEnvironmentValue"/>
    </swe:Category>
   </gsmlb:eventEnvironment>
  </gsmlb:GeologicEvent>
 </gsmlb:geologicHistory>
 <gsmlb:faultType
  xlink:href="http://inspire.ec.europa.eu/codelist/FaultTypeValue/normalFault"
  xlink:title="normal fault"/>
</gsmlb:ShearDisplacementStructure>
