<?xml version="1.0" encoding="UTF-8"?>
<cv:CV_DiscreteCoverage gml:id="dc3" xmlns:cv="http://www.opengis.net/cv/0.0" xmlns:xsi="http://www.w3.org/2001/XMLSchema-instance" xmlns:xlink="http://www.w3.org/1999/xlink" xmlns:gml="http://www.opengis.net/gml"
                        xsi:schemaLocation="http://www.opengis.net/cv/0.0 ../cv.xsd">
	<cv:domainExtent>
		<gml:TimePeriod>
			<gml:beginPosition>2005-06-17T09:00:00.00+08:00</gml:beginPosition>
			<gml:endPosition>2005-06-21T09:00:00.00+08:00</gml:endPosition>
		</gml:TimePeriod>
	</cv:domainExtent>
	<cv:rangeType xsi:type="gml:ReferenceType" xlink:href="urn:x-ogc:def:recordType:NASA:TM7"/>
	<cv:element>
		<cv:CV_GeometryValuePair>
			<cv:geometry>
				<cv:CV_DomainObject>
					<cv:spatialElement xlink:href="./foi.xml#st1"/>
					<cv:temporalElement xlink:href="./toi.xml#ti1"/>
				</cv:CV_DomainObject>
			</cv:geometry>
			<cv:value>
				<cv:Record RS="urn:x-ogc:def:recordType:NASA:TM7" fieldCount="7">
					<cv:field>						<cv:Item>9</cv:Item>					</cv:field>
					<cv:field>						<cv:Item>8</cv:Item>					</cv:field>
					<cv:field>						<cv:Item>7</cv:Item>					</cv:field>
					<cv:field>						<cv:Item>6</cv:Item>					</cv:field>
					<cv:field>						<cv:Item>5</cv:Item>					</cv:field>
					<cv:field>						<cv:Item>4</cv:Item>					</cv:field>
					<cv:field>						<cv:Item>3</cv:Item>					</cv:field>
				</cv:Record>
			</cv:value>
		</cv:CV_GeometryValuePair>
	</cv:element>
	<cv:element>
		<cv:CV_GeometryValuePair>
			<cv:geometry>
				<cv:CV_DomainObject>
					<cv:spatialElement xlink:href="./foi.xml#st3"/>
					<cv:temporalElement xlink:href="./toi.xml#ti1"/>
				</cv:CV_DomainObject>
			</cv:geometry>
			<cv:value>
				<cv:Record>
					<cv:field>						<cv:Item>1</cv:Item>					</cv:field>
					<cv:field>						<cv:Item>2</cv:Item>					</cv:field>
					<cv:field>						<cv:Item>3</cv:Item>					</cv:field>
					<cv:field>						<cv:Item>4</cv:Item>					</cv:field>
					<cv:field>						<cv:Item>5</cv:Item>					</cv:field>
					<cv:field>						<cv:Item>6</cv:Item>					</cv:field>
					<cv:field>						<cv:Item>7</cv:Item>					</cv:field>
				</cv:Record>
			</cv:value>
		</cv:CV_GeometryValuePair>
	</cv:element>
	<cv:element>
		<cv:CV_GeometryValuePair>
			<cv:geometry>
				<cv:CV_DomainObject>
					<cv:spatialElement xlink:href="./foi.xml#st2"/>
					<cv:temporalElement xlink:href="./toi.xml#ti1"/>
				</cv:CV_DomainObject>
			</cv:geometry>
			<cv:value>
				<cv:Record>
					<cv:field>						<cv:Item>1</cv:Item>					</cv:field>
					<cv:field>						<cv:Item>9</cv:Item>					</cv:field>
					<cv:field>						<cv:Item>2</cv:Item>					</cv:field>
					<cv:field>						<cv:Item>8</cv:Item>					</cv:field>
					<cv:field>						<cv:Item>3</cv:Item>					</cv:field>
					<cv:field>						<cv:Item>7</cv:Item>					</cv:field>
					<cv:field>						<cv:Item>4</cv:Item>					</cv:field>
				</cv:Record>
			</cv:value>
		</cv:CV_GeometryValuePair>
	</cv:element>
	<cv:element>
		<cv:CV_GeometryValuePair>
			<cv:geometry>
				<cv:CV_DomainObject>
					<cv:spatialElement xlink:href="./foi.xml#st4"/>
					<cv:temporalElement xlink:href="./toi.xml#ti1"/>
				</cv:CV_DomainObject>
			</cv:geometry>
			<cv:value>
				<cv:Record>
					<cv:field>						<cv:Item>5</cv:Item>					</cv:field>
					<cv:field>						<cv:Item>6</cv:Item>					</cv:field>
					<cv:field>						<cv:Item>3</cv:Item>					</cv:field>
					<cv:field>						<cv:Item>7</cv:Item>					</cv:field>
					<cv:field>						<cv:Item>2</cv:Item>					</cv:field>
					<cv:field>						<cv:Item>8</cv:Item>					</cv:field>
					<cv:field>						<cv:Item>1</cv:Item>					</cv:field>
				</cv:Record>
			</cv:value>
		</cv:CV_GeometryValuePair>
	</cv:element>
	<cv:element>
		<cv:CV_GeometryValuePair>
			<cv:geometry>
				<cv:CV_DomainObject>
					<cv:spatialElement xlink:href="./foi.xml#st1"/>
					<cv:temporalElement xlink:href="./toi.xml#ti3"/>
				</cv:CV_DomainObject>
			</cv:geometry>
			<cv:value>
				<cv:Record>
					<cv:field>						<cv:Item>9</cv:Item>					</cv:field>
					<cv:field>						<cv:Item>8</cv:Item>					</cv:field>
					<cv:field>						<cv:Item>7</cv:Item>					</cv:field>
					<cv:field>						<cv:Item>6</cv:Item>					</cv:field>
					<cv:field>						<cv:Item>5</cv:Item>					</cv:field>
					<cv:field>						<cv:Item>4</cv:Item>					</cv:field>
					<cv:field>						<cv:Item>3</cv:Item>					</cv:field>
				</cv:Record>
			</cv:value>
		</cv:CV_GeometryValuePair>
	</cv:element>
	<cv:element>
		<cv:CV_GeometryValuePair>
			<cv:geometry>
				<cv:CV_DomainObject>
					<cv:spatialElement xlink:href="./foi.xml#st3"/>
					<cv:temporalElement xlink:href="./toi.xml#ti3"/>
				</cv:CV_DomainObject>
			</cv:geometry>
			<cv:value>
				<cv:Record>
					<cv:field>						<cv:Item>1</cv:Item>					</cv:field>
					<cv:field>						<cv:Item>2</cv:Item>					</cv:field>
					<cv:field>						<cv:Item>3</cv:Item>					</cv:field>
					<cv:field>						<cv:Item>4</cv:Item>					</cv:field>
					<cv:field>						<cv:Item>5</cv:Item>					</cv:field>
					<cv:field>						<cv:Item>6</cv:Item>					</cv:field>
					<cv:field>						<cv:Item>7</cv:Item>					</cv:field>
				</cv:Record>
			</cv:value>
		</cv:CV_GeometryValuePair>
	</cv:element>
	<cv:element>
		<cv:CV_GeometryValuePair>
			<cv:geometry>
				<cv:CV_DomainObject>
					<cv:spatialElement xlink:href="./foi.xml#st2"/>
					<cv:temporalElement xlink:href="./toi.xml#ti3"/>
				</cv:CV_DomainObject>
			</cv:geometry>
			<cv:value>
				<cv:Record>
					<cv:field>						<cv:Item>1</cv:Item>					</cv:field>
					<cv:field>						<cv:Item>9</cv:Item>					</cv:field>
					<cv:field>						<cv:Item>2</cv:Item>					</cv:field>
					<cv:field>						<cv:Item>8</cv:Item>					</cv:field>
					<cv:field>						<cv:Item>3</cv:Item>					</cv:field>
					<cv:field>						<cv:Item>7</cv:Item>					</cv:field>
					<cv:field>						<cv:Item>4</cv:Item>					</cv:field>
				</cv:Record>
			</cv:value>
		</cv:CV_GeometryValuePair>
	</cv:element>
	<cv:element>
		<cv:CV_GeometryValuePair>
			<cv:geometry>
				<cv:CV_DomainObject>
					<cv:spatialElement xlink:href="./foi.xml#st4"/>
					<cv:temporalElement xlink:href="./toi.xml#ti3"/>
				</cv:CV_DomainObject>
			</cv:geometry>
			<cv:value>
				<cv:Record>
					<cv:field>						<cv:Item>5</cv:Item>					</cv:field>
					<cv:field>						<cv:Item>6</cv:Item>					</cv:field>
					<cv:field>						<cv:Item>3</cv:Item>					</cv:field>
					<cv:field>						<cv:Item>7</cv:Item>					</cv:field>
					<cv:field>						<cv:Item>2</cv:Item>					</cv:field>
					<cv:field>						<cv:Item>8</cv:Item>					</cv:field>
					<cv:field>						<cv:Item>1</cv:Item>					</cv:field>
				</cv:Record>
			</cv:value>
		</cv:CV_GeometryValuePair>
	</cv:element>
	<cv:element>
		<cv:CV_GeometryValuePair>
			<cv:geometry>
				<cv:CV_DomainObject>
					<cv:spatialElement xlink:href="./foi.xml#st1"/>
					<cv:temporalElement xlink:href="./toi.xml#ti5"/>
				</cv:CV_DomainObject>
			</cv:geometry>
			<cv:value>
				<cv:Record>
					<cv:field>						<cv:Item>9</cv:Item>					</cv:field>
					<cv:field>						<cv:Item>8</cv:Item>					</cv:field>
					<cv:field>						<cv:Item>7</cv:Item>					</cv:field>
					<cv:field>						<cv:Item>6</cv:Item>					</cv:field>
					<cv:field>						<cv:Item>5</cv:Item>					</cv:field>
					<cv:field>						<cv:Item>4</cv:Item>					</cv:field>
					<cv:field>						<cv:Item>3</cv:Item>					</cv:field>
				</cv:Record>
			</cv:value>
		</cv:CV_GeometryValuePair>
	</cv:element>
	<cv:element>
		<cv:CV_GeometryValuePair>
			<cv:geometry>
				<cv:CV_DomainObject>
					<cv:spatialElement xlink:href="./foi.xml#st3"/>
					<cv:temporalElement xlink:href="./toi.xml#ti5"/>
				</cv:CV_DomainObject>
			</cv:geometry>
			<cv:value>
				<cv:Record>
					<cv:field>						<cv:Item>1</cv:Item>					</cv:field>
					<cv:field>						<cv:Item>2</cv:Item>					</cv:field>
					<cv:field>						<cv:Item>3</cv:Item>					</cv:field>
					<cv:field>						<cv:Item>4</cv:Item>					</cv:field>
					<cv:field>						<cv:Item>5</cv:Item>					</cv:field>
					<cv:field>						<cv:Item>6</cv:Item>					</cv:field>
					<cv:field>						<cv:Item>7</cv:Item>					</cv:field>
				</cv:Record>
			</cv:value>
		</cv:CV_GeometryValuePair>
	</cv:element>
	<cv:element>
		<cv:CV_GeometryValuePair>
			<cv:geometry>
				<cv:CV_DomainObject>
					<cv:spatialElement xlink:href="./foi.xml#st2"/>
					<cv:temporalElement xlink:href="./toi.xml#ti5"/>
				</cv:CV_DomainObject>
			</cv:geometry>
			<cv:value>
				<cv:Record>
					<cv:field>						<cv:Item>1</cv:Item>					</cv:field>
					<cv:field>						<cv:Item>9</cv:Item>					</cv:field>
					<cv:field>						<cv:Item>2</cv:Item>					</cv:field>
					<cv:field>						<cv:Item>8</cv:Item>					</cv:field>
					<cv:field>						<cv:Item>3</cv:Item>					</cv:field>
					<cv:field>						<cv:Item>7</cv:Item>					</cv:field>
					<cv:field>						<cv:Item>4</cv:Item>					</cv:field>
				</cv:Record>
			</cv:value>
		</cv:CV_GeometryValuePair>
	</cv:element>
	<cv:element>
		<cv:CV_GeometryValuePair>
			<cv:geometry>
				<cv:CV_DomainObject>
					<cv:spatialElement xlink:href="./foi.xml#st4"/>
					<cv:temporalElement xlink:href="./toi.xml#ti5"/>
				</cv:CV_DomainObject>
			</cv:geometry>
			<cv:value>
				<cv:Record>
					<cv:field>						<cv:Item>5</cv:Item>					</cv:field>
					<cv:field>						<cv:Item>6</cv:Item>					</cv:field>
					<cv:field>						<cv:Item>3</cv:Item>					</cv:field>
					<cv:field>						<cv:Item>7</cv:Item>					</cv:field>
					<cv:field>						<cv:Item>2</cv:Item>					</cv:field>
					<cv:field>						<cv:Item>8</cv:Item>					</cv:field>
					<cv:field>						<cv:Item>1</cv:Item>					</cv:field>
				</cv:Record>
			</cv:value>
		</cv:CV_GeometryValuePair>
	</cv:element>
</cv:CV_DiscreteCoverage>