<?xml version="1.0" encoding="UTF-8"?>
<sml:SensorML xmlns:sml="http://www.opengis.net/sensorML/1.0" xmlns:swe="http://www.opengis.net/swe/1.0" xmlns:gml="http://www.opengis.net/gml" xmlns:xlink="http://www.w3.org/1999/xlink" xmlns:xsi="http://www.w3.org/2001/XMLSchema-instance"
    xsi:schemaLocation="http://www.opengis.net/sensorML/1.0 ../base/sensorML.xsd" version="1.0">
    <sml:member>
	    <sml:ProcessModel gml:id="RPC_PROCESS">
			<sml:inputs>
				<sml:InputList>
				    <sml:input name="target_location">
				        <swe:Vector definition="urn:ogc:def:data:locationVector" referenceFrame="urn:ogc:crs:epsg4329">
				            <swe:coordinate name="x">
				                <swe:Quantity definition="urn:x-ogc:def:phenomenon:distance">
				                	<swe:uom code="m"/>
			                	</swe:Quantity>
				            </swe:coordinate>
				            <swe:coordinate name="y">
				                <swe:Quantity definition="urn:x-ogc:def:phenomenon:distance">
				                	<swe:uom code="m"/>
			                	</swe:Quantity>
				            </swe:coordinate>
				            <swe:coordinate name="z">
				                <swe:Quantity definition="urn:x-ogc:def:phenomenon:distance">
				                	<swe:uom code="m"/>
			                	</swe:Quantity>
				            </swe:coordinate>
				        </swe:Vector>
					</sml:input>				
				</sml:InputList>
			</sml:inputs>
			<sml:outputs>
				<sml:OutputList>
					<sml:output name="image_location">
						<swe:Vector definition="urn:x-ogc:def:data:locationVector" referenceFrame="urn:x-ogc:crs:image">
						    <swe:coordinate name="x">
						        <swe:Quantity definition="urn:x-ogc:def:property:decimalPixel">
				                	<swe:uom xlink:href="urn:x-ogc:def:property:pixel"/>
			                	</swe:Quantity>
						    </swe:coordinate>
						    <swe:coordinate name="y">
						        <swe:Quantity definition="urn:x-ogc:def:property:decimalPixel">
				                	<swe:uom xlink:href="urn:x-ogc:def:property:pixel"/>
			                	</swe:Quantity>
						    </swe:coordinate>
						</swe:Vector>
					</sml:output>
				</sml:OutputList>
			</sml:outputs>
			<!--~~~~~~~~~~~~~~~~~~~~~~~~~~-->
			<!--Sensor taskable Parameters-->
			<!--~~~~~~~~~~~~~~~~~~~~~~~~~~-->
			<sml:parameters>
				<sml:ParameterList>
					<sml:parameter name="time">
						<swe:Time>
							<swe:value>2004-04-30T12:31:02</swe:value>
						</swe:Time>
					</sml:parameter>
					<sml:parameter name="image_x_offset">
						<swe:Quantity>
							<swe:value>6327.0</swe:value>
						</swe:Quantity>
					</sml:parameter>
					<sml:parameter name="image_x_scale">
						<swe:Quantity>
							<swe:value>6960.0</swe:value>
						</swe:Quantity>
					</sml:parameter>
					<sml:parameter name="image_y_offset">
						<swe:Quantity>
							<swe:value>22246.0</swe:value>
						</swe:Quantity>
					</sml:parameter>
					<sml:parameter name="image_y_scale">
						<swe:Quantity>
							<swe:value>2519.0</swe:value>
						</swe:Quantity>
					</sml:parameter>
					<sml:parameter name="target_x_offset">
						<swe:Quantity>
							<swe:value>-117.1332</swe:value>
						</swe:Quantity>
					</sml:parameter>
					<sml:parameter name="target_x_scale">
						<swe:Quantity>
							<swe:value>0.0756</swe:value>
						</swe:Quantity>
					</sml:parameter>
					<sml:parameter name="target_y_offset">
						<swe:Quantity>
							<swe:value>32.6412</swe:value>
						</swe:Quantity>
					</sml:parameter>
					<sml:parameter name="target_y_scale">
						<swe:Quantity>
							<swe:value>0.0234</swe:value>
						</swe:Quantity>
					</sml:parameter>
					<sml:parameter name="target_z_offset">
						<swe:Quantity>
							<swe:value>94.0</swe:value>
						</swe:Quantity>
					</sml:parameter>
					<sml:parameter name="target_z_scale">
						<swe:Quantity>
							<swe:value>281.0</swe:value>
						</swe:Quantity>
					</sml:parameter>
					<sml:parameter name="x_numerator_coefficients">
						<swe:DataRecord>
							<swe:field name="constant">
								<swe:Quantity>
									<swe:value>-1.353969294814832E-03</swe:value>
								</swe:Quantity>
							</swe:field>
							<swe:field name="x">
								<swe:Quantity>
									<swe:value>+1.018921101906131E+00</swe:value>
								</swe:Quantity>
							</swe:field>
							<swe:field name="y">
								<swe:Quantity>
									<swe:value>+4.492977043575579E-04</swe:value>
								</swe:Quantity>
							</swe:field>
							<swe:field name="z">
								<swe:Quantity>
									<swe:value>-1.859531437595457E-02</swe:value>
								</swe:Quantity>
							</swe:field>
							<swe:field name="xy">
								<swe:Quantity>
									<swe:value>+4.922271206609506E-03</swe:value>
								</swe:Quantity>
							</swe:field>
							<swe:field name="xz">
								<swe:Quantity>
									<swe:value>-5.122855382140947E-04</swe:value>
								</swe:Quantity>
							</swe:field>
							<swe:field name="yz">
								<swe:Quantity>
									<swe:value>-1.345250101552406E-04</swe:value>
								</swe:Quantity>
							</swe:field>
							<swe:field name="xx">
								<swe:Quantity>
									<swe:value>-3.645890641005279E-03</swe:value>
								</swe:Quantity>
							</swe:field>
							<swe:field name="yy">
								<swe:Quantity>
									<swe:value>+2.478746008356317E-06</swe:value>
								</swe:Quantity>
							</swe:field>
							<swe:field name="zz">
								<swe:Quantity>
									<swe:value>+1.255066270383772E-05</swe:value>
								</swe:Quantity>
							</swe:field>
							<swe:field name="xyz">
								<swe:Quantity>
									<swe:value>+6.355980673031508E-07</swe:value>
								</swe:Quantity>
							</swe:field>
							<swe:field name="xxx">
								<swe:Quantity>
									<swe:value>+2.388678938485333E-06</swe:value>
								</swe:Quantity>
							</swe:field>
							<swe:field name="xyy">
								<swe:Quantity>
									<swe:value>-3.039536667394783E-06</swe:value>
								</swe:Quantity>
							</swe:field>
							<swe:field name="xzz">
								<swe:Quantity>
									<swe:value>+2.765595123231396E-07</swe:value>
								</swe:Quantity>
							</swe:field>
							<swe:field name="xxy">
								<swe:Quantity>
									<swe:value>+2.826388102090568E-06</swe:value>
								</swe:Quantity>
							</swe:field>
							<swe:field name="yyy">
								<swe:Quantity>
									<swe:value>+5.649571264368952E-11</swe:value>
								</swe:Quantity>
							</swe:field>
							<swe:field name="yzz">
								<swe:Quantity>
									<swe:value>+2.975407269902760E-08</swe:value>
								</swe:Quantity>
							</swe:field>
							<swe:field name="xxz">
								<swe:Quantity>
									<swe:value>-3.292141036423303E-06</swe:value>
								</swe:Quantity>
							</swe:field>
							<swe:field name="yyz">
								<swe:Quantity>
									<swe:value>-1.599919971776935E-07</swe:value>
								</swe:Quantity>
							</swe:field>
							<swe:field name="zzz">
								<swe:Quantity>
									<swe:value>-5.452874529738695E-09</swe:value>
								</swe:Quantity>
							</swe:field>
						</swe:DataRecord>
					</sml:parameter>
					<sml:parameter name="x_denominator_coefficients">
						<swe:DataRecord>
							<swe:field name="constant">
								<swe:Quantity>
									<swe:value>+1.000000000000000E+00</swe:value>
								</swe:Quantity>
							</swe:field>
							<swe:field name="x">
								<swe:Quantity>
									<swe:value>-3.577512371509164E-03</swe:value>
								</swe:Quantity>
							</swe:field>
							<swe:field name="y">
								<swe:Quantity>
									<swe:value>+5.092826392024867E-03</swe:value>
								</swe:Quantity>
							</swe:field>
							<swe:field name="z">
								<swe:Quantity>
									<swe:value>-1.048892582460148E-03</swe:value>
								</swe:Quantity>
							</swe:field>
							<swe:field name="xy">
								<swe:Quantity>
									<swe:value>+1.844146560531946E-06</swe:value>
								</swe:Quantity>
							</swe:field>
							<swe:field name="xz">
								<swe:Quantity>
									<swe:value>-1.321940873967789E-06</swe:value>
								</swe:Quantity>
							</swe:field>
							<swe:field name="yz">
								<swe:Quantity>
									<swe:value>-2.168123137319354E-06</swe:value>
								</swe:Quantity>
							</swe:field>
							<swe:field name="xx">
								<swe:Quantity>
									<swe:value>+2.218435091458905E-06</swe:value>
								</swe:Quantity>
							</swe:field>
							<swe:field name="yy">
								<swe:Quantity>
									<swe:value>-1.574060045709561E-06</swe:value>
								</swe:Quantity>
							</swe:field>
							<swe:field name="zz">
								<swe:Quantity>
									<swe:value>+5.291823425455518E-07</swe:value>
								</swe:Quantity>
							</swe:field>
							<swe:field name="xyz">
								<swe:Quantity>
									<swe:value>+4.780642408918201E-10</swe:value>
								</swe:Quantity>
							</swe:field>
							<swe:field name="xxx">
								<swe:Quantity>
									<swe:value>+1.669283660348331E-10</swe:value>
								</swe:Quantity>
							</swe:field>
							<swe:field name="xyy">
								<swe:Quantity>
									<swe:value>+1.675003174258022E-10</swe:value>
								</swe:Quantity>
							</swe:field>
							<swe:field name="xzz">
								<swe:Quantity>
									<swe:value>+1.166477167959330E-09</swe:value>
								</swe:Quantity>
							</swe:field>
							<swe:field name="xxy">
								<swe:Quantity>
									<swe:value>-1.405704640907536E-11</swe:value>
								</swe:Quantity>
							</swe:field>
							<swe:field name="yyy">
								<swe:Quantity>
									<swe:value>-7.129631104606503E-11</swe:value>
								</swe:Quantity>
							</swe:field>
							<swe:field name="yzz">
								<swe:Quantity>
									<swe:value>+2.894548327365713E-13</swe:value>
								</swe:Quantity>
							</swe:field>
							<swe:field name="xxz">
								<swe:Quantity>
									<swe:value>-5.127390664080041E-09</swe:value>
								</swe:Quantity>
							</swe:field>
							<swe:field name="yyz">
								<swe:Quantity>
									<swe:value>-2.565282075638500E-10</swe:value>
								</swe:Quantity>
							</swe:field>
							<swe:field name="zzz">
								<swe:Quantity>
									<swe:value>-7.705034428252047E-11</swe:value>
								</swe:Quantity>
							</swe:field>
						</swe:DataRecord>
					</sml:parameter>
					<sml:parameter name="y_numerator_coefficients">
						<swe:DataRecord>
							<swe:field name="constant">
								<swe:Quantity>
									<swe:value>+1.079018950235094E-03</swe:value>
								</swe:Quantity>
							</swe:field>
							<swe:field name="x">
								<swe:Quantity>
									<swe:value>+3.482762365315685E-03</swe:value>
								</swe:Quantity>
							</swe:field>
							<swe:field name="y">
								<swe:Quantity>
									<swe:value>-1.029744383445402E+00</swe:value>
								</swe:Quantity>
							</swe:field>
							<swe:field name="z">
								<swe:Quantity>
									<swe:value>+2.744053539336916E-02</swe:value>
								</swe:Quantity>
							</swe:field>
							<swe:field name="xy">
								<swe:Quantity>
									<swe:value>+3.702906362327619E-03</swe:value>
								</swe:Quantity>
							</swe:field>
							<swe:field name="xz">
								<swe:Quantity>
									<swe:value>-2.537480933660153E-04</swe:value>
								</swe:Quantity>
							</swe:field>
							<swe:field name="yz">
								<swe:Quantity>
									<swe:value>+1.276383451694476E-03</swe:value>
								</swe:Quantity>
							</swe:field>
							<swe:field name="xx">
								<swe:Quantity>
									<swe:value>-1.015076106560951E-03</swe:value>
								</swe:Quantity>
							</swe:field>
							<swe:field name="yy">
								<swe:Quantity>
									<swe:value>-5.246293296156624E-03</swe:value>
								</swe:Quantity>
							</swe:field>
							<swe:field name="zz">
								<swe:Quantity>
									<swe:value>-2.890112803906172E-05</swe:value>
								</swe:Quantity>
							</swe:field>
							<swe:field name="xyz">
								<swe:Quantity>
									<swe:value>-1.812087955324325E-08</swe:value>
								</swe:Quantity>
							</swe:field>
							<swe:field name="xxx">
								<swe:Quantity>
									<swe:value>+3.594368376740610E-06</swe:value>
								</swe:Quantity>
							</swe:field>
							<swe:field name="xyy">
								<swe:Quantity>
									<swe:value>-1.892220034414094E-06</swe:value>
								</swe:Quantity>
							</swe:field>
							<swe:field name="xzz">
								<swe:Quantity>
									<swe:value>+2.111617786937051E-07</swe:value>
								</swe:Quantity>
							</swe:field>
							<swe:field name="xxy">
								<swe:Quantity>
									<swe:value>-7.763926540386385E-06</swe:value>
								</swe:Quantity>
							</swe:field>
							<swe:field name="yyy">
								<swe:Quantity>
									<swe:value>+1.610586259225482E-06</swe:value>
								</swe:Quantity>
							</swe:field>
							<swe:field name="yzz">
								<swe:Quantity>
									<swe:value>-6.499639419618295E-07</swe:value>
								</swe:Quantity>
							</swe:field>
							<swe:field name="xxz">
								<swe:Quantity>
									<swe:value>-1.638150399575785E-06</swe:value>
								</swe:Quantity>
							</swe:field>
							<swe:field name="yyz">
								<swe:Quantity>
									<swe:value>+2.361401953537399E-06</swe:value>
								</swe:Quantity>
							</swe:field>
							<swe:field name="zzz">
								<swe:Quantity>
									<swe:value>+1.413716790976747E-08</swe:value>
								</swe:Quantity>
							</swe:field>
						</swe:DataRecord>
					</sml:parameter>
					<sml:parameter name="y_denominator_coefficients">
						<swe:DataRecord>
							<swe:field name="constant">
								<swe:Quantity>
									<swe:value>+1.000000000000000E+00</swe:value>
								</swe:Quantity>
							</swe:field>
							<swe:field name="x">
								<swe:Quantity>
									<swe:value>-3.577512371509164E-03</swe:value>
								</swe:Quantity>
							</swe:field>
							<swe:field name="y">
								<swe:Quantity>
									<swe:value>+5.092826392024867E-03</swe:value>
								</swe:Quantity>
							</swe:field>
							<swe:field name="z">
								<swe:Quantity>
									<swe:value>-1.048892582460148E-03</swe:value>
								</swe:Quantity>
							</swe:field>
							<swe:field name="xy">
								<swe:Quantity>
									<swe:value>+1.844146560531946E-06</swe:value>
								</swe:Quantity>
							</swe:field>
							<swe:field name="xz">
								<swe:Quantity>
									<swe:value>-1.321940873967789E-06</swe:value>
								</swe:Quantity>
							</swe:field>
							<swe:field name="yz">
								<swe:Quantity>
									<swe:value>-2.168123137319354E-06</swe:value>
								</swe:Quantity>
							</swe:field>
							<swe:field name="xx">
								<swe:Quantity>
									<swe:value>+2.218435091458905E-06</swe:value>
								</swe:Quantity>
							</swe:field>
							<swe:field name="yy">
								<swe:Quantity>
									<swe:value>-1.574060045709561E-06</swe:value>
								</swe:Quantity>
							</swe:field>
							<swe:field name="zz">
								<swe:Quantity>
									<swe:value>+5.291823425455518E-07</swe:value>
								</swe:Quantity>
							</swe:field>
							<swe:field name="xyz">
								<swe:Quantity>
									<swe:value>+4.780642408918201E-10</swe:value>
								</swe:Quantity>
							</swe:field>
							<swe:field name="xxx">
								<swe:Quantity>
									<swe:value>+1.669283660348331E-10</swe:value>
								</swe:Quantity>
							</swe:field>
							<swe:field name="xyy">
								<swe:Quantity>
									<swe:value>+1.675003174258022E-10</swe:value>
								</swe:Quantity>
							</swe:field>
							<swe:field name="xzz">
								<swe:Quantity>
									<swe:value>+1.166477167959330E-09</swe:value>
								</swe:Quantity>
							</swe:field>
							<swe:field name="xxy">
								<swe:Quantity>
									<swe:value>-1.405704640907536E-11</swe:value>
								</swe:Quantity>
							</swe:field>
							<swe:field name="yyy">
								<swe:Quantity>
									<swe:value>-7.129631104606503E-11</swe:value>
								</swe:Quantity>
							</swe:field>
							<swe:field name="yzz">
								<swe:Quantity>
									<swe:value>+2.894548327365713E-13</swe:value>
								</swe:Quantity>
							</swe:field>
							<swe:field name="xxz">
								<swe:Quantity>
									<swe:value>-5.127390664080041E-09</swe:value>
								</swe:Quantity>
							</swe:field>
							<swe:field name="yyz">
								<swe:Quantity>
									<swe:value>-2.565282075638500E-10</swe:value>
								</swe:Quantity>
							</swe:field>
							<swe:field name="zzz">
								<swe:Quantity>
									<swe:value>-7.705034428252047E-11</swe:value>
								</swe:Quantity>
							</swe:field>
						</swe:DataRecord>
					</sml:parameter>
					<sml:parameter name="error_bias">
						<swe:Quantity>
							<swe:value>0.0</swe:value>
						</swe:Quantity>
					</sml:parameter>
					<sml:parameter name="error_random">
						<swe:Quantity>
							<swe:value>0.0</swe:value>
						</swe:Quantity>
					</sml:parameter>
				</sml:ParameterList>
			</sml:parameters>
			<sml:method xlink:href="urn:ogc:process:RPC:1.0"/>
		</sml:ProcessModel>
	</sml:member>
</sml:SensorML>
