<dataStore>
    <id>gsmlga_GeologicHistory_datastore</id>
    <name>gsmlga_GeologicHistory</name>
    <enabled>true</enabled>
    <workspace>
        <id>gsmlga_workspace</id>
    </workspace>
    <connectionParameters>
        <entry key="namespace">http://xmlns.geosciml.org/GeologicAge/3.0</entry>
        <entry key="url">file:workspaces/gsmlga/gsmlga_GeologicHistory/gsmlga_GeologicHistory.xml</entry>
        <entry key="dbtype">app-schema</entry>
    </connectionParameters>
</dataStore>
