<?xml version="1.0" encoding="UTF-8"?>
<as:AppSchemaDataAccess xmlns:as="http://www.geotools.org/app-schema"
    xmlns:xsi="http://www.w3.org/2001/XMLSchema-instance"
    xsi:schemaLocation="http://www.geotools.org/app-schema AppSchemaDataAccess.xsd">
	<namespaces>
		<Namespace><prefix>gml</prefix><uri>http://www.opengis.net/gml/3.2</uri></Namespace>
		<Namespace><prefix>gsml</prefix><uri>http://xmlns.geosciml.org/GeoSciML-Core/3.0</uri></Namespace>
		<Namespace><prefix>gsmlga</prefix><uri>http://xmlns.geosciml.org/GeologicAge/3.0</uri></Namespace>
		<Namespace><prefix>gco</prefix><uri>http://www.isotc211.org/2005/gco</uri></Namespace>
		<Namespace><prefix>xlink</prefix><uri>http://www.w3.org/1999/xlink</uri></Namespace>
		<Namespace><prefix>xsi</prefix><uri>http://www.w3.org/2001/XMLSchema-instance</uri></Namespace>
	</namespaces>	
	<sourceDataStores>
		<DataStore>
			<id>datastore</id>
			<parameters>
				<Parameter><name>dbtype</name><value>${cgi.dbtype}</value></Parameter>
				<!--Parameter><name>jndiReferenceName</name><value>${cgi.jndi}</value></Parameter-->
				<Parameter><name>host</name><value>${cgi.host}</value></Parameter>
				<Parameter><name>port</name><value>${cgi.port}</value></Parameter>
				<Parameter><name>database</name><value>${cgi.database}</value></Parameter>
				<Parameter><name>user</name><value>${cgi.user}</value></Parameter>
				<Parameter><name>passwd</name><value>${cgi.passwd}</value></Parameter>
				<Parameter><name>schema</name><value>${cgi.schema}</value></Parameter>
				<Parameter><name>Expose primary keys</name><value>true</value></Parameter>
			</parameters>
		</DataStore>
	</sourceDataStores>
	<!--<catalog>../../../schemas/catalog.xml</catalog>-->
	<targetTypes>
		<FeatureType><schemaUri>http://schemas.geosciml.org/geologicage/3.0/geologicAge.xsd</schemaUri></FeatureType>
	</targetTypes>
	<typeMappings>
		<FeatureTypeMapping>
			<sourceDataStore>datastore</sourceDataStore>
			<sourceType>GSMLGA_GEOLOGICHISTORY</sourceType>
			<targetElement>gsmlga:GeologicHistory</targetElement>			
			<attributeMappings>
				<AttributeMapping>
					<targetAttribute>gsmlga:GeologicHistory</targetAttribute>
					<idExpression><OCQL>GML_ID</OCQL></idExpression>
				</AttributeMapping>
				<AttributeMapping>
					<targetAttribute>gsml:relationship</targetAttribute>
					<ClientProperty><name>xlink:title</name><value>GSML_RELATIONSHIP_TITLE</value></ClientProperty>
					<ClientProperty><name>xlink:href</name><value>GSML_RELATIONSHIP_HREF</value></ClientProperty>	
				</AttributeMapping>
				<AttributeMapping>
					<targetAttribute>gsml:sourceRole</targetAttribute>
					<ClientProperty><name>xlink:title</name><value>GSML_SOURCEROLE_TITLE</value></ClientProperty>
					<ClientProperty><name>xlink:href</name><value>GSML_SOURCEROLE_HREF</value></ClientProperty>					
				</AttributeMapping>
				<AttributeMapping>
					<targetAttribute>gsml:targetRole</targetAttribute>
					<ClientProperty><name>xlink:title</name><value>GSML_TARGETROLE_TITLE</value></ClientProperty>
					<ClientProperty><name>xlink:href</name><value>GSML_TARGETROLE_HREF</value></ClientProperty>			
				</AttributeMapping>
				<AttributeMapping>
					<targetAttribute>gsml:relatedFeature</targetAttribute>
					<sourceExpression>
						<OCQL>ID</OCQL><linkElement>gsmlga:GeologicEvent</linkElement><linkField>FEATURE_LINK</linkField>
					</sourceExpression>
				</AttributeMapping>
				<AttributeMapping>
					<targetAttribute>FEATURE_LINK</targetAttribute>
					<sourceExpression><OCQL>LINK_GEOLOGICFEATURE_ID</OCQL></sourceExpression>
				</AttributeMapping>
			</attributeMappings>
		</FeatureTypeMapping>
	</typeMappings>
</as:AppSchemaDataAccess>