<?xml version="1.0" encoding="UTF-8"?>
<wfs:FeatureCollection xmlns:wfs="http://www.opengis.net/wfs/2.0"
    xmlns:cgu="http://xmlns.geosciml.org/Utilities/3.0" xmlns:gml="http://www.opengis.net/gml/3.2"
    xmlns:gsmler="http://xmlns.geosciml.org/EarthMaterial/3.0"
    xmlns:gsmlgs="http://xmlns.geosciml.org/GeologicStructure/3.0"
    xmlns:swe="http://www.opengis.net/swe/2.0" xmlns:gco="http://www.isotc211.org/2005/gco"
    xmlns:gmd="http://www.isotc211.org/2005/gmd"
    xmlns:gsmlga="http://xmlns.geosciml.org/GeologicAge/3.0"
    xmlns:xsi="http://www.w3.org/2001/XMLSchema-instance"
    xmlns:gsml="http://xmlns.geosciml.org/GeoSciML-Core/3.0"
    xmlns:gsmlgu="http://xmlns.geosciml.org/GeologicUnit/3.0"
    xmlns:xlink="http://www.w3.org/1999/xlink" timeStamp="2012-02-06T10:18:07.740Z"
    xsi:schemaLocation="http://xmlns.geosciml.org/GeologicUnit/3.0 http://schemas.geosciml.org/geologicunit/3.0/geologicUnit.xsd http://www.opengis.net/gml/3.2 http://schemas.opengis.net/gml/3.2.1/gml.xsd http://www.opengis.net/wfs/2.0 http://schemas.opengis.net/wfs/2.0/wfs.xsd http://xmlns.geosciml.org/GeologicStructure/3.0 http://schemas.geosciml.org/geologicstructure/3.0/geologicStructure.xsd"
    numberMatched="unknown" numberReturned="3">
    <wfs:member><gsml:MappedFeature gml:id="gsml.mappedfeature.ref-10262538">
            <gml:identifier codeSpace="http://www.geosciml.org">http://resource.geosciml.org/feature/cgi/mappedfeature/ref-10262538</gml:identifier>
            <gml:boundedBy>
                <gml:Envelope srsDimension="2" srsName="urn:x-ogc:def:crs:EPSG:4283">
                    <gml:lowerCorner>-36.924828275 144.16716520833333</gml:lowerCorner>
                    <gml:upperCorner>-36.91742791666667 144.175740125</gml:upperCorner>
                </gml:Envelope>
            </gml:boundedBy>
            <gsml:observationMethod>
                <swe:Category id="gsml.observationmethod.164321001040896">
                    <swe:identifier>http://resource.geosciml.org/classifier/cgi/mappedfeatureobservationmethod/compilation</swe:identifier>
                    <swe:label>compilation</swe:label>
                </swe:Category>
            </gsml:observationMethod>
            <gsml:positionalAccuracy>
                <swe:Quantity id="swe.quantity.10262538">
                    <swe:uom code="m" xlink:href="http://www.opengis.net/def/uom/OGC/1.0/metre"
                        xlink:title="metre"/>
                    <swe:value>250.0</swe:value>
                </swe:Quantity>
            </gsml:positionalAccuracy>
            <gsml:resolutionScale>
                <gmd:MD_RepresentativeFraction>
                    <gmd:denominator>
                        <gco:Integer>250000</gco:Integer>
                    </gmd:denominator>
                </gmd:MD_RepresentativeFraction>
            </gsml:resolutionScale>
            <gsml:samplingFrame
                xlink:href="http://resource.geosciml.org/feature/cgi/EarthNaturalSurface"
                xlink:title="Earth Natural Surface"/>
            <gsml:shape>
                <gml:MultiSurface gml:id="gsml.shape.10262538" srsDimension="2"
                    srsName="urn:x-ogc:def:crs:EPSG:4283">
                    <gml:surfaceMember>
                        <gml:Polygon gml:id="gsml.shape.10262538.1">
                            <gml:exterior>
                                <gml:LinearRing>
                                    <gml:posList>-36.91837960833333 144.16717931666668
                                        -36.91742791666667 144.1679701 -36.917457041666665
                                        144.16919359166667 -36.917852941666666 144.170314
                                        -36.918424933333334 144.17130598333333 -36.91924276666667
                                        144.172215325 -36.92012078333333 144.173052225
                                        -36.92093150833333 144.17387840833334 -36.921592325
                                        144.17484165833332 -36.922344475 144.175740125 -36.92345195
                                        144.175197225 -36.923918675 144.1741566 -36.9238128
                                        144.17301985 -36.924138225 144.17191509166668 -36.924828275
                                        144.17095739166666 -36.92437975 144.16987794166667
                                        -36.92332764166667 144.169407625 -36.922416991666665
                                        144.168642125 -36.92132796666667 144.16825371666667
                                        -36.920341216666664 144.167644275 -36.91925749166667
                                        144.16716520833333 -36.91837960833333
                                        144.16717931666668</gml:posList>
                                </gml:LinearRing>
                            </gml:exterior>
                        </gml:Polygon>
                    </gml:surfaceMember>
                </gml:MultiSurface>
            </gsml:shape>
            <gsml:specification>
                <gsmlgu:GeologicUnit gml:id="gsml.geologicunit.ref-16777549126931119">
                    <gml:description>Vein quartz conglomerate, sand, silt, clay in fluvial braid plain, outwash fan and colluvial deposits; typically compositionally mature, with ubiquitous well-rounded pebbles and cobbles of reef quartz, lesser more angular vein quartz and bedrock clasts; moderately to well sorted, massive to crudely stratified, cross-bedded and channelled; richly auriferous in places;  variably ferruginised, silicified or kaolinised  </gml:description>
                    <gml:identifier codeSpace="http://www.geosciml.org">http://resource.geosciml.org/feature/cgi/geologicunit/ref-16777549126931119</gml:identifier>
                    <gml:name codeSpace="http://www.geosciml.org">White Hills Gravel (-Pxh)</gml:name>
                    <gml:name codeSpace="http://www.geosciml.org">White Hills Gravel (Tlw) [previous name]</gml:name>
                    <gml:name codeSpace="http://www.geosciml.org">White Hills Gravel (Ppw) [previous name]</gml:name>
                    <gsml:observationMethod xsi:nil="true" nilReason="unknown"/>
                    <gsml:purpose>typicalNorm</gsml:purpose>
                    <gsml:relatedFeature>
                        <gsmlga:GeologicHistory
                            gml:id="gsmlga.geologichistory.ref-16777549126931120">
                            <gsml:relationship
                                xlink:href="http://resource.geosciml.org/classifier/cgi/featurerelation/geologicfeaturegeneticevent"
                                xlink:title="geologic feature genetic event"/>
                            <gsml:sourceRole
                                xlink:href="http://www.opengis.net/def/nil/OGC/0/inapplicable"
                                xlink:title="nil: inapplicable"/>
                            <gsml:targetRole
                                xlink:href="http://www.opengis.net/def/nil/OGC/0/inapplicable"
                                xlink:title="nil: inapplicable"/>
                            <gsml:relatedFeature>
                                <gsmlga:GeologicEvent
                                    gml:id="gsmlga.geologicevent.ref-16777549126931120">
                                    <gsml:observationMethod xsi:nil="true" nilReason="missing"/>
                                    <gsml:purpose>typicalNorm</gsml:purpose>
                                    <gsml:relatedFeature xsi:nil="true" nilReason="inapplicable"/>
                                    <gsml:classifier
                                        xlink:href="http://www.opengis.net/def/nil/OGC/0/missing"
                                        xlink:title="missing"/>
                                    <gsml:metadata xsi:nil="true" gco:nilReason="missing"/>
                                    <gsmlga:eventProcess
                                        xlink:href="http://resource.geosciml.org/classifier/cgi/eventprocess/depositionfrommovingfluid"
                                        xlink:title="deposition from moving fluid"/>
                                    <gsmlga:numericAgeDate xsi:nil="true" nilReason="template"/>
                                    <gsmlga:olderNamedAge
                                        xlink:href="http://resource.geosciml.org/classifier/ics/ischart/Paleocene"
                                        xlink:title="Paleocene"/>
                                    <gsmlga:youngerNamedAge
                                        xlink:href="http://resource.geosciml.org/classifier/ics/ischart/Oligocene"
                                        xlink:title="Oligocene"/>
                                    <gsmlga:eventEnvironment>
                                        <swe:Category id="gsmlga.eventenvironment.16777549126931122">
                                            <swe:identifier>http://resource.geosciml.org/classifier/cgi/eventenvironment/riverchannelsetting</swe:identifier>
                                            <swe:label>river channel setting</swe:label>
                                        </swe:Category>
                                    </gsmlga:eventEnvironment>
                                    <gsmlga:prototype
                                        xlink:href="http://www.opengis.net/def/nil/OGC/0/missing"
                                        xlink:title="missing"/>
                                </gsmlga:GeologicEvent>
                            </gsml:relatedFeature>
                        </gsmlga:GeologicHistory>
                    </gsml:relatedFeature>
                    <gsml:classifier xlink:href="http://www.opengis.net/def/nil/OGC/0/template"
                        xlink:title="template"/>
                    <gsml:metadata xsi:nil="true" gco:nilReason="missing"/>
                    <gsmlgu:geologicUnitType
                        xlink:href="http://resource.geosciml.org/classifier/cgi/geologicunitrank/lithostratigraphicunit"
                        xlink:title="lithostratigraphic unit"/>
                    <gsmlgu:bodyMorphology xsi:nil="true" nilReason="template"/>
                    <gsmlgu:unitComposition xsi:nil="true" nilReason="template"/>
                    <gsmlgu:exposureColor xsi:nil="true" nilReason="template"/>
                    <gsmlgu:outcropCharacter xsi:nil="true" nilReason="template"/>
                    <gsmlgu:rank
                        xlink:href="http://resource.geosciml.org/classifier/cgi/stratigraphicrank/formation"
                        xlink:title="formation"/>
                    <gsmlgu:unitThickness xsi:nil="true" nilReason="template"/>
                    <gsmlgu:composition>
                        <gsmlgu:CompositionPart>
                            <gsmlgu:role
                                xlink:href="http://resource.geosciml.org/classifier/cgi/role/template"
                                xlink:title="interbedded component"/>
                            <gsmlgu:material>
                                <gsmler:RockMaterial gml:id="gsml.rockmaterial.167775491936278695">
                                    <gsmler:color
                                        xlink:href="http://www.opengis.net/def/nil/OGC/0/missing"
                                        xlink:title="missing"/>
                                    <gsmler:purpose>typicalNorm</gsmler:purpose>
                                    <gsmler:physicalProperty xsi:nil="true" nilReason="template"/>
                                    <gsmler:geochemistry xsi:nil="true" nilReason="template"/>
                                    <gsmler:metadata xsi:nil="true" gco:nilReason="missing"/>
                                    <gsmler:compositionCategory xsi:nil="true" nilReason="template"/>
                                    <gsmler:geneticCategory xsi:nil="true" nilReason="template"/>
                                    <gsmler:constituent xsi:nil="true" nilReason="template"/>
                                    <gsmler:particleGeometry xsi:nil="true" nilReason="template"/>
                                    <gsmler:consolidationDegree
                                        xlink:href="http://resource.geosciml.org/classifier/cgi/consolidationdegree/indurated"
                                        xlink:title="indurated"/>
                                    <gsmler:lithology
                                        xlink:href="http://resource.geosciml.org/classifier/cgi/lithology/conglomerate"
                                        xlink:title="conglomerate"/>
                                    <gsmler:metamorphicProperties xsi:nil="true"
                                        nilReason="template"/>
                                    <gsmler:alterationProperties xsi:nil="true" nilReason="template"/>
                                    <gsmler:fabric xsi:nil="true" nilReason="template"/>
                                </gsmler:RockMaterial>
                            </gsmlgu:material>
                            <gsmlgu:proportion>
                                <swe:QuantityRange>
                                    <swe:uom code="%"
                                        xlink:href="http://www.opengis.net/def/uom/UCUM/0/%25"
                                        xlink:title="percent"/>
                                    <swe:value>75 100</swe:value>
                                </swe:QuantityRange>
                            </gsmlgu:proportion>
                        </gsmlgu:CompositionPart>
                    </gsmlgu:composition>
                    <gsmlgu:composition>
                        <gsmlgu:CompositionPart>
                            <gsmlgu:role
                                xlink:href="http://resource.geosciml.org/classifier/cgi/role/template"
                                xlink:title="interbedded component"/>
                            <gsmlgu:material>
                                <gsmler:RockMaterial gml:id="gsml.rockmaterial.167775491936278707">
                                    <gsmler:color
                                        xlink:href="http://www.opengis.net/def/nil/OGC/0/missing"
                                        xlink:title="missing"/>
                                    <gsmler:purpose>typicalNorm</gsmler:purpose>
                                    <gsmler:physicalProperty xsi:nil="true" nilReason="template"/>
                                    <gsmler:geochemistry xsi:nil="true" nilReason="template"/>
                                    <gsmler:metadata xsi:nil="true" gco:nilReason="missing"/>
                                    <gsmler:compositionCategory xsi:nil="true" nilReason="template"/>
                                    <gsmler:geneticCategory xsi:nil="true" nilReason="template"/>
                                    <gsmler:constituent xsi:nil="true" nilReason="template"/>
                                    <gsmler:particleGeometry xsi:nil="true" nilReason="template"/>
                                    <gsmler:consolidationDegree
                                        xlink:href="http://resource.geosciml.org/classifier/cgi/consolidationdegree/consolidated"
                                        xlink:title="consolidated"/>
                                    <gsmler:lithology
                                        xlink:href="http://resource.geosciml.org/classifier/cgi/lithology/sand"
                                        xlink:title="sand"/>
                                    <gsmler:metamorphicProperties xsi:nil="true"
                                        nilReason="template"/>
                                    <gsmler:alterationProperties xsi:nil="true" nilReason="template"/>
                                    <gsmler:fabric xsi:nil="true" nilReason="template"/>
                                </gsmler:RockMaterial>
                            </gsmlgu:material>
                            <gsmlgu:proportion>
                                <swe:QuantityRange>
                                    <swe:uom code="%"
                                        xlink:href="http://www.opengis.net/def/uom/UCUM/0/%25"
                                        xlink:title="percent"/>
                                    <swe:value>5 50</swe:value>
                                </swe:QuantityRange>
                            </gsmlgu:proportion>
                        </gsmlgu:CompositionPart>
                    </gsmlgu:composition>
                    <gsmlgu:composition>
                        <gsmlgu:CompositionPart>
                            <gsmlgu:role
                                xlink:href="http://resource.geosciml.org/classifier/cgi/role/template"
                                xlink:title="interbedded component"/>
                            <gsmlgu:material>
                                <gsmler:RockMaterial gml:id="gsml.rockmaterial.167775491936278719">
                                    <gsmler:color
                                        xlink:href="http://www.opengis.net/def/nil/OGC/0/missing"
                                        xlink:title="missing"/>
                                    <gsmler:purpose>typicalNorm</gsmler:purpose>
                                    <gsmler:physicalProperty xsi:nil="true" nilReason="template"/>
                                    <gsmler:geochemistry xsi:nil="true" nilReason="template"/>
                                    <gsmler:metadata xsi:nil="true" gco:nilReason="missing"/>
                                    <gsmler:compositionCategory xsi:nil="true" nilReason="template"/>
                                    <gsmler:geneticCategory xsi:nil="true" nilReason="template"/>
                                    <gsmler:constituent xsi:nil="true" nilReason="template"/>
                                    <gsmler:particleGeometry xsi:nil="true" nilReason="template"/>
                                    <gsmler:consolidationDegree
                                        xlink:href="http://resource.geosciml.org/classifier/cgi/consolidationdegree/consolidated"
                                        xlink:title="consolidated"/>
                                    <gsmler:lithology
                                        xlink:href="http://resource.geosciml.org/classifier/cgi/lithology/silt"
                                        xlink:title="silt"/>
                                    <gsmler:metamorphicProperties xsi:nil="true"
                                        nilReason="template"/>
                                    <gsmler:alterationProperties xsi:nil="true" nilReason="template"/>
                                    <gsmler:fabric xsi:nil="true" nilReason="template"/>
                                </gsmler:RockMaterial>
                            </gsmlgu:material>
                            <gsmlgu:proportion>
                                <swe:QuantityRange>
                                    <swe:uom code="%"
                                        xlink:href="http://www.opengis.net/def/uom/UCUM/0/%25"
                                        xlink:title="percent"/>
                                    <swe:value>5 50</swe:value>
                                </swe:QuantityRange>
                            </gsmlgu:proportion>
                        </gsmlgu:CompositionPart>
                    </gsmlgu:composition>
                    <gsmlgu:composition>
                        <gsmlgu:CompositionPart>
                            <gsmlgu:role
                                xlink:href="http://resource.geosciml.org/classifier/cgi/role/template"
                                xlink:title="interbedded component"/>
                            <gsmlgu:material>
                                <gsmler:RockMaterial gml:id="gsml.rockmaterial.167775491936278731">
                                    <gsmler:color
                                        xlink:href="http://www.opengis.net/def/nil/OGC/0/missing"
                                        xlink:title="missing"/>
                                    <gsmler:purpose>typicalNorm</gsmler:purpose>
                                    <gsmler:physicalProperty xsi:nil="true" nilReason="template"/>
                                    <gsmler:geochemistry xsi:nil="true" nilReason="template"/>
                                    <gsmler:metadata xsi:nil="true" gco:nilReason="missing"/>
                                    <gsmler:compositionCategory xsi:nil="true" nilReason="template"/>
                                    <gsmler:geneticCategory xsi:nil="true" nilReason="template"/>
                                    <gsmler:constituent xsi:nil="true" nilReason="template"/>
                                    <gsmler:particleGeometry xsi:nil="true" nilReason="template"/>
                                    <gsmler:consolidationDegree
                                        xlink:href="http://resource.geosciml.org/classifier/cgi/consolidationdegree/consolidated"
                                        xlink:title="consolidated"/>
                                    <gsmler:lithology
                                        xlink:href="http://resource.geosciml.org/classifier/cgi/lithology/clay"
                                        xlink:title="clay"/>
                                    <gsmler:metamorphicProperties xsi:nil="true"
                                        nilReason="template"/>
                                    <gsmler:alterationProperties xsi:nil="true" nilReason="template"/>
                                    <gsmler:fabric xsi:nil="true" nilReason="template"/>
                                </gsmler:RockMaterial>
                            </gsmlgu:material>
                            <gsmlgu:proportion>
                                <swe:QuantityRange>
                                    <swe:uom code="%"
                                        xlink:href="http://www.opengis.net/def/uom/UCUM/0/%25"
                                        xlink:title="percent"/>
                                    <swe:value>5 50</swe:value>
                                </swe:QuantityRange>
                            </gsmlgu:proportion>
                        </gsmlgu:CompositionPart>
                    </gsmlgu:composition>
                    <gsmlgu:metamorphicCharacter xsi:nil="true" nilReason="template"/>
                    <gsmlgu:part xsi:nil="true" nilReason="template"/>
                    <gsmlgu:physicalProperty xsi:nil="true" nilReason="template"/>
                    <gsmlgu:alterationCharacter xsi:nil="true" nilReason="template"/>
                    <gsmlgu:bedding xsi:nil="true" nilReason="template"/>
                    <gsmlgu:geochemistry xsi:nil="true" nilReason="template"/>
                </gsmlgu:GeologicUnit>
            </gsml:specification>
            <gsml:metadata xsi:nil="true" gco:nilReason="missing"/>
        </gsml:MappedFeature></wfs:member>
    <wfs:member><gsml:MappedFeature gml:id="gsml.mappedfeature.ref-30261157">
            <gml:identifier codeSpace="http://www.geosciml.org">http://resource.geosciml.org/feature/cgi/mappedfeature/ref-30261157</gml:identifier>
            <gml:boundedBy>
                <gml:Envelope srsDimension="2" srsName="urn:x-ogc:def:crs:EPSG:4283">
                    <gml:lowerCorner>-36.891467375 144.41775035833334</gml:lowerCorner>
                    <gml:upperCorner>-36.890966158333335 144.41969839166666</gml:upperCorner>
                </gml:Envelope>
            </gml:boundedBy>
            <gsml:observationMethod>
                <swe:Category id="gsml.observationmethod.264321001039043">
                    <swe:identifier>http://resource.geosciml.org/classifier/cgi/mappedfeatureobservationmethod/compilation</swe:identifier>
                    <swe:label>compilation</swe:label>
                </swe:Category>
            </gsml:observationMethod>
            <gsml:positionalAccuracy>
                <swe:Quantity id="swe.quantity.30261157">
                    <swe:uom code="m" xlink:href="http://www.opengis.net/def/uom/OGC/1.0/metre"
                        xlink:title="metre"/>
                    <swe:value>500.0</swe:value>
                </swe:Quantity>
            </gsml:positionalAccuracy>
            <gsml:resolutionScale>
                <gmd:MD_RepresentativeFraction>
                    <gmd:denominator>
                        <gco:Integer>250000</gco:Integer>
                    </gmd:denominator>
                </gmd:MD_RepresentativeFraction>
            </gsml:resolutionScale>
            <gsml:samplingFrame
                xlink:href="http://resource.geosciml.org/feature/cgi/EarthNaturalSurface"
                xlink:title="Earth Natural Surface"/>
            <gsml:shape>
                <gml:Curve gml:id="gsml.shape.30261157" srsDimension="2"
                    srsName="urn:x-ogc:def:crs:EPSG:4283">
                    <gml:segments>
                        <gml:LineStringSegment interpolation="linear">
                            <gml:posList>-36.890966158333335 144.41775035833334 -36.891391891666665
                                144.41890590833333 -36.891467375 144.41969839166666</gml:posList>
                        </gml:LineStringSegment>
                    </gml:segments>
                </gml:Curve>
            </gsml:shape>
            <gsml:specification>
                <gsmlgs:Contact gml:id="gsml.contact.ref-167775491485517190">
                    <gml:identifier codeSpace="http://www.geosciml.org">http://resource.geosciml.org/feature/cgi/contact/ref-167775491485517190</gml:identifier>
                    <gsml:observationMethod xsi:nil="true" nilReason="unknown"/>
                    <gsml:purpose>typicalNorm</gsml:purpose>
                    <gsml:relatedFeature xsi:nil="true" nilReason="template"/>
                    <gsml:classifier xlink:href="http://www.opengis.net/def/nil/OGC/0/template"
                        xlink:title="template"/>
                    <gsml:metadata xsi:nil="true" gco:nilReason="missing"/>
                    <gsmlgs:contactCharacter xsi:nil="true" nilReason="template"/>
                    <gsmlgs:contactType
                        xlink:href="http://resource.geosciml.org/classifier/cgi/contacttype/unconformablecontact"
                        xlink:title="unconformable contact"/>
                    <gsmlgs:orientation xsi:nil="true" nilReason="template"/>
                    <gsmlgs:correlatesWith xsi:nil="true" nilReason="template"/>
                </gsmlgs:Contact>
            </gsml:specification>
            <gsml:metadata xsi:nil="true" gco:nilReason="missing"/>
        </gsml:MappedFeature></wfs:member>
    <wfs:member><gsml:MappedFeature gml:id="gsml.mappedfeature.ref-20262326">
            <gml:identifier codeSpace="http://www.geosciml.org">http://resource.geosciml.org/feature/cgi/mappedfeature/ref-20262326</gml:identifier>
            <gml:boundedBy>
                <gml:Envelope srsDimension="2" srsName="urn:x-ogc:def:crs:EPSG:4283">
                    <gml:lowerCorner>-36.933417975 144.12000286666665</gml:lowerCorner>
                    <gml:upperCorner>-36.870597525 144.12783374166668</gml:upperCorner>
                </gml:Envelope>
            </gml:boundedBy>
            <gsml:observationMethod>
                <swe:Category id="gsml.observationmethod.264321001039279">
                    <swe:identifier>http://resource.geosciml.org/classifier/cgi/mappedfeatureobservationmethod/compilation</swe:identifier>
                    <swe:label>compilation</swe:label>
                </swe:Category>
            </gsml:observationMethod>
            <gsml:positionalAccuracy>
                <swe:Quantity id="swe.quantity.20262326">
                    <swe:uom code="m" xlink:href="http://www.opengis.net/def/uom/OGC/1.0/metre"
                        xlink:title="metre"/>
                    <swe:value>250.0</swe:value>
                </swe:Quantity>
            </gsml:positionalAccuracy>
            <gsml:resolutionScale>
                <gmd:MD_RepresentativeFraction>
                    <gmd:denominator>
                        <gco:Integer>250000</gco:Integer>
                    </gmd:denominator>
                </gmd:MD_RepresentativeFraction>
            </gsml:resolutionScale>
            <gsml:samplingFrame
                xlink:href="http://resource.geosciml.org/feature/cgi/EarthNaturalSurface"
                xlink:title="Earth Natural Surface"/>
            <gsml:shape>
                <gml:Curve gml:id="gsml.shape.20262326" srsDimension="2"
                    srsName="urn:x-ogc:def:crs:EPSG:4283">
                    <gml:segments>
                        <gml:LineStringSegment interpolation="linear">
                            <gml:posList>-36.933417975 144.12783374166668 -36.928428258333334
                                144.12768073333334 -36.923038883333334 144.127175875 -36.919654375
                                144.12703350833334 -36.9160621 144.12666566666667 -36.91377635833334
                                144.12630341666667 -36.91248494166667 144.12615448333332
                                -36.909305725 144.125493525 -36.8999645 144.12435290833332
                                -36.89363335833333 144.12393098333334 -36.88947344166667
                                144.12342779166667 -36.88511145 144.122753425 -36.88119356666667
                                144.12235406666667 -36.876865566666666 144.12133073333334
                                -36.873117916666665 144.1205812 -36.870597525
                                144.12000286666665</gml:posList>
                        </gml:LineStringSegment>
                    </gml:segments>
                </gml:Curve>
            </gsml:shape>
            <gsml:specification>
                <gsmlgs:ShearDisplacementStructure
                    gml:id="gsml.sheardisplacementstructure.ref-1677754911542060973">
                    <gml:identifier codeSpace="http://www.geosciml.org">http://resource.geosciml.org/feature/cgi/sheardisplacementstucture/ref-1677754911542060973</gml:identifier>
                    <gml:name codeSpace="http://www.geosciml.org">Muckleford Fault</gml:name>
                    <gsml:observationMethod xsi:nil="true" nilReason="unknown"/>
                    <gsml:purpose>typicalNorm</gsml:purpose>
                    <gsml:relatedFeature xsi:nil="true" nilReason="template"/>
                    <gsml:classifier xlink:href="http://www.opengis.net/def/nil/OGC/0/template"
                        xlink:title="template"/>
                    <gsml:metadata xsi:nil="true" gco:nilReason="missing"/>
                    <gsmlgs:faultType xlink:href="http://www.opengis.net/def/nil/OGC/0/template"
                        xlink:title="template"/>
                    <gsmlgs:deformationStyle
                        xlink:href="http://www.opengis.net/def/nil/OGC/0/template"
                        xlink:title="template"/>
                    <gsmlgs:planeOrientation xsi:nil="true" nilReason="template"/>
                    <gsmlgs:totalDisplacement xsi:nil="true" nilReason="template"/>
                    <gsmlgs:physicalProperty xsi:nil="true" nilReason="template"/>
                    <gsmlgs:system xsi:nil="true" nilReason="template"/>
                </gsmlgs:ShearDisplacementStructure>
            </gsml:specification>
            <gsml:metadata xsi:nil="true" gco:nilReason="missing"/>
        </gsml:MappedFeature></wfs:member>
</wfs:FeatureCollection>
