<?xml version="1.0"?>
<ResponsibleParty xmlns="http://www.opengis.net/sensorML/1.0" xmlns:xsi="http://www.w3.org/2001/XMLSchema-instance" xmlns:xlink="http://www.w3.org/1999/xlink" xsi:schemaLocation="http://www.opengis.net/sensorML/1.0 ../../base/base.xsd">
	<organizationName>Davis Instruments</organizationName>
	<contactInfo>
		<phone>
			<voice>+01-510-732-9229</voice>
			<facsimile>+01-510-732-9188</facsimile>
		</phone>
		<address>
			<deliveryPoint>3465 Diablo Avenue</deliveryPoint>
			<city>Hayward</city>
			<administrativeArea>CA</administrativeArea>
			<postalCode>94545-2778</postalCode>
			<country>USA</country>
			<electronicMailAddress>sales@davisnet.com</electronicMailAddress>
		</address>
	</contactInfo>
</ResponsibleParty>
