<featureType>
    <id>gsmlgu_GeologicUnit</id>
    <name>GeologicUnit</name>
    <nativeName>GeologicUnit</nativeName>
    <namespace>
        <id>gsmlgu_namespace</id>
    </namespace>
    <title>Geologic Unit</title>
    <abstract>Operationally, the GeologicUnit element is a container used to associate geologic properties with some mapped occurrence (through GeologicFeature.occurrence -&gt; MappedFeature link), or with a geologic unit ControlledConcept in a vocabulary (through the GeologicUnit.classifier -&gt;ControlledConcept link). Conceptually, may represent a body of material in the Earth whose complete and precise extent is inferred to exist (NADM GeologicUnit, Stratigraphic unit in sense of NACSN or International Stratigraphic Code), or a classifier used to characterize parts of the Earth (e.g. lithologic map unit like 'granitic rock' or 'alluvial deposit', surficial units like 'till' or 'old alluvium'). Spatial properties are only available through association with a MappedFeature. Includes both formal units (i.e. formally adopted and named in the official lexicon) and informal units (i.e. named but not promoted to the lexicon) and unnamed units (i.e. recognisable and described and delineable in the field but not otherwise formalised).</abstract>
    <srs>EPSG:4283</srs>
    <latLonBoundingBox>
		<minx>140</minx><maxx>150</maxx>
		<miny>-40</miny><maxy>-33</maxy>
        <crs>EPSG:4283</crs>
    </latLonBoundingBox>
    <projectionPolicy>FORCE_DECLARED</projectionPolicy>
    <enabled>true</enabled>
    <metadata>
        <entry key="kml.regionateFeatureLimit">10</entry>
        <entry key="indexingEnabled">false</entry>
        <entry key="cachingEnabled">false</entry>
    </metadata>
    <store class="dataStore">
        <id>gsmlgu_GeologicUnit_datastore</id>
    </store>
    <maxFeatures>0</maxFeatures>
    <numDecimals>0</numDecimals>
</featureType>