<?xml version="1.0" encoding="UTF-8"?>
<as:AppSchemaDataAccess xmlns:as="http://www.geotools.org/app-schema" xmlns:xsi="http://www.w3.org/2001/XMLSchema-instance"
    xsi:schemaLocation="http://www.geotools.org/app-schema AppSchemaDataAccess.xsd">
	<namespaces>
		<Namespace><prefix>gml</prefix><uri>http://www.opengis.net/gml/3.2</uri></Namespace>
		<Namespace><prefix>gsml</prefix><uri>http://xmlns.geosciml.org/GeoSciML-Core/3.0</uri></Namespace>
		<Namespace><prefix>gsmlgu</prefix><uri>http://xmlns.geosciml.org/GeologicUnit/3.0</uri></Namespace>
		<Namespace><prefix>gsmlgs</prefix><uri>http://xmlns.geosciml.org/GeologicStructure/3.0</uri></Namespace>
		<Namespace><prefix>swe</prefix><uri>http://www.opengis.net/swe/2.0</uri></Namespace>
		<Namespace><prefix>gmd</prefix><uri>http://www.isotc211.org/2005/gmd</uri></Namespace>
		<Namespace><prefix>gco</prefix><uri>http://www.isotc211.org/2005/gco</uri></Namespace>
		<Namespace><prefix>xlink</prefix><uri>http://www.w3.org/1999/xlink</uri></Namespace>
		<Namespace><prefix>xsi</prefix><uri>http://www.w3.org/2001/XMLSchema-instance</uri></Namespace>
	</namespaces>
	<sourceDataStores>
		<DataStore>
			<id>datastore</id>
			<parameters>
				<Parameter><name>dbtype</name><value>${cgi.dbtype}</value></Parameter>
				<!--Parameter><name>jndiReferenceName</name><value>${cgi.jndi}</value></Parameter-->
				<Parameter><name>host</name><value>${cgi.host}</value></Parameter>
				<Parameter><name>port</name><value>${cgi.port}</value></Parameter>
				<Parameter><name>database</name><value>${cgi.database}</value></Parameter>
				<Parameter><name>user</name><value>${cgi.user}</value></Parameter>
				<Parameter><name>passwd</name><value>${cgi.passwd}</value></Parameter>
				<Parameter><name>schema</name><value>${cgi.schema}</value></Parameter>
				<Parameter><name>Expose primary keys</name><value>true</value></Parameter>
			</parameters>
		</DataStore>
	</sourceDataStores>
	<targetTypes>
		<FeatureType><schemaUri>http://schemas.geosciml.org/geologicunit/3.0/geologicUnit.xsd</schemaUri></FeatureType>
		<FeatureType><schemaUri>http://schemas.geosciml.org/geologicstructure/3.0/geologicStructure.xsd</schemaUri></FeatureType>
	</targetTypes>
	<typeMappings>
		<FeatureTypeMapping>
			<sourceDataStore>datastore</sourceDataStore>
			<sourceType>gsml_mappedfeature</sourceType>
			<targetElement>gsml:MappedFeature</targetElement>
			<attributeMappings>
				<AttributeMapping>
					<targetAttribute>gsml:MappedFeature</targetAttribute>
					<idExpression><OCQL>gml_id</OCQL></idExpression>
				</AttributeMapping>
				<AttributeMapping>
					<targetAttribute>gml:identifier</targetAttribute>
					<sourceExpression><OCQL>gml_identifier</OCQL></sourceExpression>	
					<ClientProperty><name>codeSpace</name><value>'${cgi.codespace}'</value></ClientProperty>	
				</AttributeMapping>
				<AttributeMapping>
					<targetAttribute>gsml:observationMethod</targetAttribute>
					<sourceExpression>
						<OCQL>id</OCQL><linkElement>_gsml_observationMethod</linkElement><linkField>FEATURE_LINK</linkField>
					</sourceExpression>
					<isMultiple>true</isMultiple>
				</AttributeMapping>	
				<AttributeMapping>
					<targetAttribute>gsml:positionalAccuracy</targetAttribute>
					<idExpression><OCQL>strConCat('swe.quantity.',id)</OCQL></idExpression>
					<sourceExpression>
					<linkElement>if_then_else(isNull(positionalaccuracy), toXlinkHref('${nil.missing}'), '_gsml_mf_positionalAccuracy')</linkElement>
					<!--NOTE: toXlinkHref('${nil.missing}') is a placeholder awaiting toXsiNil function, or equivalent. Nulls have been temp removed in source DB.-->
					</sourceExpression>
				</AttributeMapping>
				<AttributeMapping>
					<targetAttribute>gsml:resolutionScale/gmd:MD_RepresentativeFraction/gmd:denominator/gco:Integer</targetAttribute>
					<sourceExpression><OCQL>resolutionscale_denominator</OCQL></sourceExpression>
				</AttributeMapping>
				<AttributeMapping>
					<targetAttribute>gsml:samplingFrame</targetAttribute>
					<ClientProperty><name>xlink:href</name><value>samplingframe_href</value></ClientProperty>
					<ClientProperty><name>xlink:title</name><value>samplingframe_title</value></ClientProperty>
				</AttributeMapping>
				<AttributeMapping>
					<targetAttribute>gsml:shape</targetAttribute>
					<idExpression><OCQL>strConcat('gsml.shape.', id)</OCQL></idExpression> 
					<sourceExpression><OCQL>shape</OCQL></sourceExpression>							
				</AttributeMapping>
				<AttributeMapping>
					<targetAttribute>gsml:specification</targetAttribute>
					<sourceExpression>	
						<OCQL>link_specification_id</OCQL>
						<linkElement>strConCat(specification_type,'')</linkElement><!--'gsmlgu:GeologicUnit','gsmlgs:Contact','gsmlgs:ShearDisplacementStructure'-->
						<linkField>FEATURE_LINK</linkField>
					</sourceExpression>
				</AttributeMapping>
				<AttributeMapping>
					<targetAttribute>gsml:metadata</targetAttribute>
					<ClientProperty><name>xsi:nil</name><value>'true'</value></ClientProperty>
					<ClientProperty><name>gco:nilReason</name><value>'missing'</value></ClientProperty>	
				</AttributeMapping>
				<AttributeMapping>
					<targetAttribute>FEATURE_LINK</targetAttribute>
					<sourceExpression><OCQL>link_specification_id</OCQL></sourceExpression>
				</AttributeMapping>
			</attributeMappings>
		</FeatureTypeMapping>
		<FeatureTypeMapping>
			<mappingName>_gsml_observationMethod</mappingName>
			<sourceDataStore>datastore</sourceDataStore>
			<sourceType>gsml_observationmethod</sourceType>
			<!--<targetElement>gsml:MappedFeature/gsml:observationMethod/swe:Category</targetElement>-->
			<targetElement>swe:Category</targetElement>
			<attributeMappings>
				<AttributeMapping>
					<targetAttribute>swe:Category</targetAttribute>
					<idExpression><OCQL>strConCat('gsml.observationmethod.', id)</OCQL></idExpression>
				</AttributeMapping>
				<AttributeMapping>
					<targetAttribute>swe:identifier</targetAttribute>
					<sourceExpression><OCQL>swe_category_identifier</OCQL></sourceExpression>
				</AttributeMapping>
				<AttributeMapping>
					<targetAttribute>swe:label</targetAttribute>
					<sourceExpression><OCQL>swe_category_label</OCQL></sourceExpression>
				</AttributeMapping>
				<AttributeMapping>
					<targetAttribute>swe:codeSpace</targetAttribute>
					<sourceExpression><OCQL>swe_category_codespace</OCQL></sourceExpression>
				</AttributeMapping>	
				<AttributeMapping>
					<targetAttribute>FEATURE_LINK</targetAttribute>
					<sourceExpression><OCQL>link_mappedfeature_id</OCQL></sourceExpression>
				</AttributeMapping>
			</attributeMappings>
		</FeatureTypeMapping>
		<FeatureTypeMapping>
			<mappingName>_gsml_mf_positionalAccuracy</mappingName>
			<sourceDataStore>datastore</sourceDataStore>
			<sourceType>gsml_mappedfeature</sourceType>
			<targetElement>swe:Quantity</targetElement>
			<attributeMappings>
				<AttributeMapping>
					<targetAttribute>swe:uom</targetAttribute>
					<ClientProperty><name>code</name><value>positionalaccuracy_uom_code</value></ClientProperty>
					<ClientProperty><name>xlink:href</name><value>positionalaccuracy_uom_href</value></ClientProperty>
					<ClientProperty><name>xlink:title</name><value>positionalaccuracy_uom_title</value></ClientProperty>
				</AttributeMapping>
				<AttributeMapping>
					<targetAttribute>swe:value</targetAttribute>
					<sourceExpression><OCQL>positionalaccuracy</OCQL></sourceExpression>
				</AttributeMapping>
			</attributeMappings>
		</FeatureTypeMapping>
	</typeMappings>
</as:AppSchemaDataAccess>