<wfs>
  <id>wfs</id>
  <enabled>true</enabled>
  <name>WFS.CGIREFERENCE</name>
  <title>CGI-IUGS Reference WFS</title>
  <maintainer>http://www.geosciml.org</maintainer>
  <abstrct>1:250K GeoSciML feature types - generated from GeoScience Victoria (http://www.dpi.vic.gov.au/erdd) data.</abstrct>
  <accessConstraints>Copyright � The Commission for the Management and Application of Geoscience Information, 2012</accessConstraints>
  <fees>NONE</fees>
  <versions>
    <org.geotools.util.Version>
      <version>1.0.0</version>
    </org.geotools.util.Version>
    <org.geotools.util.Version>
      <version>1.1.0</version>
    </org.geotools.util.Version>
    <org.geotools.util.Version>
      <version>2.0.0</version>
    </org.geotools.util.Version>
  </versions>
  <keywords>
    <string>WFS</string>
    <string>GeoSciML</string>
    <string>3.0</string>
  </keywords>
  <citeCompliant>false</citeCompliant>
  <onlineResource>http://xxx.geosciml.org/cgi-reference/wfs</onlineResource>
  <schemaBaseURL>http://schemas.opengis.net</schemaBaseURL>
  <verbose>false</verbose>
  <metadata>
    <entry key="SHAPE-ZIP_DEFAULT_PRJ_IS_ESRI">false</entry>
  </metadata>
  <gml>
    <entry>
      <org.geoserver.wfs.WFSInfo_-Version>V_11</org.geoserver.wfs.WFSInfo_-Version>
      <org.geoserver.wfs.GMLInfoImpl>
        <srsNameStyle>NORMAL</srsNameStyle>
        <overrideGMLAttributes>true</overrideGMLAttributes>
      </org.geoserver.wfs.GMLInfoImpl>
    </entry>
    <entry>
      <org.geoserver.wfs.WFSInfo_-Version>V_10</org.geoserver.wfs.WFSInfo_-Version>
      <org.geoserver.wfs.GMLInfoImpl>
        <srsNameStyle>NORMAL</srsNameStyle>
        <overrideGMLAttributes>true</overrideGMLAttributes>
      </org.geoserver.wfs.GMLInfoImpl>
    </entry>
  </gml>
  <serviceLevel>BASIC</serviceLevel>
  <maxFeatures>1000000</maxFeatures>
  <featureBounding>false</featureBounding>
  <canonicalSchemaLocation>true</canonicalSchemaLocation>
  <encodeFeatureMember>true</encodeFeatureMember>
</wfs>