<?xml version="1.0" encoding="UTF-8"?>
<gml:Dictionary xmlns:gml="http://www.opengis.net/gml" xmlns:xlink="http://www.w3.org/1999/xlink" xmlns:xsi="http://www.w3.org/2001/XMLSchema-instance" xsi:schemaLocation="http://www.opengis.net/gml ../../../../gml/trunk/gml/3.2.0/gml/units.xsd"
                gml:id="unitsDictionary">
	<gml:description>A dictionary of units of measure, including the set of units given in tables 1,2,3,5,6 in ISO 31-0</gml:description>
	<gml:identifier codeSpace="urn:x-ogc:tc:arch:doc-rp(05-010)">urn:x-ogc:def:uom:OGC:m</gml:identifier>
	<gml:name>ISO 31-0 Units</gml:name>
	<gml:dictionaryEntry>
		<gml:Dictionary gml:id="SIbaseUnits">
			<gml:description>The Base Units from the SI units system. Table 1 of ISO 31-0</gml:description>
			<gml:descriptionReference xlink:href="http://www.bipm.fr/en/si/base_units/"/>
			<gml:identifier codeSpace="urn:x-ogc:tc:arch:doc-rp(05-010)">urn:x-ogc:def:uom:OGC:SI_base</gml:identifier>
			<gml:name>SI Base Units</gml:name>
			<gml:dictionaryEntry>
				<gml:BaseUnit gml:id="m">
					<gml:description>The metre is the length of the path travelled by light in vacuum during a time interval of 1/299 792 458 of a second.</gml:description>
					<gml:identifier codeSpace="urn:x-ogc:tc:arch:doc-rp(05-010)">urn:x-ogc:def:uom:OGC:m</gml:identifier>
					<gml:name>metre</gml:name>
					<gml:name xml:lang="eng-us">meter</gml:name>
					<gml:name codeSpace="http://aurora.regenstrief.org/~schadow/units/UCUM/ucum.html">m</gml:name>
					<gml:quantityType>length</gml:quantityType>
					<gml:catalogSymbol codeSpace="http://www.bipm.fr/en/si/">m</gml:catalogSymbol>
					<gml:unitsSystem xlink:href="http://www.bipm.fr/en/si/"/>
				</gml:BaseUnit>
			</gml:dictionaryEntry>
			<gml:dictionaryEntry>
				<gml:BaseUnit gml:id="kg">
					<gml:description>The kilogram is the unit of mass; it is equal to the mass of the international prototype of the kilogram.</gml:description>
					<gml:identifier codeSpace="urn:x-ogc:tc:arch:doc-rp(05-010)">urn:x-ogc:def:uom:OGC:kg</gml:identifier>
					<gml:name>kilogram</gml:name>
					<gml:name codeSpace="http://aurora.regenstrief.org/~schadow/units/UCUM/ucum.html">kg</gml:name>
					<gml:quantityType>Mass</gml:quantityType>
					<gml:catalogSymbol codeSpace="http://www.bipm.fr/en/si/">kg</gml:catalogSymbol>
					<gml:unitsSystem xlink:href="http://www.bipm.fr/en/si/"/>
				</gml:BaseUnit>
			</gml:dictionaryEntry>
			<gml:dictionaryEntry>
				<gml:BaseUnit gml:id="s">
					<gml:description>The second is the duration of 9 192 631 770 periods of the radiation corresponding to the transition between the two hyperfine levels of the ground state of the caesium 133 atom.</gml:description>
					<gml:identifier codeSpace="urn:x-ogc:tc:arch:doc-rp(05-010)">urn:x-ogc:def:uom:OGC:s</gml:identifier>
					<gml:name>second</gml:name>
					<gml:name codeSpace="http://aurora.regenstrief.org/~schadow/units/UCUM/ucum.html">s</gml:name>
					<gml:quantityType>Time</gml:quantityType>
					<gml:catalogSymbol codeSpace="http://www.bipm.fr/en/si/">s</gml:catalogSymbol>
					<gml:unitsSystem xlink:href="http://www.bipm.fr/en/si/"/>
				</gml:BaseUnit>
			</gml:dictionaryEntry>
			<gml:dictionaryEntry>
				<gml:BaseUnit gml:id="A">
					<gml:description>The ampere is that constant current which, if maintained in two straight parallel conductors of infinite length, of negligible circular cross-section, and placed 1 metre apart in vacuum, would produce between these conductors a force equal to 2 × 10-7 newton per metre of length.</gml:description>
					<gml:identifier codeSpace="urn:x-ogc:tc:arch:doc-rp(05-010)">urn:x-ogc:def:uom:OGC:A</gml:identifier>
					<gml:name>Ampere</gml:name>
					<gml:name codeSpace="http://aurora.regenstrief.org/~schadow/units/UCUM/ucum.html">A</gml:name>
					<gml:quantityType>Electric current</gml:quantityType>
					<gml:catalogSymbol codeSpace="http://www.bipm.fr/en/si/">A</gml:catalogSymbol>
					<gml:unitsSystem xlink:href="http://www.bipm.fr/en/si/"/>
				</gml:BaseUnit>
			</gml:dictionaryEntry>
			<gml:dictionaryEntry>
				<gml:BaseUnit gml:id="K">
					<gml:description>The kelvin, unit of thermodynamic temperature, is the fraction 1/273.16 of the thermodynamic temperature of the triple point of water.</gml:description>
					<gml:identifier codeSpace="urn:x-ogc:tc:arch:doc-rp(05-010)">urn:x-ogc:def:uom:OGC:K</gml:identifier>
					<gml:name>kelvin</gml:name>
					<gml:name codeSpace="http://aurora.regenstrief.org/~schadow/units/UCUM/ucum.html">K</gml:name>
					<gml:quantityType>Thermodynamic temperature</gml:quantityType>
					<gml:catalogSymbol codeSpace="http://www.bipm.fr/en/si/">K</gml:catalogSymbol>
					<gml:unitsSystem xlink:href="http://www.bipm.fr/en/si/"/>
				</gml:BaseUnit>
			</gml:dictionaryEntry>
			<gml:dictionaryEntry>
				<gml:BaseUnit gml:id="mol">
					<gml:description>1. The mole is the amount of substance of a system which contains as many elementary entities as there are atoms in 0.012 kilogram of carbon 12. 
2. When the mole is used, the elementary entities must be specified and may be atoms, molecules, ions, electrons, other particles, or specified groups of such particles.</gml:description>
					<gml:identifier codeSpace="urn:x-ogc:tc:arch:doc-rp(05-010)">urn:x-ogc:def:uom:OGC:mol</gml:identifier>
					<gml:name>mole</gml:name>
					<gml:name codeSpace="http://aurora.regenstrief.org/~schadow/units/UCUM/ucum.html">mol</gml:name>
					<gml:quantityType>Amount of substance</gml:quantityType>
					<gml:catalogSymbol codeSpace="http://www.bipm.fr/en/si/">mol</gml:catalogSymbol>
					<gml:unitsSystem xlink:href="http://www.bipm.fr/en/si/"/>
				</gml:BaseUnit>
			</gml:dictionaryEntry>
			<gml:dictionaryEntry>
				<gml:BaseUnit gml:id="cd">
					<gml:description>The candela is the luminous intensity, in a given direction, of a source that emits monochromatic radiation of frequency 540 × 1012 hertz and that has a radiant intensity in that direction of 1/683 watt per steradian.</gml:description>
					<gml:identifier codeSpace="urn:x-ogc:tc:arch:doc-rp(05-010)">urn:x-ogc:def:uom:OGC:cd</gml:identifier>
					<gml:name>candela</gml:name>
					<gml:name codeSpace="http://aurora.regenstrief.org/~schadow/units/UCUM/ucum.html">cd</gml:name>
					<gml:quantityType>Luminous intensity</gml:quantityType>
					<gml:catalogSymbol codeSpace="http://www.bipm.fr/en/si/">cd</gml:catalogSymbol>
					<gml:unitsSystem xlink:href="http://www.bipm.fr/en/si/"/>
				</gml:BaseUnit>
			</gml:dictionaryEntry>
		</gml:Dictionary>
	</gml:dictionaryEntry>
	<gml:dictionaryEntry>
		<gml:Dictionary gml:id="SIDerivedUnits">
			<gml:description>The Derived Units from the SI units system.  These are all derived as a product of SI Base Units, except degrees Celsius in which the conversion formaula to the SI Base Unit (kelvin) involves an offset.  
			Given in tables 2, 3 of ISO 31-0</gml:description>
			<gml:descriptionReference xlink:href="http://www.bipm.fr/en/si/derived_units/"/>
			<gml:identifier codeSpace="urn:x-ogc:tc:arch:doc-rp(05-010)">urn:x-ogc:def:uom:OGC:SI_derived</gml:identifier>
			<gml:name>SI Derived Units</gml:name>
			<gml:dictionaryEntry>
				<gml:DerivedUnit gml:id="rad">
					<gml:identifier codeSpace="urn:x-ogc:tc:arch:doc-rp(05-010)">urn:x-ogc:def:uom:OGC:rad</gml:identifier>
					<gml:name>radian</gml:name>
					<gml:name codeSpace="http://aurora.regenstrief.org/~schadow/units/UCUM/ucum.html">rad</gml:name>
					<gml:quantityType>plane angle</gml:quantityType>
					<gml:catalogSymbol codeSpace="http://www.bipm.fr/en/si/">rad</gml:catalogSymbol>
					<gml:derivationUnitTerm uom="#m" exponent="1"/>
					<gml:derivationUnitTerm uom="#m" exponent="-1"/>
				</gml:DerivedUnit>
			</gml:dictionaryEntry>
			<gml:dictionaryEntry>
				<gml:DerivedUnit gml:id="sr">
					<gml:identifier codeSpace="urn:x-ogc:tc:arch:doc-rp(05-010)">urn:x-ogc:def:uom:OGC:sr</gml:identifier>
					<gml:name>steradian</gml:name>
					<gml:name codeSpace="http://aurora.regenstrief.org/~schadow/units/UCUM/ucum.html">sr</gml:name>
					<gml:quantityType>solid angle</gml:quantityType>
					<gml:catalogSymbol codeSpace="http://www.bipm.fr/en/si/">sr</gml:catalogSymbol>
					<gml:derivationUnitTerm uom="#m" exponent="2"/>
					<gml:derivationUnitTerm uom="#m" exponent="-2"/>
				</gml:DerivedUnit>
			</gml:dictionaryEntry>
			<gml:dictionaryEntry>
				<gml:DerivedUnit gml:id="Hz">
					<gml:identifier codeSpace="urn:x-ogc:tc:arch:doc-rp(05-010)">urn:x-ogc:def:uom:OGC:Hz</gml:identifier>
					<gml:name>hertz</gml:name>
					<gml:name codeSpace="http://aurora.regenstrief.org/~schadow/units/UCUM/ucum.html">Hz</gml:name>
					<gml:quantityType>frequency</gml:quantityType>
					<gml:catalogSymbol codeSpace="http://www.bipm.fr/en/si/">Hz</gml:catalogSymbol>
					<gml:derivationUnitTerm uom="#s" exponent="-1"/>
				</gml:DerivedUnit>
			</gml:dictionaryEntry>
			<gml:dictionaryEntry>
				<gml:DerivedUnit gml:id="N">
					<gml:identifier codeSpace="urn:x-ogc:tc:arch:doc-rp(05-010)">urn:x-ogc:def:uom:OGC:N</gml:identifier>
					<gml:name>newton</gml:name>
					<gml:name codeSpace="http://aurora.regenstrief.org/~schadow/units/UCUM/ucum.html">N</gml:name>
					<gml:quantityType>force</gml:quantityType>
					<gml:catalogSymbol codeSpace="http://www.bipm.fr/en/si/">N</gml:catalogSymbol>
					<gml:derivationUnitTerm uom="#m" exponent="1"/>
					<gml:derivationUnitTerm uom="#kg" exponent="1"/>
					<gml:derivationUnitTerm uom="#s" exponent="-2"/>
				</gml:DerivedUnit>
			</gml:dictionaryEntry>
			<gml:dictionaryEntry>
				<gml:DerivedUnit gml:id="Pa">
					<gml:identifier codeSpace="urn:x-ogc:tc:arch:doc-rp(05-010)">urn:x-ogc:def:uom:OGC:Pa</gml:identifier>
					<gml:name>pascal</gml:name>
					<gml:name codeSpace="http://aurora.regenstrief.org/~schadow/units/UCUM/ucum.html">Pa</gml:name>
					<gml:quantityType>pressure, stress</gml:quantityType>
					<gml:catalogSymbol codeSpace="http://www.bipm.fr/en/si/">Pa</gml:catalogSymbol>
					<gml:derivationUnitTerm uom="#N" exponent="1"/>
					<gml:derivationUnitTerm uom="#m" exponent="-2"/>
				</gml:DerivedUnit>
			</gml:dictionaryEntry>
			<gml:dictionaryEntry>
				<gml:DerivedUnit gml:id="J">
					<gml:identifier codeSpace="urn:x-ogc:tc:arch:doc-rp(05-010)">urn:x-ogc:def:uom:OGC:J</gml:identifier>
					<gml:name>joule</gml:name>
					<gml:name codeSpace="http://aurora.regenstrief.org/~schadow/units/UCUM/ucum.html">J</gml:name>
					<gml:quantityType>energy, work, quantity of heat</gml:quantityType>
					<gml:catalogSymbol codeSpace="http://www.bipm.fr/en/si/">J</gml:catalogSymbol>
					<gml:derivationUnitTerm uom="#N" exponent="1"/>
					<gml:derivationUnitTerm uom="#m" exponent="1"/>
				</gml:DerivedUnit>
			</gml:dictionaryEntry>
			<gml:dictionaryEntry>
				<gml:DerivedUnit gml:id="W">
					<gml:identifier codeSpace="urn:x-ogc:tc:arch:doc-rp(05-010)">urn:x-ogc:def:uom:OGC:W</gml:identifier>
					<gml:name>watt</gml:name>
					<gml:name codeSpace="http://aurora.regenstrief.org/~schadow/units/UCUM/ucum.html">W</gml:name>
					<gml:quantityType>power, radiant flux</gml:quantityType>
					<gml:catalogSymbol codeSpace="http://www.bipm.fr/en/si/">W</gml:catalogSymbol>
					<gml:derivationUnitTerm uom="#J" exponent="1"/>
					<gml:derivationUnitTerm uom="#s" exponent="-1"/>
				</gml:DerivedUnit>
			</gml:dictionaryEntry>
			<gml:dictionaryEntry>
				<gml:DerivedUnit gml:id="C">
					<gml:identifier codeSpace="urn:x-ogc:tc:arch:doc-rp(05-010)">urn:x-ogc:def:uom:OGC:C</gml:identifier>
					<gml:name>coulomb</gml:name>
					<gml:name codeSpace="http://aurora.regenstrief.org/~schadow/units/UCUM/ucum.html">C</gml:name>
					<gml:quantityType>electric charge, quantity of electricity</gml:quantityType>
					<gml:catalogSymbol codeSpace="http://www.bipm.fr/en/si/">C</gml:catalogSymbol>
					<gml:derivationUnitTerm uom="#s" exponent="1"/>
					<gml:derivationUnitTerm uom="#A" exponent="1"/>
				</gml:DerivedUnit>
			</gml:dictionaryEntry>
			<gml:dictionaryEntry>
				<gml:DerivedUnit gml:id="V">
					<gml:identifier codeSpace="urn:x-ogc:tc:arch:doc-rp(05-010)">urn:x-ogc:def:uom:OGC:V</gml:identifier>
					<gml:name>volt</gml:name>
					<gml:name codeSpace="http://aurora.regenstrief.org/~schadow/units/UCUM/ucum.html">V</gml:name>
					<gml:quantityType>electric potential difference, electromotive force</gml:quantityType>
					<gml:catalogSymbol codeSpace="http://www.bipm.fr/en/si/">V</gml:catalogSymbol>
					<gml:derivationUnitTerm uom="#W" exponent="1"/>
					<gml:derivationUnitTerm uom="#A" exponent="-1"/>
				</gml:DerivedUnit>
			</gml:dictionaryEntry>
			<gml:dictionaryEntry>
				<gml:DerivedUnit gml:id="F">
					<gml:identifier codeSpace="urn:x-ogc:tc:arch:doc-rp(05-010)">urn:x-ogc:def:uom:OGC:F</gml:identifier>
					<gml:name>farad</gml:name>
					<gml:name codeSpace="http://aurora.regenstrief.org/~schadow/units/UCUM/ucum.html">F</gml:name>
					<gml:quantityType>capacitance</gml:quantityType>
					<gml:catalogSymbol codeSpace="http://www.bipm.fr/en/si/">F</gml:catalogSymbol>
					<gml:derivationUnitTerm uom="#C" exponent="1"/>
					<gml:derivationUnitTerm uom="#V" exponent="-1"/>
				</gml:DerivedUnit>
			</gml:dictionaryEntry>
			<gml:dictionaryEntry>
				<gml:DerivedUnit gml:id="ohm">
					<gml:identifier codeSpace="urn:x-ogc:tc:arch:doc-rp(05-010)">urn:x-ogc:def:uom:OGC:ohm</gml:identifier>
					<gml:name>Ohm</gml:name>
					<gml:name codeSpace="http://aurora.regenstrief.org/~schadow/units/UCUM/ucum.html">Ohm</gml:name>
					<gml:quantityType>electric resistance</gml:quantityType>
					<gml:catalogSymbol codeSpace="http://www.bipm.fr/en/si/">Ω</gml:catalogSymbol>
					<gml:derivationUnitTerm uom="#V" exponent="1"/>
					<gml:derivationUnitTerm uom="#A" exponent="-1"/>
				</gml:DerivedUnit>
			</gml:dictionaryEntry>
			<gml:dictionaryEntry>
				<gml:DerivedUnit gml:id="S">
					<gml:identifier codeSpace="urn:x-ogc:tc:arch:doc-rp(05-010)">urn:x-ogc:def:uom:OGC:S</gml:identifier>
					<gml:name>Siemens</gml:name>
					<gml:name codeSpace="http://aurora.regenstrief.org/~schadow/units/UCUM/ucum.html">S</gml:name>
					<gml:quantityType>electric conductance</gml:quantityType>
					<gml:catalogSymbol codeSpace="http://www.bipm.fr/en/si/">S</gml:catalogSymbol>
					<gml:derivationUnitTerm uom="#A" exponent="1"/>
					<gml:derivationUnitTerm uom="#V" exponent="-1"/>
				</gml:DerivedUnit>
			</gml:dictionaryEntry>
			<gml:dictionaryEntry>
				<gml:DerivedUnit gml:id="Wb">
					<gml:identifier codeSpace="urn:x-ogc:tc:arch:doc-rp(05-010)">urn:x-ogc:def:uom:OGC:Wb</gml:identifier>
					<gml:name>Weber</gml:name>
					<gml:name codeSpace="http://aurora.regenstrief.org/~schadow/units/UCUM/ucum.html">Wb</gml:name>
					<gml:quantityType>magnetic flux</gml:quantityType>
					<gml:catalogSymbol codeSpace="http://www.bipm.fr/en/si/">Wb</gml:catalogSymbol>
					<gml:derivationUnitTerm uom="#V" exponent="1"/>
					<gml:derivationUnitTerm uom="#s" exponent="1"/>
				</gml:DerivedUnit>
			</gml:dictionaryEntry>
			<gml:dictionaryEntry>
				<gml:DerivedUnit gml:id="T">
					<gml:identifier codeSpace="urn:x-ogc:tc:arch:doc-rp(05-010)">urn:x-ogc:def:uom:OGC:T</gml:identifier>
					<gml:name>Tesla</gml:name>
					<gml:name codeSpace="http://aurora.regenstrief.org/~schadow/units/UCUM/ucum.html">T</gml:name>
					<gml:quantityType>magnetic flux density</gml:quantityType>
					<gml:catalogSymbol codeSpace="http://www.bipm.fr/en/si/">T</gml:catalogSymbol>
					<gml:derivationUnitTerm uom="#Wb" exponent="1"/>
					<gml:derivationUnitTerm uom="#m" exponent="-2"/>
				</gml:DerivedUnit>
			</gml:dictionaryEntry>
			<gml:dictionaryEntry>
				<gml:DerivedUnit gml:id="H">
					<gml:identifier codeSpace="urn:x-ogc:tc:arch:doc-rp(05-010)">urn:x-ogc:def:uom:OGC:H</gml:identifier>
					<gml:name>Henry</gml:name>
					<gml:name codeSpace="http://aurora.regenstrief.org/~schadow/units/UCUM/ucum.html">H</gml:name>
					<gml:quantityType>inductance</gml:quantityType>
					<gml:catalogSymbol codeSpace="http://www.bipm.fr/en/si/">H</gml:catalogSymbol>
					<gml:derivationUnitTerm uom="#Wb" exponent="1"/>
					<gml:derivationUnitTerm uom="#A" exponent="-1"/>
				</gml:DerivedUnit>
			</gml:dictionaryEntry>
			<gml:dictionaryEntry>
				<gml:ConventionalUnit gml:id="degC">
					<gml:identifier codeSpace="urn:x-ogc:tc:arch:doc-rp(05-010)">urn:x-ogc:def:uom:OGC:degC</gml:identifier>
					<gml:name>degree Celsius</gml:name>
					<gml:name codeSpace="http://aurora.regenstrief.org/~schadow/units/UCUM/ucum.html">Cel</gml:name>
					<gml:quantityType>Celsius temperature</gml:quantityType>
					<gml:catalogSymbol codeSpace="http://www.bipm.fr/en/si/">°C</gml:catalogSymbol>
					<gml:conversionToPreferredUnit uom="#K">
						<gml:formula>
							<gml:a>273.16</gml:a>
							<gml:b>1</gml:b>
							<gml:c>1</gml:c>
						</gml:formula>
					</gml:conversionToPreferredUnit>
				</gml:ConventionalUnit>
			</gml:dictionaryEntry>
			<gml:dictionaryEntry>
				<gml:DerivedUnit gml:id="lm">
					<gml:identifier codeSpace="urn:x-ogc:tc:arch:doc-rp(05-010)">urn:x-ogc:def:uom:OGC:lm</gml:identifier>
					<gml:name>lumen</gml:name>
					<gml:name codeSpace="http://aurora.regenstrief.org/~schadow/units/UCUM/ucum.html">lm</gml:name>
					<gml:quantityType>luminous flux</gml:quantityType>
					<gml:catalogSymbol codeSpace="http://www.bipm.fr/en/si/">lm</gml:catalogSymbol>
					<gml:derivationUnitTerm uom="#cd" exponent="1"/>
					<gml:derivationUnitTerm uom="#sr" exponent="1"/>
				</gml:DerivedUnit>
			</gml:dictionaryEntry>
			<gml:dictionaryEntry>
				<gml:DerivedUnit gml:id="lx">
					<gml:identifier codeSpace="urn:x-ogc:tc:arch:doc-rp(05-010)">urn:x-ogc:def:uom:OGC:lx</gml:identifier>
					<gml:name>lux</gml:name>
					<gml:name codeSpace="http://aurora.regenstrief.org/~schadow/units/UCUM/ucum.html">lx</gml:name>
					<gml:quantityType>illuminance</gml:quantityType>
					<gml:catalogSymbol codeSpace="http://www.bipm.fr/en/si/">lx</gml:catalogSymbol>
					<gml:derivationUnitTerm uom="#lm" exponent="1"/>
					<gml:derivationUnitTerm uom="#m" exponent="-2"/>
				</gml:DerivedUnit>
			</gml:dictionaryEntry>
			<gml:dictionaryEntry>
				<gml:DerivedUnit gml:id="Bq">
					<gml:identifier codeSpace="urn:x-ogc:tc:arch:doc-rp(05-010)">urn:x-ogc:def:uom:OGC:Bq</gml:identifier>
					<gml:name>becquerel</gml:name>
					<gml:name codeSpace="http://aurora.regenstrief.org/~schadow/units/UCUM/ucum.html">Bq</gml:name>
					<gml:quantityType>activity (referred to a radionuclide)</gml:quantityType>
					<gml:catalogSymbol codeSpace="http://www.bipm.fr/en/si/">Bq</gml:catalogSymbol>
					<gml:derivationUnitTerm uom="#s" exponent="-1"/>
				</gml:DerivedUnit>
			</gml:dictionaryEntry>
			<gml:dictionaryEntry>
				<gml:DerivedUnit gml:id="Gy">
					<gml:identifier codeSpace="urn:x-ogc:tc:arch:doc-rp(05-010)">urn:x-ogc:def:uom:OGC:Gy</gml:identifier>
					<gml:name>gray</gml:name>
					<gml:name codeSpace="http://aurora.regenstrief.org/~schadow/units/UCUM/ucum.html">Gy</gml:name>
					<gml:quantityType>absorbed dose, specific energy (imparted), kerma</gml:quantityType>
					<gml:catalogSymbol codeSpace="http://www.bipm.fr/en/si/">Gy</gml:catalogSymbol>
					<gml:derivationUnitTerm uom="#J" exponent="1"/>
					<gml:derivationUnitTerm uom="#kg" exponent="-1"/>
				</gml:DerivedUnit>
			</gml:dictionaryEntry>
			<gml:dictionaryEntry>
				<gml:DerivedUnit gml:id="Sv">
					<gml:identifier codeSpace="urn:x-ogc:tc:arch:doc-rp(05-010)">urn:x-ogc:def:uom:OGC:Sv</gml:identifier>
					<gml:name>sievert</gml:name>
					<gml:name codeSpace="http://aurora.regenstrief.org/~schadow/units/UCUM/ucum.html">Sv</gml:name>
					<gml:quantityType>dose equivalent, ambient dose equivalent, directional dose equivalent, personal dose equivalent, organ equivalent dose</gml:quantityType>
					<gml:catalogSymbol codeSpace="http://www.bipm.fr/en/si/">Sv</gml:catalogSymbol>
					<gml:derivationUnitTerm uom="#J" exponent="1"/>
					<gml:derivationUnitTerm uom="#kg" exponent="-1"/>
				</gml:DerivedUnit>
			</gml:dictionaryEntry>
		</gml:Dictionary>
	</gml:dictionaryEntry>
	<gml:dictionaryEntry>
		<gml:Dictionary gml:id="SIwith">
			<gml:description>Units used with SI, given in table 5 and 6 of ISO 31-0</gml:description>
			<gml:identifier codeSpace="urn:x-ogc:tc:arch:doc-rp(05-010)">urn:x-ogc:def:uom:OGC:SI_used_with</gml:identifier>
			<gml:name>Conventional units.</gml:name>
			<gml:dictionaryEntry>
				<gml:ConventionalUnit gml:id="deg">
					<gml:identifier codeSpace="urn:x-ogc:tc:arch:doc-rp(05-010)">urn:x-ogc:def:uom:OGC:deg</gml:identifier>
					<gml:name>degree</gml:name>
					<gml:name codeSpace="http://aurora.regenstrief.org/~schadow/units/UCUM/ucum.html">deg</gml:name>
					<gml:quantityType>plane angle</gml:quantityType>
					<gml:catalogSymbol>deg</gml:catalogSymbol>
					<gml:conversionToPreferredUnit uom="#rad">
						<gml:factor>0.017453292519943295769236907684886</gml:factor>
					</gml:conversionToPreferredUnit>
				</gml:ConventionalUnit>
			</gml:dictionaryEntry>
			<gml:dictionaryEntry>
				<gml:ConventionalUnit gml:id="min_arc">
					<gml:identifier codeSpace="urn:x-ogc:tc:arch:doc-rp(05-010)">urn:x-ogc:def:uom:OGC:min_arc</gml:identifier>
					<gml:name>minute</gml:name>
					<gml:name codeSpace="http://aurora.regenstrief.org/~schadow/units/UCUM/ucum.html">'</gml:name>
					<gml:quantityType>plane angle</gml:quantityType>
					<gml:catalogSymbol>'</gml:catalogSymbol>
					<gml:conversionToPreferredUnit uom="#rad">
						<gml:factor>2.9088820866572159615394846141477e-4</gml:factor>
					</gml:conversionToPreferredUnit>
				</gml:ConventionalUnit>
			</gml:dictionaryEntry>
			<gml:dictionaryEntry>
				<gml:ConventionalUnit gml:id="sec_arc">
					<gml:identifier codeSpace="urn:x-ogc:tc:arch:doc-rp(05-010)">urn:x-ogc:def:uom:OGC:sec_arc</gml:identifier>
					<gml:name>second</gml:name>
					<gml:name codeSpace="http://aurora.regenstrief.org/~schadow/units/UCUM/ucum.html">"</gml:name>
					<gml:quantityType>plane angle</gml:quantityType>
					<gml:catalogSymbol>"</gml:catalogSymbol>
					<gml:conversionToPreferredUnit uom="#rad">
						<gml:factor>4.8481368110953599358991410235795e-6</gml:factor>
					</gml:conversionToPreferredUnit>
				</gml:ConventionalUnit>
			</gml:dictionaryEntry>
			<gml:dictionaryEntry>
				<gml:ConventionalUnit gml:id="Tonne">
					<gml:identifier codeSpace="urn:x-ogc:tc:arch:doc-rp(05-010)">urn:x-ogc:def:uom:OGC:Tonne</gml:identifier>
					<gml:name>tonne</gml:name>
					<gml:name codeSpace="http://aurora.regenstrief.org/~schadow/units/UCUM/ucum.html">t</gml:name>
					<gml:quantityType>mass</gml:quantityType>
					<gml:catalogSymbol>t</gml:catalogSymbol>
					<gml:conversionToPreferredUnit uom="#kg">
						<gml:factor>1.e3</gml:factor>
					</gml:conversionToPreferredUnit>
				</gml:ConventionalUnit>
			</gml:dictionaryEntry>
			<gml:dictionaryEntry>
				<gml:ConventionalUnit gml:id="d">
					<gml:identifier codeSpace="urn:x-ogc:tc:arch:doc-rp(05-010)">urn:x-ogc:def:uom:OGC:d</gml:identifier>
					<gml:name>day</gml:name>
					<gml:name codeSpace="http://aurora.regenstrief.org/~schadow/units/UCUM/ucum.html">d</gml:name>
					<gml:quantityType>Time</gml:quantityType>
					<gml:catalogSymbol>d</gml:catalogSymbol>
					<gml:conversionToPreferredUnit uom="#s">
						<gml:factor>86400</gml:factor>
					</gml:conversionToPreferredUnit>
				</gml:ConventionalUnit>
			</gml:dictionaryEntry>
			<gml:dictionaryEntry>
				<gml:ConventionalUnit gml:id="h">
					<gml:identifier codeSpace="urn:x-ogc:tc:arch:doc-rp(05-010)">urn:x-ogc:def:uom:OGC:h</gml:identifier>
					<gml:name>hour</gml:name>
					<gml:name codeSpace="http://aurora.regenstrief.org/~schadow/units/UCUM/ucum.html">h</gml:name>
					<gml:quantityType>Time</gml:quantityType>
					<gml:catalogSymbol>h</gml:catalogSymbol>
					<gml:conversionToPreferredUnit uom="#s">
						<gml:factor>3600</gml:factor>
					</gml:conversionToPreferredUnit>
				</gml:ConventionalUnit>
			</gml:dictionaryEntry>
			<gml:dictionaryEntry>
				<gml:ConventionalUnit gml:id="min">
					<gml:identifier codeSpace="urn:x-ogc:tc:arch:doc-rp(05-010)">urn:x-ogc:def:uom:OGC:min</gml:identifier>
					<gml:name>minute</gml:name>
					<gml:name codeSpace="http://aurora.regenstrief.org/~schadow/units/UCUM/ucum.html">min</gml:name>
					<gml:quantityType>Time</gml:quantityType>
					<gml:catalogSymbol>min</gml:catalogSymbol>
					<gml:conversionToPreferredUnit uom="#s">
						<gml:factor>60</gml:factor>
					</gml:conversionToPreferredUnit>
				</gml:ConventionalUnit>
			</gml:dictionaryEntry>
			<gml:dictionaryEntry>
				<gml:ConventionalUnit gml:id="eV">
					<gml:identifier codeSpace="urn:x-ogc:tc:arch:doc-rp(05-010)">urn:x-ogc:def:uom:OGC:eV</gml:identifier>
					<gml:name>electron volt</gml:name>
					<gml:name codeSpace="http://aurora.regenstrief.org/~schadow/units/UCUM/ucum.html">eV</gml:name>
					<gml:quantityType>energy</gml:quantityType>
					<gml:catalogSymbol>eV</gml:catalogSymbol>
					<gml:conversionToPreferredUnit uom="#J">
						<gml:factor>1.60217733e-19</gml:factor>
					</gml:conversionToPreferredUnit>
				</gml:ConventionalUnit>
			</gml:dictionaryEntry>
			<gml:dictionaryEntry>
				<gml:ConventionalUnit gml:id="l">
					<gml:identifier codeSpace="urn:x-ogc:tc:arch:doc-rp(05-010)">urn:x-ogc:def:uom:OGC:l</gml:identifier>
					<gml:name>litre</gml:name>
					<gml:name codeSpace="http://aurora.regenstrief.org/~schadow/units/UCUM/ucum.html">l</gml:name>
					<gml:quantityType>Volume</gml:quantityType>
					<gml:conversionToPreferredUnit uom="#m3">
						<gml:factor>0.001</gml:factor>
					</gml:conversionToPreferredUnit>
				</gml:ConventionalUnit>
			</gml:dictionaryEntry>
			<gml:dictionaryEntry>
				<gml:ConventionalUnit gml:id="u">
					<gml:identifier codeSpace="urn:x-ogc:tc:arch:doc-rp(05-010)">urn:x-ogc:def:uom:OGC:u</gml:identifier>
					<gml:name>unified atomic mass unit</gml:name>
					<gml:name codeSpace="http://aurora.regenstrief.org/~schadow/units/UCUM/ucum.html">u</gml:name>
					<gml:quantityType>Mass</gml:quantityType>
					<gml:catalogSymbol>u</gml:catalogSymbol>
					<gml:conversionToPreferredUnit uom="kg">
						<gml:factor>1.6605402e-27</gml:factor>
					</gml:conversionToPreferredUnit>
				</gml:ConventionalUnit>
			</gml:dictionaryEntry>
		</gml:Dictionary>
	</gml:dictionaryEntry>
	<!-- ========================================= -->
	<gml:dictionaryEntry>
		<gml:Dictionary gml:id="ConvUnits">
			<gml:description>A collection of other Conventional Units.  
			These are units of measure which are either widely used or important within a specific community.  
			For most of these there is 
1. a known derivation from more primitive units, which may or may not be SI Base Units, or 
2. a known conversion to a preferred unit, which may or may not be an SI Base or Derived unit, through rescaling and offset, 
or both.  </gml:description>
			<gml:identifier codeSpace="urn:x-ogc:tc:arch:doc-rp(05-010)">urn:x-ogc:def:uom:OGC:Conventional</gml:identifier>
			<gml:name>Conventional units.</gml:name>
			<!-- Time -->
			<gml:dictionaryEntry>
				<gml:ConventionalUnit gml:id="Ma">
					<gml:identifier codeSpace="urn:x-ogc:tc:arch:doc-rp(05-010)">urn:x-ogc:def:uom:OGC:Ma</gml:identifier>
					<gml:name>million year</gml:name>
					<gml:name codeSpace="http://aurora.regenstrief.org/~schadow/units/UCUM/ucum.html">Ma</gml:name>
					<gml:quantityType>Time</gml:quantityType>
					<gml:catalogSymbol>Ma</gml:catalogSymbol>
					<gml:conversionToPreferredUnit uom="#s">
						<gml:factor>3.155815e13</gml:factor>
					</gml:conversionToPreferredUnit>
				</gml:ConventionalUnit>
			</gml:dictionaryEntry>
			<gml:dictionaryEntry>
				<gml:ConventionalUnit gml:id="a">
					<gml:identifier codeSpace="urn:x-ogc:tc:arch:doc-rp(05-010)">urn:x-ogc:def:uom:OGC:a</gml:identifier>
					<gml:name>sidereal year</gml:name>
					<gml:name codeSpace="http://aurora.regenstrief.org/~schadow/units/UCUM/ucum.html">a</gml:name>
					<gml:quantityType>Time</gml:quantityType>
					<gml:catalogSymbol>a</gml:catalogSymbol>
					<gml:conversionToPreferredUnit uom="#s">
						<gml:factor>3.155815e7</gml:factor>
					</gml:conversionToPreferredUnit>
				</gml:ConventionalUnit>
			</gml:dictionaryEntry>
			<gml:dictionaryEntry>
				<gml:ConventionalUnit gml:id="wk">
					<gml:identifier codeSpace="urn:x-ogc:tc:arch:doc-rp(05-010)">urn:x-ogc:def:uom:OGC:wk</gml:identifier>
					<gml:name>week</gml:name>
					<gml:name codeSpace="http://aurora.regenstrief.org/~schadow/units/UCUM/ucum.html">wk</gml:name>
					<gml:quantityType>Time</gml:quantityType>
					<gml:catalogSymbol>wk</gml:catalogSymbol>
					<gml:conversionToPreferredUnit uom="#s">
						<gml:factor>604800</gml:factor>
					</gml:conversionToPreferredUnit>
				</gml:ConventionalUnit>
			</gml:dictionaryEntry>
			<gml:dictionaryEntry>
				<gml:ConventionalUnit gml:id="ms">
					<gml:identifier codeSpace="urn:x-ogc:tc:arch:doc-rp(05-010)">urn:x-ogc:def:uom:OGC:ms</gml:identifier>
					<gml:name>millsecond</gml:name>
					<gml:name codeSpace="http://aurora.regenstrief.org/~schadow/units/UCUM/ucum.html">ms</gml:name>
					<gml:quantityType>Time</gml:quantityType>
					<gml:catalogSymbol>ms</gml:catalogSymbol>
					<gml:conversionToPreferredUnit uom="#s">
						<gml:factor>0.001</gml:factor>
					</gml:conversionToPreferredUnit>
				</gml:ConventionalUnit>
			</gml:dictionaryEntry>
			<!-- Frequency -->
			<gml:dictionaryEntry>
				<gml:ConventionalUnit gml:id="kHz">
					<gml:identifier codeSpace="urn:x-ogc:tc:arch:doc-rp(05-010)">urn:x-ogc:def:uom:OGC:kHz</gml:identifier>
					<gml:name>kiloHertz</gml:name>
					<gml:name codeSpace="http://aurora.regenstrief.org/~schadow/units/UCUM/ucum.html">kHz</gml:name>
					<gml:quantityType>frequency</gml:quantityType>
					<gml:catalogSymbol>kHz</gml:catalogSymbol>
					<gml:conversionToPreferredUnit uom="#Hz">
						<gml:factor>1.e3</gml:factor>
					</gml:conversionToPreferredUnit>
				</gml:ConventionalUnit>
			</gml:dictionaryEntry>
			<gml:dictionaryEntry>
				<gml:ConventionalUnit gml:id="MHz">
					<gml:identifier codeSpace="urn:x-ogc:tc:arch:doc-rp(05-010)">urn:x-ogc:def:uom:OGC:MHz</gml:identifier>
					<gml:name>MegaHertz</gml:name>
					<gml:name codeSpace="http://aurora.regenstrief.org/~schadow/units/UCUM/ucum.html">MHz</gml:name>
					<gml:quantityType>frequency</gml:quantityType>
					<gml:catalogSymbol>MHz</gml:catalogSymbol>
					<gml:conversionToPreferredUnit uom="#Hz">
						<gml:factor>1.e6</gml:factor>
					</gml:conversionToPreferredUnit>
				</gml:ConventionalUnit>
			</gml:dictionaryEntry>
			<gml:dictionaryEntry>
				<gml:ConventionalUnit gml:id="GHz">
					<gml:identifier codeSpace="urn:x-ogc:tc:arch:doc-rp(05-010)">urn:x-ogc:def:uom:OGC:GHz</gml:identifier>
					<gml:name>GigaHertz</gml:name>
					<gml:name codeSpace="http://aurora.regenstrief.org/~schadow/units/UCUM/ucum.html">GHz</gml:name>
					<gml:quantityType>frequency</gml:quantityType>
					<gml:catalogSymbol>GHz</gml:catalogSymbol>
					<gml:conversionToPreferredUnit uom="#Hz">
						<gml:factor>1.e9</gml:factor>
					</gml:conversionToPreferredUnit>
				</gml:ConventionalUnit>
			</gml:dictionaryEntry>
			<!-- Length -->
			<gml:dictionaryEntry>
				<gml:ConventionalUnit gml:id="km">
					<gml:identifier codeSpace="urn:x-ogc:tc:arch:doc-rp(05-010)">urn:x-ogc:def:uom:OGC:km</gml:identifier>
					<gml:name>kilometre</gml:name>
					<gml:name codeSpace="http://aurora.regenstrief.org/~schadow/units/UCUM/ucum.html">km</gml:name>
					<gml:quantityType>length</gml:quantityType>
					<gml:catalogSymbol>km</gml:catalogSymbol>
					<gml:conversionToPreferredUnit uom="#m">
						<gml:factor>1.e3</gml:factor>
					</gml:conversionToPreferredUnit>
				</gml:ConventionalUnit>
			</gml:dictionaryEntry>
			<gml:dictionaryEntry>
				<gml:ConventionalUnit gml:id="cm">
					<gml:identifier codeSpace="urn:x-ogc:tc:arch:doc-rp(05-010)">urn:x-ogc:def:uom:OGC:cm</gml:identifier>
					<gml:name>centimetre</gml:name>
					<gml:name codeSpace="http://aurora.regenstrief.org/~schadow/units/UCUM/ucum.html">cm</gml:name>
					<gml:quantityType>length</gml:quantityType>
					<gml:catalogSymbol>cm</gml:catalogSymbol>
					<gml:conversionToPreferredUnit uom="#m">
						<gml:factor>1.e-2</gml:factor>
					</gml:conversionToPreferredUnit>
				</gml:ConventionalUnit>
			</gml:dictionaryEntry>
			<gml:dictionaryEntry>
				<gml:ConventionalUnit gml:id="mm">
					<gml:identifier codeSpace="urn:x-ogc:tc:arch:doc-rp(05-010)">urn:x-ogc:def:uom:OGC:mm</gml:identifier>
					<gml:name>millimetre</gml:name>
					<gml:name codeSpace="http://aurora.regenstrief.org/~schadow/units/UCUM/ucum.html">mm</gml:name>
					<gml:quantityType>length</gml:quantityType>
					<gml:catalogSymbol>mm</gml:catalogSymbol>
					<gml:conversionToPreferredUnit uom="#m">
						<gml:factor>1.e-3</gml:factor>
					</gml:conversionToPreferredUnit>
				</gml:ConventionalUnit>
			</gml:dictionaryEntry>
			<gml:dictionaryEntry>
				<gml:ConventionalUnit gml:id="um">
					<gml:identifier codeSpace="urn:x-ogc:tc:arch:doc-rp(05-010)">urn:x-ogc:def:uom:OGC:um</gml:identifier>
					<gml:name>micrometre</gml:name>
					<gml:name codeSpace="http://aurora.regenstrief.org/~schadow/units/UCUM/ucum.html">um</gml:name>
					<gml:quantityType>length</gml:quantityType>
					<gml:conversionToPreferredUnit uom="#m">
						<gml:factor>1.e-6</gml:factor>
					</gml:conversionToPreferredUnit>
				</gml:ConventionalUnit>
			</gml:dictionaryEntry>
			<gml:dictionaryEntry>
				<gml:ConventionalUnit gml:id="nm">
					<gml:identifier codeSpace="urn:x-ogc:tc:arch:doc-rp(05-010)">urn:x-ogc:def:uom:OGC:nm</gml:identifier>
					<gml:name>nanometre</gml:name>
					<gml:name codeSpace="http://aurora.regenstrief.org/~schadow/units/UCUM/ucum.html">nm</gml:name>
					<gml:quantityType>length</gml:quantityType>
					<gml:catalogSymbol>nm</gml:catalogSymbol>
					<gml:conversionToPreferredUnit uom="#m">
						<gml:factor>1.e-9</gml:factor>
					</gml:conversionToPreferredUnit>
				</gml:ConventionalUnit>
			</gml:dictionaryEntry>
			<gml:dictionaryEntry>
				<gml:ConventionalUnit gml:id="pm">
					<gml:identifier codeSpace="urn:x-ogc:tc:arch:doc-rp(05-010)">urn:x-ogc:def:uom:OGC:pm</gml:identifier>
					<gml:name>picometre</gml:name>
					<gml:name codeSpace="http://aurora.regenstrief.org/~schadow/units/UCUM/ucum.html">pm</gml:name>
					<gml:quantityType>length</gml:quantityType>
					<gml:catalogSymbol>pm</gml:catalogSymbol>
					<gml:conversionToPreferredUnit uom="#m">
						<gml:factor>1.e-12</gml:factor>
					</gml:conversionToPreferredUnit>
				</gml:ConventionalUnit>
			</gml:dictionaryEntry>
			<gml:dictionaryEntry>
				<gml:ConventionalUnit gml:id="AU">
					<gml:identifier codeSpace="urn:x-ogc:tc:arch:doc-rp(05-010)">urn:x-ogc:def:uom:OGC:AU</gml:identifier>
					<gml:name>Astronomic Unit</gml:name>
					<gml:name codeSpace="http://aurora.regenstrief.org/~schadow/units/UCUM/ucum.html">AU</gml:name>
					<gml:quantityType>length</gml:quantityType>
					<gml:catalogSymbol>AU</gml:catalogSymbol>
					<gml:conversionToPreferredUnit uom="#m">
						<gml:factor>1.4959789e11</gml:factor>
					</gml:conversionToPreferredUnit>
				</gml:ConventionalUnit>
			</gml:dictionaryEntry>
						<!-- Area -->
			<gml:dictionaryEntry>
				<gml:DerivedUnit gml:id="m2">
					<gml:identifier codeSpace="urn:x-ogc:tc:arch:doc-rp(05-010)">urn:x-ogc:def:uom:OGC:m2</gml:identifier>
					<gml:name>metre squared</gml:name>
					<gml:name codeSpace="http://aurora.regenstrief.org/~schadow/units/UCUM/ucum.html">m2</gml:name>
					<gml:quantityType>area</gml:quantityType>
					<gml:derivationUnitTerm uom="m" exponent="2"/>
				</gml:DerivedUnit>
			</gml:dictionaryEntry>
			<gml:dictionaryEntry>
				<gml:ConventionalUnit gml:id="hare">
					<gml:identifier codeSpace="urn:x-ogc:tc:arch:doc-rp(05-010)">urn:x-ogc:def:uom:OGC:hare</gml:identifier>
					<gml:name>hare</gml:name>
					<gml:quantityType>area</gml:quantityType>
					<gml:conversionToPreferredUnit uom="#m2">
						<gml:factor>0.000610609</gml:factor>
					</gml:conversionToPreferredUnit>
				</gml:ConventionalUnit>
			</gml:dictionaryEntry>
			<gml:dictionaryEntry>
				<gml:ConventionalUnit gml:id="are">
					<gml:identifier codeSpace="urn:x-ogc:tc:arch:doc-rp(05-010)">urn:x-ogc:def:uom:OGC:are</gml:identifier>
					<gml:name>are</gml:name>
					<gml:name codeSpace="http://aurora.regenstrief.org/~schadow/units/UCUM/ucum.html">are</gml:name>
					<gml:quantityType>area</gml:quantityType>
					<gml:conversionToPreferredUnit uom="#m2">
						<gml:factor>100</gml:factor>
					</gml:conversionToPreferredUnit>
				</gml:ConventionalUnit>
			</gml:dictionaryEntry>
			<gml:dictionaryEntry>
				<gml:ConventionalUnit gml:id="ha">
					<gml:identifier codeSpace="urn:x-ogc:tc:arch:doc-rp(05-010)">urn:x-ogc:def:uom:OGC:hectare</gml:identifier>
					<gml:name>hectare</gml:name>
					<gml:quantityType>area</gml:quantityType>
					<gml:conversionToPreferredUnit uom="#m2">
						<gml:factor>10000</gml:factor>
					</gml:conversionToPreferredUnit>
				</gml:ConventionalUnit>
			</gml:dictionaryEntry>
			<!-- Volume -->
			<gml:dictionaryEntry>
				<gml:DerivedUnit gml:id="m3">
					<gml:identifier codeSpace="urn:x-ogc:tc:arch:doc-rp(05-010)">urn:x-ogc:def:uom:OGC:m3</gml:identifier>
					<gml:name>cubic metre</gml:name>
					<gml:name codeSpace="http://aurora.regenstrief.org/~schadow/units/UCUM/ucum.html">m3</gml:name>
					<gml:quantityType>Volume</gml:quantityType>
					<gml:derivationUnitTerm uom="#m" exponent="3"/>
				</gml:DerivedUnit>
			</gml:dictionaryEntry>
			<!-- velocity -->
			<gml:dictionaryEntry>
				<gml:DerivedUnit gml:id="m_s">
					<gml:identifier codeSpace="urn:x-ogc:tc:arch:doc-rp(05-010)">urn:x-ogc:def:uom:OGC:m_s</gml:identifier>
					<gml:name>metres per second</gml:name>
					<gml:name codeSpace="http://aurora.regenstrief.org/~schadow/units/UCUM/ucum.html">m/s</gml:name>
					<gml:quantityType>velocity</gml:quantityType>
					<gml:catalogSymbol>m/s</gml:catalogSymbol>
					<gml:derivationUnitTerm uom="#m" exponent="1"/>
					<gml:derivationUnitTerm uom="#s" exponent="-1"/>
				</gml:DerivedUnit>
			</gml:dictionaryEntry>
			<!-- Acceleration -->
			<gml:dictionaryEntry>
				<gml:DerivedUnit gml:id="m_s2">
					<gml:identifier codeSpace="urn:x-ogc:tc:arch:doc-rp(05-010)">urn:x-ogc:def:uom:OGC:m_s2</gml:identifier>
					<gml:name>metres per second per second</gml:name>
					<gml:name codeSpace="http://aurora.regenstrief.org/~schadow/units/UCUM/ucum.html">m.s-2</gml:name>
					<gml:quantityType>acceleration</gml:quantityType>
					<gml:catalogSymbol>m/m2</gml:catalogSymbol>
					<gml:derivationUnitTerm uom="#m" exponent="1"/>
					<gml:derivationUnitTerm uom="#s" exponent="-2"/>
				</gml:DerivedUnit>
			</gml:dictionaryEntry>
			<gml:dictionaryEntry>
				<gml:ConventionalUnit gml:id="Gal">
					<gml:identifier codeSpace="urn:x-ogc:tc:arch:doc-rp(05-010)">urn:x-ogc:def:uom:OGC:Gal</gml:identifier>
					<gml:name>Gal</gml:name>
					<gml:name codeSpace="http://aurora.regenstrief.org/~schadow/units/UCUM/ucum.html">Gal</gml:name>
					<gml:quantityType>acceleration</gml:quantityType>
					<gml:catalogSymbol>Gal</gml:catalogSymbol>
					<gml:conversionToPreferredUnit uom="#m_s2">
						<gml:factor>1.e-2</gml:factor>
					</gml:conversionToPreferredUnit>
				</gml:ConventionalUnit>
			</gml:dictionaryEntry>
			<!-- Mass -->
			<gml:dictionaryEntry>
				<gml:ConventionalUnit gml:id="g">
					<gml:identifier codeSpace="urn:x-ogc:tc:arch:doc-rp(05-010)">urn:x-ogc:def:uom:OGC:g</gml:identifier>
					<gml:name>gram</gml:name>
					<gml:name codeSpace="http://aurora.regenstrief.org/~schadow/units/UCUM/ucum.html">g</gml:name>
					<gml:quantityType>mass</gml:quantityType>
					<gml:catalogSymbol>g</gml:catalogSymbol>
					<gml:conversionToPreferredUnit uom="#kg">
						<gml:factor>1.e-3</gml:factor>
					</gml:conversionToPreferredUnit>
				</gml:ConventionalUnit>
			</gml:dictionaryEntry>
			<gml:dictionaryEntry>
				<gml:ConventionalUnit gml:id="mg">
					<gml:identifier codeSpace="urn:x-ogc:tc:arch:doc-rp(05-010)">urn:x-ogc:def:uom:OGC:mg</gml:identifier>
					<gml:name>milligram</gml:name>
					<gml:name codeSpace="http://aurora.regenstrief.org/~schadow/units/UCUM/ucum.html">mg</gml:name>
					<gml:quantityType>mass</gml:quantityType>
					<gml:catalogSymbol>mg</gml:catalogSymbol>
					<gml:conversionToPreferredUnit uom="#kg">
						<gml:factor>1.e-6</gml:factor>
					</gml:conversionToPreferredUnit>
				</gml:ConventionalUnit>
			</gml:dictionaryEntry>
			<gml:dictionaryEntry>
				<gml:ConventionalUnit gml:id="ug">
					<gml:identifier codeSpace="urn:x-ogc:tc:arch:doc-rp(05-010)">urn:x-ogc:def:uom:OGC:ug</gml:identifier>
					<gml:name>microgram</gml:name>
					<gml:name codeSpace="http://aurora.regenstrief.org/~schadow/units/UCUM/ucum.html">ug</gml:name>
					<gml:quantityType>mass</gml:quantityType>
					<gml:conversionToPreferredUnit uom="#kg">
						<gml:factor>1.e-9</gml:factor>
					</gml:conversionToPreferredUnit>
				</gml:ConventionalUnit>
			</gml:dictionaryEntry>
			<gml:dictionaryEntry>
				<gml:ConventionalUnit gml:id="lb">
					<gml:identifier codeSpace="urn:x-ogc:tc:arch:doc-rp(05-010)">urn:x-ogc:def:uom:OGC:lb</gml:identifier>
					<gml:name>pound</gml:name>
					<gml:quantityType>mass</gml:quantityType>
					<gml:catalogSymbol>lb</gml:catalogSymbol>
					<gml:conversionToPreferredUnit uom="#kg">
						<gml:factor>0.45359237</gml:factor>
					</gml:conversionToPreferredUnit>
				</gml:ConventionalUnit>
			</gml:dictionaryEntry>
			<gml:dictionaryEntry>
				<gml:ConventionalUnit gml:id="oz">
					<gml:identifier codeSpace="urn:x-ogc:tc:arch:doc-rp(05-010)">urn:x-ogc:def:uom:OGC:oz</gml:identifier>
					<gml:name>ounce</gml:name>
					<gml:quantityType>mass</gml:quantityType>
					<gml:catalogSymbol>oz</gml:catalogSymbol>
					<gml:conversionToPreferredUnit uom="#kg">
						<gml:factor>0.0283495</gml:factor>
					</gml:conversionToPreferredUnit>
				</gml:ConventionalUnit>
			</gml:dictionaryEntry>
			<gml:dictionaryEntry>
				<gml:ConventionalUnit gml:id="sack">
					<gml:identifier codeSpace="urn:x-ogc:tc:arch:doc-rp(05-010)">urn:x-ogc:def:uom:OGC:sack</gml:identifier>
					<gml:name>sack</gml:name>
					<gml:quantityType>mass</gml:quantityType>
					<gml:catalogSymbol>sack</gml:catalogSymbol>
					<gml:conversionToPreferredUnit uom="#kg">
						<gml:factor>45.3592</gml:factor>
					</gml:conversionToPreferredUnit>
				</gml:ConventionalUnit>
			</gml:dictionaryEntry>
			<gml:dictionaryEntry>
				<gml:ConventionalUnit gml:id="sk94">
					<gml:identifier codeSpace="urn:x-ogc:tc:arch:doc-rp(05-010)">urn:x-ogc:def:uom:OGC:sk94</gml:identifier>
					<gml:name>sk94</gml:name>
					<gml:quantityType>mass</gml:quantityType>
					<gml:catalogSymbol>sk94</gml:catalogSymbol>
					<gml:conversionToPreferredUnit uom="#kg">
						<gml:factor>42.6377</gml:factor>
					</gml:conversionToPreferredUnit>
				</gml:ConventionalUnit>
			</gml:dictionaryEntry>
			<gml:dictionaryEntry>
				<gml:ConventionalUnit gml:id="USTon">
					<gml:identifier codeSpace="urn:x-ogc:tc:arch:doc-rp(05-010)">urn:x-ogc:def:uom:OGC:USTon</gml:identifier>
					<gml:name>US ton</gml:name>
					<gml:quantityType>mass</gml:quantityType>
					<gml:catalogSymbol>ton</gml:catalogSymbol>
					<gml:conversionToPreferredUnit uom="#kg">
						<gml:factor>907.18474</gml:factor>
					</gml:conversionToPreferredUnit>
				</gml:ConventionalUnit>
			</gml:dictionaryEntry>
			<gml:dictionaryEntry>
				<gml:ConventionalUnit gml:id="ImpTon">
					<gml:identifier codeSpace="urn:x-ogc:tc:arch:doc-rp(05-010)">urn:x-ogc:def:uom:OGC:ImpTon</gml:identifier>
					<gml:name>Imperial ton</gml:name>
					<gml:quantityType>mass</gml:quantityType>
					<gml:catalogSymbol>ton</gml:catalogSymbol>
					<gml:conversionToPreferredUnit uom="#kg">
						<gml:factor>1016.0469</gml:factor>
					</gml:conversionToPreferredUnit>
				</gml:ConventionalUnit>
			</gml:dictionaryEntry>
			<gml:dictionaryEntry>
				<gml:ConventionalUnit gml:id="slug">
					<gml:identifier codeSpace="urn:x-ogc:tc:arch:doc-rp(05-010)">urn:x-ogc:def:uom:OGC:slug</gml:identifier>
					<gml:name>slug</gml:name>
					<gml:quantityType>mass</gml:quantityType>
					<gml:catalogSymbol>slug</gml:catalogSymbol>
					<gml:conversionToPreferredUnit uom="#kg">
						<gml:factor>14.593903</gml:factor>
					</gml:conversionToPreferredUnit>
				</gml:ConventionalUnit>
			</gml:dictionaryEntry>
			<!-- Pressure -->
			<gml:dictionaryEntry>
				<gml:ConventionalUnit gml:id="MPa">
					<gml:identifier codeSpace="urn:x-ogc:tc:arch:doc-rp(05-010)">urn:x-ogc:def:uom:OGC:MPa</gml:identifier>
					<gml:name>MegaPascal</gml:name>
					<gml:name codeSpace="http://aurora.regenstrief.org/~schadow/units/UCUM/ucum.html">MPa</gml:name>
					<gml:quantityType>pressure</gml:quantityType>
					<gml:catalogSymbol>MPa</gml:catalogSymbol>
					<gml:conversionToPreferredUnit uom="#Pa">
						<gml:factor>1.e-6</gml:factor>
					</gml:conversionToPreferredUnit>
				</gml:ConventionalUnit>
			</gml:dictionaryEntry>
			<gml:dictionaryEntry>
				<gml:ConventionalUnit gml:id="hPa">
					<gml:identifier codeSpace="urn:x-ogc:tc:arch:doc-rp(05-010)">urn:x-ogc:def:uom:OGC:hPa</gml:identifier>
					<gml:name>hectoPascal</gml:name>
					<gml:name codeSpace="http://aurora.regenstrief.org/~schadow/units/UCUM/ucum.html">hPa</gml:name>
					<gml:quantityType>pressure</gml:quantityType>
					<gml:catalogSymbol>hPa</gml:catalogSymbol>
					<gml:conversionToPreferredUnit uom="#Pa">
						<gml:factor>1.e-2</gml:factor>
					</gml:conversionToPreferredUnit>
				</gml:ConventionalUnit>
			</gml:dictionaryEntry>
			<gml:dictionaryEntry>
				<gml:ConventionalUnit gml:id="kbar">
					<gml:identifier codeSpace="urn:x-ogc:tc:arch:doc-rp(05-010)">urn:x-ogc:def:uom:OGC:kbar</gml:identifier>
					<gml:name>kilobar</gml:name>
					<gml:name codeSpace="http://aurora.regenstrief.org/~schadow/units/UCUM/ucum.html">ug</gml:name>
					<gml:quantityType>pressure</gml:quantityType>
					<gml:catalogSymbol>kbar</gml:catalogSymbol>
					<gml:conversionToPreferredUnit uom="#Pa">
						<gml:factor>1.e8</gml:factor>
					</gml:conversionToPreferredUnit>
				</gml:ConventionalUnit>
			</gml:dictionaryEntry>
			<gml:dictionaryEntry>
				<gml:ConventionalUnit gml:id="bar">
					<gml:identifier codeSpace="urn:x-ogc:tc:arch:doc-rp(05-010)">urn:x-ogc:def:uom:OGC:bar</gml:identifier>
					<gml:name>bar</gml:name>
					<gml:name codeSpace="http://aurora.regenstrief.org/~schadow/units/UCUM/ucum.html">bar</gml:name>
					<gml:quantityType>pressure</gml:quantityType>
					<gml:catalogSymbol>bar</gml:catalogSymbol>
					<gml:conversionToPreferredUnit uom="#Pa">
						<gml:factor>1.e5</gml:factor>
					</gml:conversionToPreferredUnit>
				</gml:ConventionalUnit>
			</gml:dictionaryEntry>
			<gml:dictionaryEntry>
				<gml:ConventionalUnit gml:id="mbar">
					<gml:identifier codeSpace="urn:x-ogc:tc:arch:doc-rp(05-010)">urn:x-ogc:def:uom:OGC:mbar</gml:identifier>
					<gml:name>milliBar</gml:name>
					<gml:name codeSpace="http://aurora.regenstrief.org/~schadow/units/UCUM/ucum.html">mbar</gml:name>
					<gml:quantityType>pressure</gml:quantityType>
					<gml:catalogSymbol>mbar</gml:catalogSymbol>
					<gml:conversionToPreferredUnit uom="#Pa">
						<gml:factor>1.e-1</gml:factor>
					</gml:conversionToPreferredUnit>
				</gml:ConventionalUnit>
			</gml:dictionaryEntry>
			<gml:dictionaryEntry>
				<gml:ConventionalUnit gml:id="atm">
					<gml:identifier codeSpace="urn:x-ogc:tc:arch:doc-rp(05-010)">urn:x-ogc:def:uom:OGC:atm</gml:identifier>
					<gml:name>Atmosphere</gml:name>
					<gml:name codeSpace="http://aurora.regenstrief.org/~schadow/units/UCUM/ucum.html">atm</gml:name>
					<gml:quantityType>pressure</gml:quantityType>
					<gml:catalogSymbol>atm</gml:catalogSymbol>
					<gml:conversionToPreferredUnit uom="#Pa">
						<gml:factor>101325</gml:factor>
					</gml:conversionToPreferredUnit>
				</gml:ConventionalUnit>
			</gml:dictionaryEntry>
			<gml:dictionaryEntry>
				<gml:ConventionalUnit gml:id="psi">
					<gml:identifier codeSpace="urn:x-ogc:tc:arch:doc-rp(05-010)">urn:x-ogc:def:uom:OGC:psi</gml:identifier>
					<gml:name>Pound per square inch</gml:name>
					<gml:name codeSpace="http://aurora.regenstrief.org/~schadow/units/UCUM/ucum.html">psi</gml:name>
					<gml:quantityType>pressure</gml:quantityType>
					<gml:catalogSymbol>psi</gml:catalogSymbol>
					<gml:conversionToPreferredUnit uom="#Pa">
						<gml:factor>6894.76</gml:factor>
					</gml:conversionToPreferredUnit>
				</gml:ConventionalUnit>
			</gml:dictionaryEntry>
			<!-- Force -->
			<gml:dictionaryEntry>
				<gml:ConventionalUnit gml:id="dyn">
					<gml:identifier codeSpace="urn:x-ogc:tc:arch:doc-rp(05-010)">urn:x-ogc:def:uom:OGC:dyne</gml:identifier>
					<gml:name>dyne</gml:name>
					<gml:name codeSpace="http://aurora.regenstrief.org/~schadow/units/UCUM/ucum.html">dyn</gml:name>
					<gml:quantityType>force</gml:quantityType>
					<gml:catalogSymbol>dyn</gml:catalogSymbol>
					<gml:conversionToPreferredUnit uom="#N">
						<gml:factor>1.e-5</gml:factor>
					</gml:conversionToPreferredUnit>
				</gml:ConventionalUnit>
			</gml:dictionaryEntry>
			<!-- Energy and Power -->
			<gml:dictionaryEntry>
				<gml:ConventionalUnit gml:id="hp">
					<gml:identifier codeSpace="urn:x-ogc:tc:arch:doc-rp(05-010)">urn:x-ogc:def:uom:OGC:hp</gml:identifier>
					<gml:name>horsepower</gml:name>
					<gml:name codeSpace="http://aurora.regenstrief.org/~schadow/units/UCUM/ucum.html">HP</gml:name>
					<gml:quantityType>power</gml:quantityType>
					<gml:catalogSymbol>HP</gml:catalogSymbol>
					<gml:conversionToPreferredUnit uom="#W">
						<gml:factor>746</gml:factor>
					</gml:conversionToPreferredUnit>
				</gml:ConventionalUnit>
			</gml:dictionaryEntry>
		<gml:dictionaryEntry>
				<gml:ConventionalUnit gml:id="erg">
					<gml:identifier codeSpace="urn:x-ogc:tc:arch:doc-rp(05-010)">urn:x-ogc:def:uom:OGC:erg</gml:identifier>
					<gml:name>erg</gml:name>
					<gml:name codeSpace="http://aurora.regenstrief.org/~schadow/units/UCUM/ucum.html">erg</gml:name>
					<gml:quantityType>energy</gml:quantityType>
					<gml:catalogSymbol>erg</gml:catalogSymbol>
					<gml:conversionToPreferredUnit uom="#J">
						<gml:factor>1.e-7</gml:factor>
					</gml:conversionToPreferredUnit>
				</gml:ConventionalUnit>
			</gml:dictionaryEntry>
			<gml:dictionaryEntry>
				<gml:ConventionalUnit gml:id="cal">
					<gml:identifier codeSpace="urn:x-ogc:tc:arch:doc-rp(05-010)">urn:x-ogc:def:uom:OGC:cal</gml:identifier>
					<gml:name>thermochemical calorie</gml:name>
					<gml:name codeSpace="http://aurora.regenstrief.org/~schadow/units/UCUM/ucum.html">cal</gml:name>
					<gml:quantityType>energy</gml:quantityType>
					<gml:catalogSymbol>cal</gml:catalogSymbol>
					<gml:conversionToPreferredUnit uom="#J">
						<gml:factor>4.184</gml:factor>
					</gml:conversionToPreferredUnit>
				</gml:ConventionalUnit>
			</gml:dictionaryEntry>
			<gml:dictionaryEntry>
				<gml:ConventionalUnit gml:id="kJ">
					<gml:identifier codeSpace="urn:x-ogc:tc:arch:doc-rp(05-010)">urn:x-ogc:def:uom:OGC:kJ</gml:identifier>
					<gml:name>kiloJoule</gml:name>
					<gml:name codeSpace="http://aurora.regenstrief.org/~schadow/units/UCUM/ucum.html">kJ</gml:name>
					<gml:quantityType>energy</gml:quantityType>
					<gml:catalogSymbol>kJ</gml:catalogSymbol>
					<gml:conversionToPreferredUnit uom="#J">
						<gml:factor>1.e3</gml:factor>
					</gml:conversionToPreferredUnit>
				</gml:ConventionalUnit>
			</gml:dictionaryEntry>
			<gml:dictionaryEntry>
				<gml:DerivedUnit gml:id="kJ_Nm3">
					<gml:identifier codeSpace="urn:x-ogc:tc:arch:doc-rp(05-010)">urn:x-ogc:def:uom:OGC:kJ_Nm3</gml:identifier>
					<gml:name>kilojoules per Newton metre</gml:name>
					<gml:quantityType>Point of evaporation</gml:quantityType>
					<gml:derivationUnitTerm uom="#kJ" exponent="1"/>
					<gml:derivationUnitTerm uom="#N" exponent="-1"/>
					<gml:derivationUnitTerm uom="#m" exponent="-3"/>
				</gml:DerivedUnit>
			</gml:dictionaryEntry>
			<gml:dictionaryEntry>
				<gml:DerivedUnit gml:id="W_m2">
					<gml:identifier codeSpace="urn:x-ogc:tc:arch:doc-rp(05-010)">urn:x-ogc:def:uom:OGC:W_m2</gml:identifier>
					<gml:name>Watts per square metre</gml:name>
					<gml:quantityType>Heat flux</gml:quantityType>
					<gml:derivationUnitTerm uom="#W" exponent="1"/>
					<gml:derivationUnitTerm uom="#m" exponent="-2"/>
				</gml:DerivedUnit>
			</gml:dictionaryEntry>
			<gml:dictionaryEntry>
				<gml:ConventionalUnit gml:id="hfu">
					<gml:identifier codeSpace="urn:x-ogc:tc:arch:doc-rp(05-010)">urn:x-ogc:def:uom:OGC:hfu</gml:identifier>
					<gml:name>heat flux unit</gml:name>
					<gml:quantityType>Heat flux</gml:quantityType>
					<gml:conversionToPreferredUnit uom="#W_m2">
						<gml:factor>4.868e-2</gml:factor>
					</gml:conversionToPreferredUnit>
				</gml:ConventionalUnit>
			</gml:dictionaryEntry>
			<!-- Concentration and density -->
			<gml:dictionaryEntry>
				<gml:ConventionalUnit gml:id="g_l">
					<gml:identifier codeSpace="urn:x-ogc:tc:arch:doc-rp(05-010)">urn:x-ogc:def:uom:OGC:g_l</gml:identifier>
					<gml:name>grams per litre</gml:name>
					<gml:quantityType>w/v concentration</gml:quantityType>
					<gml:conversionToPreferredUnit uom="#kg_m3">
						<gml:factor>1.</gml:factor>
					</gml:conversionToPreferredUnit>
					<gml:derivationUnitTerm uom="#g" exponent="1"/>
					<gml:derivationUnitTerm uom="#l" exponent="-1"/>
				</gml:ConventionalUnit>
			</gml:dictionaryEntry>
			<gml:dictionaryEntry>
				<gml:ConventionalUnit gml:id="ug_m3">
					<gml:identifier codeSpace="urn:x-ogc:tc:arch:doc-rp(05-010)">urn:x-ogc:def:uom:OGC:ug_m3</gml:identifier>
					<gml:name>micrograms per cubic metre</gml:name>
					<gml:quantityType>w/v concentration</gml:quantityType>
					<gml:conversionToPreferredUnit uom="#kg_m3">
						<gml:factor>1.e-9</gml:factor>
					</gml:conversionToPreferredUnit>
					<gml:derivationUnitTerm uom="#ug" exponent="1"/>
					<gml:derivationUnitTerm uom="#m" exponent="-3"/>
				</gml:ConventionalUnit>
			</gml:dictionaryEntry>
			<gml:dictionaryEntry>
				<gml:DerivedUnit gml:id="kg_m3">
					<gml:identifier codeSpace="urn:x-ogc:tc:arch:doc-rp(05-010)">urn:x-ogc:def:uom:OGC:kg_m3</gml:identifier>
					<gml:name>kilograms per cubic metre</gml:name>
					<gml:name codeSpace="http://aurora.regenstrief.org/~schadow/units/UCUM/ucum.html">kg/m3</gml:name>
					<gml:quantityType>Density</gml:quantityType>
					<gml:derivationUnitTerm uom="#kg" exponent="1"/>
					<gml:derivationUnitTerm uom="#m" exponent="-3"/>
				</gml:DerivedUnit>
			</gml:dictionaryEntry>
			<gml:dictionaryEntry>
				<gml:ConventionalUnit gml:id="T_m3">
					<gml:identifier codeSpace="urn:x-ogc:tc:arch:doc-rp(05-010)">urn:x-ogc:def:uom:OGC:T_m3</gml:identifier>
					<gml:name>Tonnes per cubic metre</gml:name>
					<gml:quantityType>Density</gml:quantityType>
					<gml:conversionToPreferredUnit uom="#kg_m3">
						<gml:factor>1000.</gml:factor>
					</gml:conversionToPreferredUnit>
					<gml:derivationUnitTerm uom="#T" exponent="1"/>
					<gml:derivationUnitTerm uom="#m" exponent="-3"/>
				</gml:ConventionalUnit>
			</gml:dictionaryEntry>
			<!-- Dimensionless ratios -->
			<gml:dictionaryEntry>
				<gml:UnitDefinition gml:id="scale">
					<gml:identifier codeSpace="urn:x-ogc:tc:arch:doc-rp(05-010)">urn:x-ogc:def:uom:OGC:scale</gml:identifier>
					<gml:name>scale</gml:name>
					<gml:quantityType>scale</gml:quantityType>
				</gml:UnitDefinition>
			</gml:dictionaryEntry>
			<gml:dictionaryEntry>
				<gml:ConventionalUnit gml:id="ratio">
					<gml:identifier codeSpace="urn:x-ogc:tc:arch:doc-rp(05-010)">urn:x-ogc:def:uom:OGC:ratio</gml:identifier>
					<gml:name>ratio</gml:name>
					<gml:quantityType>scale</gml:quantityType>
					<gml:catalogSymbol>1</gml:catalogSymbol>
					<gml:conversionToPreferredUnit uom="scale">
						<gml:factor>1</gml:factor>
					</gml:conversionToPreferredUnit>
				</gml:ConventionalUnit>
			</gml:dictionaryEntry>
			<gml:dictionaryEntry>
				<gml:ConventionalUnit gml:id="percent">
					<gml:identifier codeSpace="urn:x-ogc:tc:arch:doc-rp(05-010)">urn:x-ogc:def:uom:OGC:percent</gml:identifier>
					<gml:name>percent</gml:name>
					<gml:name codeSpace="http://aurora.regenstrief.org/~schadow/units/UCUM/ucum.html">%</gml:name>
					<gml:quantityType>scale</gml:quantityType>
					<gml:catalogSymbol>%</gml:catalogSymbol>
					<gml:conversionToPreferredUnit uom="scale">
						<gml:factor>0.01</gml:factor>
					</gml:conversionToPreferredUnit>
				</gml:ConventionalUnit>
			</gml:dictionaryEntry>
			<gml:dictionaryEntry>
				<gml:ConventionalUnit gml:id="ppm">
					<gml:identifier codeSpace="urn:x-ogc:tc:arch:doc-rp(05-010)">urn:x-ogc:def:uom:OGC:ppm</gml:identifier>
					<gml:name>parts per million</gml:name>
					<gml:name codeSpace="http://aurora.regenstrief.org/~schadow/units/UCUM/ucum.html">[ppm]</gml:name>
					<gml:quantityType>scale</gml:quantityType>
					<gml:catalogSymbol>ppm</gml:catalogSymbol>
					<gml:conversionToPreferredUnit uom="scale">
						<gml:factor>1.e-6</gml:factor>
					</gml:conversionToPreferredUnit>
				</gml:ConventionalUnit>
			</gml:dictionaryEntry>
			<gml:dictionaryEntry>
				<gml:ConventionalUnit gml:id="ppb">
					<gml:identifier codeSpace="urn:x-ogc:tc:arch:doc-rp(05-010)">urn:x-ogc:def:uom:OGC:ppb</gml:identifier>
					<gml:name>parts per billiion</gml:name>
					<gml:name codeSpace="http://aurora.regenstrief.org/~schadow/units/UCUM/ucum.html">[ppb]</gml:name>
					<gml:quantityType>scale</gml:quantityType>
					<gml:catalogSymbol>ppb</gml:catalogSymbol>
					<gml:conversionToPreferredUnit uom="scale">
						<gml:factor>1.e-9</gml:factor>
					</gml:conversionToPreferredUnit>
				</gml:ConventionalUnit>
			</gml:dictionaryEntry>
			<!-- Viscosity -->
			<gml:dictionaryEntry>
				<gml:DerivedUnit gml:id="kappa">
					<gml:identifier codeSpace="urn:x-ogc:tc:arch:doc-rp(05-010)">urn:x-ogc:def:uom:OGC:kappa</gml:identifier>
					<gml:name>kappa</gml:name>
					<gml:quantityType>kinematic viscosity </gml:quantityType>
					<gml:catalogSymbol>k</gml:catalogSymbol>
					<gml:derivationUnitTerm uom="#Pa" exponent="1"/>
					<gml:derivationUnitTerm uom="#m" exponent="-3"/>
				</gml:DerivedUnit>
			</gml:dictionaryEntry>
			<gml:dictionaryEntry>
				<gml:DerivedUnit gml:id="Pas">
					<gml:identifier codeSpace="urn:x-ogc:tc:arch:doc-rp(05-010)">urn:x-ogc:def:uom:OGC:Pas</gml:identifier>
					<gml:name>poiseuille</gml:name>
					<gml:quantityType>dynamic viscosity</gml:quantityType>
					<gml:catalogSymbol> Pa.s</gml:catalogSymbol>
					<gml:derivationUnitTerm uom="#Pa" exponent="1"/>
					<gml:derivationUnitTerm uom="#s" exponent="1"/>
				</gml:DerivedUnit>
			</gml:dictionaryEntry>
			<gml:dictionaryEntry>
				<gml:ConventionalUnit gml:id="Poise">
					<gml:identifier codeSpace="urn:x-ogc:tc:arch:doc-rp(05-010)">urn:x-ogc:def:uom:OGC:Poise</gml:identifier>
					<gml:name>Poise</gml:name>
					<gml:name codeSpace="http://aurora.regenstrief.org/~schadow/units/UCUM/ucum.html">P</gml:name>
					<gml:quantityType>dynamic viscosity</gml:quantityType>
					<gml:catalogSymbol>P</gml:catalogSymbol>
					<gml:conversionToPreferredUnit uom="#Pa.s">
						<gml:factor>0.1</gml:factor>
					</gml:conversionToPreferredUnit>
					<gml:derivationUnitTerm uom="#cm" exponent="-1"/>
					<gml:derivationUnitTerm uom="#g" exponent="1"/>
					<gml:derivationUnitTerm uom="#s" exponent="1"/>
				</gml:ConventionalUnit>
			</gml:dictionaryEntry>
			<gml:dictionaryEntry>
				<gml:ConventionalUnit gml:id="slug_fts">
					<gml:identifier codeSpace="urn:x-ogc:tc:arch:doc-rp(05-010)">urn:x-ogc:def:uom:OGC:slug_fts</gml:identifier>
					<gml:name>slugs/foot-second</gml:name>
					<gml:quantityType>dynamic viscosity</gml:quantityType>
					<gml:catalogSymbol>slug/fts</gml:catalogSymbol>
					<gml:conversionToPreferredUnit uom="#Pa.s">
						<gml:factor>47.9</gml:factor>
					</gml:conversionToPreferredUnit>
					<gml:derivationUnitTerm uom="#slug" exponent="1"/>
					<gml:derivationUnitTerm uom="#ft" exponent="-1"/>
					<gml:derivationUnitTerm uom="#s" exponent="-1"/>
				</gml:ConventionalUnit>
			</gml:dictionaryEntry>
			<!-- Electromagnetism -->
			<gml:dictionaryEntry>
				<gml:ConventionalUnit gml:id="gauss">
					<gml:identifier codeSpace="urn:x-ogc:tc:arch:doc-rp(05-010)">urn:x-ogc:def:uom:OGC:gauss</gml:identifier>
					<gml:name>Gauss</gml:name>
					<gml:name codeSpace="http://aurora.regenstrief.org/~schadow/units/UCUM/ucum.html">G</gml:name>
					<gml:quantityType>magnetic flux density</gml:quantityType>
					<gml:conversionToPreferredUnit uom="#T">
						<gml:factor>1.e-4</gml:factor>
					</gml:conversionToPreferredUnit>
				</gml:ConventionalUnit>
			</gml:dictionaryEntry>
			<gml:dictionaryEntry>
				<gml:ConventionalUnit gml:id="mV">
					<gml:identifier codeSpace="urn:x-ogc:tc:arch:doc-rp(05-010)">urn:x-ogc:def:uom:OGC:mV</gml:identifier>
					<gml:name>millivolt</gml:name>
					<gml:name codeSpace="http://aurora.regenstrief.org/~schadow/units/UCUM/ucum.html">mV</gml:name>
					<gml:quantityType>electric potential difference, electromotive force</gml:quantityType>
					<gml:conversionToPreferredUnit uom="#V">
						<gml:factor>1.e-3</gml:factor>
					</gml:conversionToPreferredUnit>
				</gml:ConventionalUnit>
			</gml:dictionaryEntry>
			<gml:dictionaryEntry>
				<gml:ConventionalUnit gml:id="uV">
					<gml:identifier codeSpace="urn:x-ogc:tc:arch:doc-rp(05-010)">urn:x-ogc:def:uom:OGC:uV</gml:identifier>
					<gml:name>microvolt</gml:name>
					<gml:name codeSpace="http://aurora.regenstrief.org/~schadow/units/UCUM/ucum.html">uV</gml:name>
					<gml:quantityType>electric potential difference, electromotive force</gml:quantityType>
					<gml:conversionToPreferredUnit uom="#V">
						<gml:factor>1.e-6</gml:factor>
					</gml:conversionToPreferredUnit>
				</gml:ConventionalUnit>
			</gml:dictionaryEntry>
		</gml:Dictionary>
	</gml:dictionaryEntry>
	<!-- Added for OWS3-SWE by Mark Priest, commented out by by Simon Cox -->
					<!-- Relative humidity is grams of water per cubic meter of air divided by the maximum saturation value of air in grams per cubic meter at the current temperature -->
					<!-- the uom is just percent. the phenomenon is relative humidity. This definition conflates the two and is thus incorrect - use #percent instead 
			<gml:dictionaryEntry>
				<gml:ConventionalUnit gml:id="RelHum">
					<gml:name>RelHumPercent</gml:name>
					<gml:identifier codeSpace="urn:x-ogc:tc:arch:doc-rp(05-010)">urn:x-ogc:def:uom:OGC:RelHum</gml:name>
					<gml:quantityType>concentration</gml:quantityType>
					<gml:catalogSymbol codeSpace="unknown">RH%</gml:catalogSymbol>
					<gml:derivationUnitTerm uom="#g" exponent="1"/>
					<gml:derivationUnitTerm uom="#m" exponent="-3"/>
					<gml:derivationUnitTerm uom="#g" exponent="-1"/>
					<gml:derivationUnitTerm uom="#m" exponent="3"/>
				</gml:ConventionalUnit>
			</gml:dictionaryEntry>
			 -->
</gml:Dictionary>