<?xml version="1.0" encoding="UTF-8"?>
<om:Observation gml:id="timeSeries2" xmlns:cv="http://www.opengis.net/cv/0.2" xmlns:swe="http://www.opengis.net/swe/1.0" xmlns:om="http://www.opengis.net/om/1.0" xmlns:xsi="http://www.w3.org/2001/XMLSchema-instance" xmlns:xlink="http://www.w3.org/1999/xlink" xmlns:gml="http://www.opengis.net/gml" 
xsi:schemaLocation="http://www.opengis.net/om/1.0 ../om.xsd http://www.opengis.net/cv/0.2 http://schemas.opengis.net/cv/0.2.0/cv.xsd">
	<gml:description>Observation test instance - time series where domain objects are explicit time periods</gml:description>
	<gml:name>Time series 2</gml:name>
	<om:samplingTime>
		<gml:TimePeriod gml:id="ts2t">
			<gml:beginPosition>2005-06-17T09:00:00.00+08:00</gml:beginPosition>
			<gml:endPosition>2005-06-22T09:00:00.00+08:00</gml:endPosition>
		</gml:TimePeriod>
	</om:samplingTime>
	<om:procedure xlink:href="urn:x-ogc:object:feature:Sensor:BOM:rg23"/>
	<om:observedProperty xlink:href="urn:x-ogc:def:phenomenon:OGC:Precipitation"/>
	<om:featureOfInterest xlink:href="http://my.big.org/feature?type=station%26name=st1"/>
	<om:result>
		<cv:CV_DiscreteCoverage>
			<cv:domainExtent xlink:href="http://my.big.org/feature?type=station%26name=st1#xpointer(./boundedBy)"/>
			<cv:rangeType xlink:href="urn:x-ogc:def:phenomenon:OGC:Precipitation"/>
			<cv:element>
				<cv:CV_GeometryValuePair>
					<cv:geometry>
						<cv:CV_DomainObject>
							<cv:temporalElement>
								<gml:TimePeriod gml:id="tp1">
									<gml:beginPosition>2005-06-17T09:00:00.00+08:00</gml:beginPosition>
									<gml:endPosition>2005-06-18T09:00:00.00+08:00</gml:endPosition>
									<gml:duration>PT24H</gml:duration>
								</gml:TimePeriod>
							</cv:temporalElement>
						</cv:CV_DomainObject>
					</cv:geometry>
					<cv:value xsi:type="gml:MeasureType" uom="mm">10.1</cv:value>
				</cv:CV_GeometryValuePair>
			</cv:element>
			<cv:element>
				<cv:CV_GeometryValuePair>
					<cv:geometry>
						<cv:CV_DomainObject>
							<cv:temporalElement>
								<gml:TimePeriod gml:id="tp2">
									<gml:beginPosition>2005-06-18T09:00:00.00+08:00</gml:beginPosition>
									<gml:endPosition>2005-06-19T09:00:00.00+08:00</gml:endPosition>
									<gml:duration>PT24H</gml:duration>
								</gml:TimePeriod>
							</cv:temporalElement>
						</cv:CV_DomainObject>
					</cv:geometry>
					<cv:value xsi:type="gml:MeasureType" uom="mm">15.7</cv:value>
				</cv:CV_GeometryValuePair>
			</cv:element>
			<cv:element>
				<cv:CV_GeometryValuePair>
					<cv:geometry>
						<cv:CV_DomainObject>
							<cv:temporalElement>
								<gml:TimePeriod gml:id="tp3">
									<gml:beginPosition>2005-06-19T09:00:00.00+08:00</gml:beginPosition>
									<gml:endPosition>2005-06-20T09:00:00.00+08:00</gml:endPosition>
									<gml:duration>PT24H</gml:duration>
								</gml:TimePeriod>
							</cv:temporalElement>
						</cv:CV_DomainObject>
					</cv:geometry>
					<cv:value xsi:type="gml:MeasureType" uom="mm">20.2</cv:value>
				</cv:CV_GeometryValuePair>
			</cv:element>
			<cv:element>
				<cv:CV_GeometryValuePair>
					<cv:geometry>
						<cv:CV_DomainObject>
							<cv:temporalElement>
								<gml:TimePeriod gml:id="tp4">
									<gml:beginPosition>2005-06-20T09:00:00.00+08:00</gml:beginPosition>
									<gml:endPosition>2005-06-21T09:00:00.00+08:00</gml:endPosition>
									<gml:duration>PT24H</gml:duration>
								</gml:TimePeriod>
							</cv:temporalElement>
						</cv:CV_DomainObject>
					</cv:geometry>
					<cv:value xsi:type="gml:MeasureType" uom="mm">27.5</cv:value>
				</cv:CV_GeometryValuePair>
			</cv:element>
			<cv:element>
				<cv:CV_GeometryValuePair>
					<cv:geometry>
						<cv:CV_DomainObject>
							<cv:temporalElement>
								<gml:TimePeriod gml:id="tp5">
									<gml:beginPosition>2005-06-21T09:00:00.00+08:00</gml:beginPosition>
									<gml:endPosition>2005-06-22T09:00:00.00+08:00</gml:endPosition>
									<gml:duration>PT24H</gml:duration>
								</gml:TimePeriod>
							</cv:temporalElement>
						</cv:CV_DomainObject>
					</cv:geometry>
					<cv:value xsi:type="gml:MeasureType" uom="mm">45.2</cv:value>
				</cv:CV_GeometryValuePair>
			</cv:element>
		</cv:CV_DiscreteCoverage>
	</om:result>
</om:Observation>
